variable,Ant,Ant,Ant,Ant,Ant,GHG,GHG,GHG,GHG,GHG,Nat,Nat,Nat,Nat,Nat,OHF,OHF,OHF,OHF,OHF,Tot,Tot,Tot,Tot,Tot,aerosol-cloud_interactions,aerosol-cloud_interactions,aerosol-cloud_interactions,aerosol-cloud_interactions,aerosol-cloud_interactions,aerosol-radiation_interactions,aerosol-radiation_interactions,aerosol-radiation_interactions,aerosol-radiation_interactions,aerosol-radiation_interactions,bc_snow,bc_snow,bc_snow,bc_snow,bc_snow,ch4,ch4,ch4,ch4,ch4,co2,co2,co2,co2,co2,contrails,contrails,contrails,contrails,contrails,h2o_strat,h2o_strat,h2o_strat,h2o_strat,h2o_strat,halogen,halogen,halogen,halogen,halogen,land_use,land_use,land_use,land_use,land_use,n2o,n2o,n2o,n2o,n2o,o3,o3,o3,o3,o3,solar,solar,solar,solar,solar,volcanic,volcanic,volcanic,volcanic,volcanic
percentile,5,17,83,95,50,5,17,83,95,50,5,17,83,95,50,5,17,83,95,50,5,17,83,95,50,5,17,83,95,50,5,17,83,95,50,5,17,83,95,50,5,17,83,95,50,5,17,83,95,50,5,17,83,95,50,5,17,83,95,50,5,17,83,95,50,5,17,83,95,50,5,17,83,95,50,5,17,83,95,50,5,17,83,95,50,5,17,83,95,50
Year,,,,,,,,,,,,,,,,,,,,,,,,,,,,,,,,,,,,,,,,,,,,,,,,,,,,,,,,,,,,,,,,,,,,,,,,,,,,,,,,,,,,,,,,,,
1750,0.0,0.0,0.0,0.0,0.0,0.0,0.0,0.0,0.0,0.0,0.017062400799108386,0.01989306817138849,0.028786187910581594,0.03260667451597495,0.024230432781637126,0.0,0.0,0.0,0.0,0.0,0.017062400799108386,0.01989306817138849,0.028786187910581594,0.03260667451597495,0.024230432781637126,0.0,0.0,0.0,0.0,0.0,0.0,0.0,0.0,0.0,0.0,0.0,0.0,0.0,0.0,0.0,0.0,0.0,0.0,0.0,0.0,0.0,0.0,0.0,0.0,0.0,0.0,0.0,0.0,0.0,0.0,0.0,0.0,0.0,0.0,0.0,0.0,0.0,0.0,0.0,0.0,0.0,0.0,0.0,0.0,0.0,0.0,0.0,0.0,0.0,0.0,0.0,0.0,0.0,0.0,0.0,0.003858874257580742,0.00545039319841385,0.010387519270702281,0.012262465607658733,0.007871125190975655,0.01124022187093569,0.01328435421454265,0.019618616568112833,0.022301004947561067,0.01635772295116825
1751,0.00012569514620211213,0.0001948476238939061,0.00103102539658419,0.0018163396804985693,0.00043797909702698336,0.00012402817321082978,0.00014026935732835375,0.00018298275199329944,0.00020132523167222914,0.00016328473746475634,0.0444503039706043,0.05159952491942199,0.07387043270462766,0.08239337415383167,0.06255341148053772,-3.358395371833141e-05,3.5994497503108e-05,0.0008667083024068642,0.0016520882362127502,0.0002754573032930205,0.04489341995742346,0.05213605062044823,0.07457950340572234,0.08317186118008989,0.06317235226819792,2.5566297568663238e-05,5.3337970365220184e-05,0.0008806068460852083,0.0016761562589322808,0.00029762724046952663,-2.5382493874571554e-05,3.1879189084392103e-06,0.00010211429895824796,0.0001373689898688442,5.0825958346492226e-05,-7.13291848614951e-05,-5.0887303882627824e-05,-1.131120258394235e-05,-5.353080574865549e-08,-2.9547131432432914e-05,2.983371762173825e-05,3.42436281546278e-05,4.815741327656667e-05,5.410349335704734e-05,4.1185199171620073e-05,8.737127529452604e-05,9.89592638038242e-05,0.00013053721334654078,0.0001440867002356891,0.0001156206763323263,0.0,0.0,0.0,0.0,0.0,-1.7858832217793026e-08,1.0939749420745003e-06,4.468796065261827e-06,5.766021802789862e-06,2.7685509546178307e-06,3.023268648901924e-11,4.40072789731967e-11,8.713721937996921e-11,1.0563135384465876e-10,6.46526057138964e-11,-2.1929255478379926e-05,-1.6508511300822958e-05,-2.9480932512678004e-06,7.973842157350115e-07,-9.589910328674467e-06,4.548379049001921e-06,5.1642434977176505e-06,6.909083509399349e-06,7.69381653833846e-06,6.054106555577483e-06,-5.695195025426596e-05,-4.7466586865702664e-05,-2.506434355330471e-05,-1.7498350072197034e-05,-3.5403499968625135e-05,0.009093032749657302,0.012792695387156654,0.024197709739752625,0.028366611891747332,0.018426933887259456,0.03050593714092889,0.035897748341590624,0.05268612803807381,0.05910657056671021,0.04410568355436377
1752,0.0004924784365581778,0.0007043948050801574,0.0031914578079976497,0.005720529753672243,0.0014336254593423628,0.0004414319866033146,0.0004948450283086772,0.0006450404145015879,0.000702025785677099,0.0005777622061115986,0.05906583082660698,0.0684602692474366,0.09799652337022562,0.10856657392894305,0.08321270472166556,-6.894216901085572e-05,0.0001430742153704201,0.0026014748416034366,0.005148557115642418,0.000862382372744597,0.060535690705143745,0.0701574209587582,0.10040123684947354,0.11123669817169275,0.0851615934155382,7.491364496296908e-05,0.00015658881301582557,0.0026042842783677404,0.005181825679829183,0.0008913325320493695,-6.144657490141182e-05,2.5644543643426548e-05,0.00032556609904602025,0.0004320628860569176,0.0001709874766299651,-0.00020267442945908938,-0.00014501169174846687,-3.237174360888406e-05,-1.5784774203894654e-07,-8.470498171803483e-05,0.00010589448740663655,0.00012115149978309165,0.00016945488503257957,0.00018801976459560782,0.00014546901837092778,0.0003104742795926797,0.00034916541758257255,0.0004601744610051406,0.0005017535081576555,0.00040881485943702265,0.0,0.0,0.0,0.0,0.0,-5.886805267987711e-08,3.8641808045175266e-06,1.5729615347188827e-05,2.0226454915934915e-05,9.780636074901613e-06,1.0684313537579766e-10,1.5557156783251907e-10,3.067445198875325e-10,3.697955569840622e-10,2.282053836943381e-10,-7.682405926005976e-05,-5.8230278850637076e-05,-1.0737853931234427e-05,2.4236057036827784e-06,-3.407600587969287e-05,1.6188595956750798e-05,1.824551598004229e-05,2.4359195547885432e-05,2.6728964540150555e-05,2.139379710552377e-05,-0.00013871654336992936,-0.00011607151105922183,-6.171717614425514e-05,-4.316820443558413e-05,-8.697391922258325e-05,0.010016267785459445,0.014159279536123521,0.026951110306336148,0.03161826678754507,0.02045570132552423,0.04322353354983437,0.050771548845458044,0.07463576607265081,0.08344023565191129,0.0626030594757396
1753,0.0010033467712043382,0.001309682446657045,0.004737476812050576,0.008196564318346733,0.002317529234923744,0.000868194802024064,0.0009673084455653275,0.001265417435523591,0.0013575932524991414,0.0011360698182230778,0.055201786412462865,0.06459821592383101,0.09518530700715672,0.10638586352537314,0.07982600316402878,-7.426430933288272e-05,0.00020941633794010776,0.0035732008962716666,0.007066742941195979,0.0011963526876619989,0.057639314266799364,0.06717401381628398,0.09872999244271077,0.1104360223698767,0.08284490494598333,0.00010281885447827582,0.0002142186706480335,0.0035720361605023577,0.007122109441208931,0.001220219666617577,-8.227853498009213e-05,3.784990038340998e-05,0.00044922633126138464,0.0005941750259780231,0.00023765035905600254,-0.00027602921665198716,-0.00019742599350766667,-4.405808283197305e-05,-2.191083020974476e-07,-0.00011535880017530483,0.000208349953286241,0.0002376052879875411,0.0003318803537308369,0.0003650691348163231,0.0002854841729433759,0.0006100600786864344,0.0006822181856025856,0.0009024727242156811,0.000970997613962503,0.0008038629982770546,0.0,0.0,0.0,0.0,0.0,-1.0800599991175981e-07,7.58046257646285e-06,3.082803403300069e-05,3.9553492574751616e-05,1.918322249784847e-05,2.0985702094483128e-10,3.050296624226246e-10,5.997926026991309e-10,7.225702845483102e-10,4.470797544373309e-10,-0.00015046598934898814,-0.00011419034408281492,-2.185902789057826e-05,3.844440948907688e-06,-6.724208577370412e-05,3.179875625212934e-05,3.5722380521125055e-05,4.77223497231698e-05,5.183222102872066e-05,4.2059201434195684e-05,-0.00014743105905429222,-0.00012343707207912279,-6.537772419273842e-05,-4.55065611072341e-05,-9.247942732632303e-05,0.00816755721064541,0.01160864108191686,0.022807765726944557,0.02700986319221298,0.016957051144550747,0.042448097866617684,0.05013928415070994,0.07537931447964082,0.08475960152139073,0.062564312825215
1754,0.0015529743542222973,0.0018594997284050528,0.0045043703119224746,0.00679286154168556,0.002639839571577815,0.0013602664455181445,0.0015152916799201362,0.001993937711237624,0.0021272238303598205,0.0017895601339190626,0.029027278914618482,0.036161363760734144,0.06341903792377158,0.0725525961476425,0.05082359735122744,-7.250489119583242e-05,0.00012419169141575885,0.0026789054202475972,0.004969490142314337,0.0008643500345309773,0.031516566490657656,0.03892928512300957,0.06712503952921371,0.07669984655360233,0.05403253727444035,7.238394976910439e-05,0.00015493919151369286,0.002689306247006555,0.005023573992170479,0.0008963317092944148,-8.701034646238738e-05,-1.094937456487497e-06,0.0003003257682529739,0.00041201427187824126,0.0001418749197493165,-0.0002210175407799689,-0.0001575686033330862,-3.479941780038565e-05,-1.6060871278740757e-07,-9.097953580523659e-05,0.00032692503812781063,0.0003727941214235411,0.000522520955734569,0.0005734021344603262,0.000449346699153799,0.0009577341958642412,0.0010694950889177971,0.0014211790542271847,0.0015231066774778039,0.00126567759106036,0.0,0.0,0.0,0.0,0.0,-1.68928879229765e-07,1.1896811040274971e-05,4.8479926546450215e-05,6.224384142446537e-05,3.0155726260733415e-05,3.3001526231296433e-10,4.799002247103485e-10,9.435463701617466e-10,1.1370006860825089e-09,7.033032497335093e-10,-0.00023683031548848903,-0.000179836746094499,-3.5754262857206735e-05,4.530255522779803e-06,-0.00010668166350770485,4.979316058776579e-05,5.596627101128133e-05,7.51416539084579e-05,8.13717151831453e-05,6.625055994624306e-05,-2.5873089903238914e-05,-1.801217599482131e-05,1.529320491805403e-06,1.6869533428444066e-05,-6.9738885886788435e-06,0.004215910686154293,0.0062205521725372465,0.014455313329792892,0.01758350692271942,0.010122557793780157,0.023172856761215537,0.028878539779436965,0.050493895038511025,0.05812124870733063,0.04021051500579738
1755,0.0021593576766732007,0.002505102186890406,0.004224958664221358,0.0057136334195751,0.003102972573085633,0.0018968736124045523,0.002111601424291334,0.0028054220546101694,0.003002942413092422,0.002511054444019044,0.012392323793289478,0.02014865809718871,0.043162559190506974,0.05043150529220589,0.032138559025333205,-5.901692054418434e-06,0.00014460007616659727,0.0016427286140401542,0.003096822379637175,0.0005592155321558147,0.015130221175239603,0.023114821632065106,0.04704012550885305,0.05467264238522092,0.03556410902048861,3.5754634003523465e-05,8.470278177283404e-05,0.0015612971104013852,0.003045848895473737,0.0004866195111110839,-4.157181337902692e-05,7.5921137907505745e-06,0.0001855236620205326,0.0002639856394198372,8.631026493673319e-05,-0.000126460393256164,-8.812684940927137e-05,-1.731347473156014e-05,-5.588588304901379e-08,-4.6912205662892255e-05,0.00045611155629136316,0.0005214929736382387,0.0007352612952421081,0.0008074301727200901,0.0006305083585906078,0.0013363331785320677,0.0014927985088440847,0.002001228407641169,0.002147788741284353,0.0017760221947175979,0.0,0.0,0.0,0.0,0.0,-2.3880084338594446e-07,1.665012800989692e-05,6.808741841962272e-05,8.747326590269626e-05,4.226926911431392e-05,4.6241060865352045e-10,6.739019406201161e-10,1.3273120483424403e-09,1.5982138169073688e-09,9.865796977357625e-10,-0.00033249401197883304,-0.00025277639055742155,-5.223351347546029e-05,4.390813438070237e-06,-0.00015078040641330553,6.943220404338677e-05,7.824258631664522e-05,0.00010569424228162886,0.00011467939060351748,9.295906722983624e-05,6.334822788668525e-05,9.074560466686396e-05,0.00017482709677710747,0.0002125822551029942,0.00012903093720958053,-0.0027866007098698875,-6.471297626107804e-05,0.004793116790218704,0.006520781549770132,0.002417511537187991,0.0144188979311837,0.019881793742018213,0.03882617143819391,0.04519238148643662,0.029458402481252137
1756,0.002848057767702129,0.0033146497719332567,0.005668902098804345,0.00782162492156979,0.0041331907677893895,0.0024689562786569855,0.0027473210047030392,0.0036888480624375514,0.0039678761890816,0.0032877105390327803,0.005433590641914686,0.011692796371327476,0.03249109956486351,0.039519295355230744,0.02167651313573077,1.2941817535893729e-05,0.00022182648646602358,0.0022594550552140994,0.004420732414728905,0.0008034059443426281,0.009210620846537928,0.015703941484338856,0.03767336480009796,0.04524606001989517,0.026170171213757924,5.658115975783185e-05,0.00012365104024830034,0.00212278181036197,0.004354373655614627,0.0007008809284675874,-4.3579608130676944e-05,2.9035521139369908e-05,0.0002744125096713619,0.00037494280304026614,0.0001450792362758877,-0.0001609359418066194,-0.00011339838164473415,-2.442435050041761e-05,-1.0284391870229025e-07,-6.373774122924555e-05,0.0005936918951699299,0.0006799972651309966,0.0009655636469036846,0.0010641300060287037,0.0008255958128082889,0.001738896270080177,0.0019441677929001137,0.002629435860876064,0.002837216000840189,0.002325462160020493,0.0,0.0,0.0,0.0,0.0,-3.154459981923365e-07,2.1783017558960204e-05,8.927833391543803e-05,0.00011481292059638829,5.530875087781437e-05,6.052695638132983e-10,8.800967488919624e-10,1.7413689932123239e-09,2.100735761831834e-09,1.2920772445099546e-09,-0.0004362806696781266,-0.00033157061005180145,-7.097051421270953e-05,3.797821811106518e-06,-0.00019918010541927056,9.037538030916705e-05,0.00010185015862378314,0.00013895396838611209,0.000151228741771772,0.00012175569913700944,7.980514203915122e-05,0.00011462525827362629,0.000215627693256521,0.00025667088777244857,0.00016154991630677517,-0.00995136745423409,-0.0070086058319435525,-0.0023603495191821594,-0.0011137270112568363,-0.004194740484066328,0.013306295812547294,0.018154612010249187,0.03554083740285616,0.04192765383435387,0.026071367339617933
1757,0.003394964832922826,0.003877672373160033,0.005777796715082963,0.007344116693171478,0.004745651124538291,0.0030677982894572976,0.003411598104067268,0.0046367335441455035,0.005008950323473243,0.0041095869420458885,0.009821043241600722,0.01525373488894004,0.03592370890010445,0.044056830238025195,0.024172893436605503,4.138954397441966e-05,0.0002147627120870478,0.0013714324393228005,0.0030217827218024487,0.0005506323481321502,0.014079562614122916,0.019514084887534797,0.04148759352569173,0.05005816288410614,0.02901253125912021,-1.2764401430476427e-05,3.0198726247922475e-05,0.0010506478077512082,0.0027275856595907915,0.00021579654607640461,2.5666163551968e-05,7.086018998896856e-05,0.00021122473379193169,0.0002797204995765702,0.00013241250654861977,-4.460586304263417e-05,-2.763219724103169e-05,1.7318259412369535e-06,1.4333517638418894e-05,-9.979852485156557e-06,0.0007380369160099159,0.0008458224803820962,0.0012116170421364344,0.0013399750333792102,0.0010320091366797807,0.0021606004231253598,0.002416660085207362,0.0033051219909721007,0.0035827437987622094,0.002905629137666045,0.0,0.0,0.0,0.0,0.0,-3.9778082104691934e-07,2.7241161346068852e-05,0.00011171387866098858,0.00014379856130043836,6.912603963498774e-05,7.541033689315556e-10,1.0997276370203975e-09,2.181593542859561e-09,2.641442229197943e-09,1.6138643265390888e-09,-0.0005474145252487498,-0.00041576363101146653,-9.175696885631411e-05,2.624157512339905e-06,-0.0002510567214737096,0.0001122615474275958,0.0001265579536718907,0.0001746501817464266,0.00019081824898712252,0.0001522367912390501,0.00016212392397303872,0.00023191171177735104,0.00043460859120337115,0.0005178909119440006,0.00032644283422912895,-0.0133855828244847,-0.010775391621300421,-0.005152391755247702,-0.0036292868216726243,-0.007676214198989471,0.019883969803406207,0.024127749774079464,0.04264209634181088,0.050263645765257374,0.03224175676878899
1758,0.002889428828079886,0.00392039649371544,0.0061534927678389,0.006854572154571364,0.005125378693257715,0.0036915322545268132,0.0040926959763893205,0.005638404822486036,0.006124099366120797,0.004969697557676046,0.033566448877705005,0.040579613291068656,0.0671244845872018,0.07835819964998401,0.052325923892365026,-0.0016874807429684113,-0.0006110622292644515,0.0007732219358275616,0.0011174848317280263,0.000310776933699899,0.037720279897439646,0.044912674128322554,0.0727446254669995,0.08444412048963515,0.05733075489357725,-0.0022277099981426254,-0.0011451161065806198,-8.710190333637846e-06,0.0002653372898838353,-0.00012351080304438204,-3.484342257813598e-05,3.289475977724256e-05,0.0002000978726101666,0.00026519557472687045,0.00011550723451189061,1.3610708247868005e-07,3.024624780094566e-05,0.0001379185066784349,0.00019634579668929259,7.905217027295321e-05,0.0008882123638149934,0.0010175572825861907,0.0014716030854210042,0.0016327337756979418,0.0012474322336296665,0.00259711801658499,0.0029047395394512002,0.004019115202947279,0.004375544171335952,0.003513805758875396,0.0,0.0,0.0,0.0,0.0,-4.852056516305267e-07,3.292872844614853e-05,0.00013529135440566703,0.00017455907693764928,8.355779638746216e-05,9.088397615959019e-10,1.3258689319032095e-09,2.6484639925349868e-09,3.2088319837250872e-09,1.9514299565838466e-09,-0.0006634385786626954,-0.000503426428971201,-0.00011446658872751665,3.7344560966483447e-07,-0.00030612090120847504,0.00013500312363088466,0.00015213233854826765,0.00021242943276675446,0.00023278076389843442,0.00018410439113188178,0.0002934087954616606,0.0004195421933150193,0.0007868932563938863,0.000938915457869467,0.0005912883448227031,-0.008514409704929348,-0.006575805162788031,-0.002816911727295639,-0.0019164487534891934,-0.0044076530706689595,0.038813824696566836,0.045571537593087116,0.07124334617711496,0.08197791083016658,0.0573669231974456
1759,0.0033215948725526874,0.004446216551403332,0.0070595409988594305,0.007869259971484802,0.005850992894663105,0.00433144500545388,0.004797499148288656,0.006693998985145917,0.007297607554610151,0.005863135667396846,0.05383241536151573,0.06289533185998938,0.09594204822167542,0.10965615341200628,0.07825386370006807,-0.002088276655259482,-0.0008796642262077352,0.0007145642539705553,0.00103985660560109,0.00019042800616370635,0.058604395744497016,0.06775396839256097,0.10240672684203683,0.11660745804834277,0.08403580786395029,-0.0026624165909480066,-0.0014408135188555674,-7.279246043968936e-05,-2.695009174238419e-05,-0.0002769424324289572,-7.851681280302305e-05,-5.65539785272217e-06,0.00019327107739448664,0.0002676055629914331,9.373640049736749e-05,1.7744782019397335e-07,3.631066149617428e-05,0.00016277078345290424,0.0002276754818776882,9.479640965325274e-05,0.0010414205541608836,0.0011945381022643467,0.0017435061995371855,0.0019419308406018448,0.001470891863998011,0.0030485518605737685,0.003404924475955745,0.00476911266754506,0.005213865747594754,0.004146687583929713,0.0,0.0,0.0,0.0,0.0,-5.775456732456253e-07,3.8809589537805144e-05,0.00015973253388181508,0.00020685277424443442,9.850496141942627e-05,1.0713015502356217e-09,1.5602302284170897e-09,3.1312736555644887e-09,3.806385939243165e-09,2.3009113718771294e-09,-0.0007859394245889589,-0.0005966189715849678,-0.00013935828141283476,-4.072905143406623e-06,-0.0003639636115948948,0.00015841433227806935,0.0001783671547934316,0.00025190095776258403,0.00027717298227812755,0.0002173229172312099,0.0003403499928277328,0.0004884798673193958,0.0009223770928489946,0.001103093197707153,0.0006914759546293207,0.0014793690317394426,0.0025181216881345536,0.006751857671205769,0.00869870803383337,0.004384244089032839,0.050080237648159553,0.05886637780287751,0.0905697955772276,0.10358552665521273,0.07383261310904399
1760,0.0027689829551317342,0.004323390220247591,0.007727095678736356,0.008699176145687989,0.006130578312408237,0.004990792076108563,0.005517486040097086,0.007792426361220054,0.008531516277784604,0.006786182784453166,0.05790053587314646,0.06732909923059881,0.10277867966031663,0.11745462704814975,0.08403183822143492,-0.0035476008631020696,-0.002114905884018749,0.0004865996692401727,0.000903205120623737,-0.0003110995793158584,0.06265940281567621,0.07245251521249614,0.10951026913908767,0.12483205172542206,0.09013766935608525,-0.004058234379549583,-0.002640977207196551,-0.00015447720428653526,-7.574188526460071e-05,-0.0008021979106962109,-0.00026924794095407363,-0.00017038446953453458,0.00011939518764652128,0.000214847405263456,-1.625524797298389e-05,2.2764727800042614e-07,4.589946732083851e-05,0.00020514563494158507,0.0002869013916095622,0.0001197754571474778,0.0011991236659560757,0.0013766283285748025,0.0020274737687713752,0.0022648690803338824,0.001701397989254208,0.0035106165623881263,0.003915292272497976,0.005548802200186814,0.006086934740754466,0.00479926838020844,0.0,0.0,0.0,0.0,0.0,-6.744065886468243e-07,4.49277474568883e-05,0.00018513523882593405,0.00024055335555917448,0.00011386195957067784,1.235978455316857e-09,1.801799878354506e-09,3.6329221413928215e-09,4.42661021536997e-09,2.6609326543654823e-09,-0.0009138628747756977,-0.0006941286750451821,-0.00016736121165679063,-9.580041772236994e-06,-0.00042484240013634266,0.0001823473622184126,0.00020521041333479992,0.0002931253912170581,0.0003237508513048592,0.0002515358358441468,0.00038283428575029086,0.0005482491575973372,0.001044623881772481,0.0012542697570329811,0.0007781969630258447,0.007294093538378062,0.01047167519637014,0.020368186840873884,0.024230538657817473,0.015205827016544075,0.04528327721168745,0.05359880606639286,0.0858248356100505,0.09888333125224681,0.06867535040606601
1761,0.0018089994826138963,0.004114267621480648,0.008651912701379497,0.009848165676448667,0.006609064231501226,0.005658658338234033,0.006252634022426909,0.008925635106983477,0.009816224241404239,0.007731387613717978,-0.0638361654949758,-0.043540708669973685,-0.011631810711735927,-0.0030652977795119127,-0.025603396258325844,-0.0056076177132991754,-0.0033166200535678226,0.0004533999792232935,0.0009981477662578324,-0.0006639589814228262,-0.05922260148066082,-0.03799672606237694,-0.004683509705233547,0.004478597582037818,-0.019154157433883323,-0.006201339629192793,-0.003935336785696742,-0.00023957391657963923,-0.00011791565365696872,-0.0012505143433555613,-0.0004503719648110219,-0.00030856107959255336,0.0001132548299472209,0.0002510144306818636,-8.48406929263276e-05,3.1762363034674013e-07,6.293648355312328e-05,0.0002812248246327357,0.00039382004454472703,0.00016451680148093592,0.0013591263574092435,0.0015613593531449482,0.002321973346469704,0.0026015022417922025,0.0019378313719697984,0.003980368039824756,0.004435611142474204,0.006357583738119466,0.007000665323913953,0.005470114199882402,0.0,0.0,0.0,0.0,0.0,-7.754318650937702e-07,5.118178921871996e-05,0.00021118538704900265,0.0002749766506915991,0.00012972911872601568,1.4058115369537663e-09,2.0499795411791485e-09,4.150847938837767e-09,5.064924007409788e-09,3.03336941320259e-09,-0.0010467905967494315,-0.0007967160639588579,-0.00019767966563111284,-1.5964521893924742e-05,-0.0004900249461407187,0.0002069143288734782,0.00023278594145567668,0.0003357093993396759,0.0003719741957787805,0.00028654108749436296,0.0004563806085956601,0.0006554865508311941,0.0012518362067215894,0.0015059635015576564,0.0009315254931562885,0.011036334360168662,0.015747982721029154,0.030104576444361267,0.03545598964146846,0.02278397554934972,-0.08579720944214805,-0.06453405096865693,-0.035684114454113035,-0.029240995959435055,-0.04818892903049497
1762,0.0030236203676034944,0.005167369922826384,0.00978938668131486,0.011169184385765352,0.007591526025643317,0.00634122292339552,0.0069996348833535746,0.010093921163644694,0.011154264563738562,0.008700935552299751,-0.19822581553028523,-0.1710713625747098,-0.10863019818005877,-0.08846385298779662,-0.1380201883728065,-0.005285840441635033,-0.00314027283260166,0.0005065695274286373,0.001068235351476804,-0.0006008136685337824,-0.19102545803682983,-0.16373813088202005,-0.10113231191798622,-0.08087648145609622,-0.13055480398322433,-0.005944501342346142,-0.0037724562066176947,-0.00023777291314083438,-0.00011749212501475932,-0.0011891652199694175,-0.0004175518056279541,-0.00028161797286614106,0.00012307128022501852,0.0002583902526964906,-6.660751546072782e-05,2.910938371059043e-07,6.163298971470446e-05,0.0002777631794087222,0.00038901396803241487,0.000161237636311671,0.0015231831486129492,0.0017499350273769898,0.002623253412980925,0.002948510179820756,0.002180532028822242,0.004456876573235289,0.004968105878674715,0.0071857044091228825,0.007954802391681693,0.006153060311649368,0.0,0.0,0.0,0.0,0.0,-8.802969868546009e-07,5.7559584230644605e-05,0.00023804234212027744,0.0003105376025065928,0.00014597705241392215,1.5793890433024987e-09,2.301443004153257e-09,4.6841003862443956e-09,5.717316585928112e-09,3.4129625650811157e-09,-0.0011861191861518084,-0.0009049765295633947,-0.00023116956828664743,-2.4791273246187006e-05,-0.0005589874527988327,0.0002317476442520575,0.0002608122199552477,0.0003797188592598523,0.0004219413609797407,0.00032234058418987183,0.00048598165776765455,0.0006977715230818401,0.0013482072790544735,0.001631413300471332,0.000997943247324302,0.012155773764358651,0.017331522798464366,0.033439225406005774,0.039536058535911495,0.0252187496685422,-0.22377498523091863,-0.1967947701147673,-0.13368904624537944,-0.11339435761102516,-0.16387236961197907
1763,0.004811076429227649,0.00654602134660171,0.010973375384610986,0.012486524805096044,0.008712805170460303,0.007033269655810118,0.007761302441603656,0.01129100903807714,0.012531539458944462,0.009685751076001309,-0.15356575460016716,-0.13437771846735222,-0.08418216831979121,-0.06813811457615365,-0.10827312562594393,-0.004324083114090186,-0.002495185623193512,0.0005023757061373223,0.0010525421907252757,-0.0004851954323122263,-0.1448507315584163,-0.12557500351100526,-0.07581661083434107,-0.05991080581576134,-0.09948309785656138,-0.004889155522546017,-0.003056383109025783,-0.0002011223088508906,-9.804679297811476e-05,-0.0009664558602400981,-0.00035233596305627905,-0.000239352218472979,8.819807089684738e-05,0.00019870559814953335,-6.538092191518567e-05,2.0941892691992707e-07,4.932879184910909e-05,0.0002259241875438608,0.00031796175499535737,0.00012924829394362998,0.0016884024076818378,0.0019407374686571987,0.0029323212716781543,0.00330831804045851,0.0024278005365123414,0.0049444399049721555,0.0055069454769422444,0.008039907343351221,0.008936246457460932,0.006849390222414936,0.0,0.0,0.0,0.0,0.0,-9.887058050999238e-07,6.410009229424885e-05,0.0002654653766059078,0.00034674626989868493,0.0001625695642383482,1.7561512524871317e-09,2.5622072035009414e-09,5.231335908930196e-09,6.391488992717814e-09,3.800645216161451e-09,-0.0013303169249618222,-0.0010161528954160384,-0.00026746080173947355,-3.708458656360239e-05,-0.0006300361105678639,0.000257072296453557,0.0002891518190469332,0.0004245704053148394,0.0004738077822740759,0.0003590525217232011,0.00048559505206068553,0.0006971304843683798,0.001372628521048128,0.0016735248881671646,0.0010062281739047886,0.010853696538166105,0.01556468234743486,0.030793172299066387,0.036771379311863014,0.022820872821345727,-0.1775443860687966,-0.15784932204029384,-0.10642419692060816,-0.09036173433127602,-0.13170764759252868
1764,0.00764271248067174,0.008637942078162618,0.012864397312309398,0.014459203055626944,0.010760268569364344,0.007732501650002811,0.008531314025675564,0.01252102778626595,0.01396262845088737,0.010693614917423887,-0.0770108824475685,-0.0635058406888643,-0.029885158894091452,-0.02019612623422299,-0.04644777134104213,-0.0017657474230646873,-0.0006665381387775228,0.0009990989033773184,0.0015193215231151093,0.0002783295500978679,-0.06585529563550113,-0.05232569955844033,-0.01970924652872413,-0.010309008280125301,-0.03545173513287198,-0.002384484645462337,-0.001168023828539312,-5.167748296701362e-05,9.120230397904593e-05,-0.00020235866756653545,-6.581894486391078e-05,3.629453268545013e-06,0.00017446978944272204,0.0002453879157241806,8.820474074127946e-05,9.377739296886233e-08,2.960558681150362e-05,0.00014733095933871352,0.0002115546792689265,7.910967731434359e-05,0.001855985003522369,0.0021351840059896077,0.003248832652462958,0.003674693137707692,0.0026784277687698053,0.005437249119888657,0.0060578804601523146,0.008915233131277603,0.009946980565294123,0.007559214517697428,0.0,0.0,0.0,0.0,0.0,-1.1003877729993752e-06,7.063364194934835e-05,0.00029356379152053634,0.0003837761068716404,0.00017920425545087896,1.9350066403913857e-09,2.824180738498943e-09,5.785277336053132e-09,7.083273921989225e-09,4.195667159669921e-09,-0.0014803226383789732,-0.0011307025340634373,-0.0003061210996612525,-5.079570689893434e-05,-0.0007039453776548223,0.0002826768031560138,0.00031785241109106796,0.00047058822777067187,0.0005272962826132401,0.0003963836589185157,0.0004924720844478704,0.0007056789191933512,0.0014078632238631818,0.001726144905149838,0.00102409079052714,0.007446085970398727,0.010808775711497106,0.023383653832989945,0.028320308051582865,0.016513543337834502,-0.09582410204115036,-0.08156714514266587,-0.045200811653459946,-0.03266424116929918,-0.06449810130542427
1765,0.008540571650089429,0.009658489552194147,0.014452693655652568,0.01625182665783266,0.012075781941015475,0.008443010330101778,0.00931016462972685,0.013772762347796352,0.015421109515899638,0.01171242793207181,-0.022553391620219125,-0.014428563704742025,0.006360741287886611,0.018043584779322545,-0.0030759608223316502,-0.0015889075754647914,-0.00046549616476610856,0.0013825252428724026,0.0020256550352480735,0.000528132007397265,-0.009917967807056708,-0.0023002663669057137,0.019938051303346315,0.028124379033199896,0.009162945877081156,-0.002264860273943347,-0.0010284134370607168,0.00015564050837956937,0.0007075742143714918,-7.47159504414545e-05,5.513873878553199e-07,6.13629452963062e-05,0.00022784949146302538,0.00030393407632966796,0.00014049359422122737,9.369351417434291e-08,2.927764789711542e-05,0.0001426291925621741,0.00020537351347300426,7.73159872665477e-05,0.002025378378742985,0.002331922935438854,0.0035734052684455817,0.004053263116639338,0.002932937596047526,0.005935432220717223,0.006613279877330127,0.009811331543185245,0.010986460497640594,0.0082763462111838,0.0,0.0,0.0,0.0,0.0,-1.21509562262652e-06,7.730233700719549e-05,0.00032182038217725903,0.0004221949605087315,0.00019618119960085605,2.1137743847405546e-09,3.089425382982079e-09,6.348812930150499e-09,7.800349715000892e-09,4.5953107531373535e-09,-0.0016343496034432632,-0.0012468111869486595,-0.0003468136126571941,-6.611286754363585e-05,-0.0007795262718157958,0.00030852307760371377,0.0003469125880346627,0.0005177193362261816,0.0005819770946605878,0.00043411384147415486,0.0005365066771413784,0.0007692102855609298,0.0015337764998648628,0.0018810420834091846,0.0011144315382811015,0.00178669080571602,0.0041145158148051635,0.01341393011059218,0.016995265799695524,0.008488960067356086,-0.03374555897939606,-0.025274685965329294,-0.0023220930637637416,0.016266850237237514,-0.012441665499056
1766,0.00855908397670844,0.009923815490714671,0.015276304990998534,0.01734161971918399,0.012600709763335166,0.009156075422667524,0.01010128874176243,0.015047628374581831,0.01691225320661326,0.012747545772253165,-0.03020813982824701,-0.02385689286739851,-0.00831142052915485,-0.00427794880162825,-0.01601366651109356,-0.0027312810631589268,-0.001190769653813334,0.001058140469011346,0.0016987680041977195,0.00015682132714376796,-0.016737629539609663,-0.010450206925035904,0.0035875167850792826,0.006814662567583519,-0.0033976335737187823,-0.0035466906601911864,-0.0019105606190444884,-0.00014360394439447748,-7.592490632021948e-05,-0.0004600940150644839,-0.00011900136814075441,-2.9512735752601227e-05,0.00022860899321818466,0.00033265858204474487,9.603373618640334e-05,2.2447994598638056e-07,4.779988706693005e-05,0.00021871513276336868,0.0003093129509380682,0.0001247744117149536,0.0021963358387082042,0.00252999805466324,0.0039045541684488588,0.004440024832876316,0.0031910998028409476,0.006441000372223825,0.007171607496726527,0.0107227990037694,0.012053411662559506,0.00901138816516654,0.0,0.0,0.0,0.0,0.0,-1.3326033148848423e-06,8.410022028537783e-05,0.0003509011907581824,0.0004612225872006344,0.000213145740986708,2.299862086742812e-09,3.3591115507231185e-09,6.925482274617782e-09,8.52955095902749e-09,5.0036761039642216e-09,-0.001794149575361005,-0.0013690007271779244,-0.00038857027867096594,-8.309940687380307e-05,-0.0008579696059458434,0.00033462173864229415,0.00037638081867739074,0.000565814441229078,0.0006377173946122185,0.00047253906413072765,0.0006205666416169569,0.0008890749761488706,0.0017590203746089112,0.002157595072429968,0.0012831206215852065,-0.0051771034085618655,-0.0021900890505982245,0.004126400641745444,0.006520477134304013,0.0009075097851675706,-0.03417054893192088,-0.027135899460526126,-0.0065390131546317004,-0.0020004094439432345,-0.017018453308565495
1767,0.009437108290486745,0.010926983777881698,0.01687133861939659,0.019159475804828716,0.013897621680155854,0.009876108243652905,0.010896026846662583,0.016347199742022277,0.01843848815924084,0.013797137409648625,-0.05538921211198242,-0.048658571807575574,-0.030146350087561946,-0.025925060374944214,-0.03852276910262486,-0.0028612438061048065,-0.0010074471253314022,0.0013662752727528432,0.0020396110873228705,0.00045473508284674943,-0.04023671312748434,-0.03351993305389425,-0.017506082045098813,-0.013124177487985398,-0.024466758449028375,-0.0038198826680494835,-0.0018144920728210543,-9.390175127444383e-05,-2.2590775084700204e-05,-0.00026487315699544843,-5.829096433133206e-05,3.5286821464439176e-05,0.0003078361941705416,0.0004251079716591506,0.000162471673077405,2.4289577203160677e-07,5.18775332331103e-05,0.00023701630895178106,0.00033522864149408845,0.00013524801014348108,0.0023689688163821476,0.0027306401960223957,0.004239456424544702,0.004834716881153766,0.0034527547806766303,0.006950759134791162,0.007736655191497287,0.011648161169673061,0.013134175664117924,0.00975368490249227,0.0,0.0,0.0,0.0,0.0,-1.4527041923527916e-06,9.108039074030205e-05,0.00037995925659775295,0.0005009887974724646,0.00023067790384475017,2.4842300256429173e-09,3.6314923220079423e-09,7.516049037824862e-09,9.265065408174647e-09,5.4182355815219315e-09,-0.0019533946871529103,-0.001492387632736443,-0.0004319621531925955,-0.00010110263943370956,-0.0009373561034978483,0.0003610661892774973,0.0004060334083773816,0.0006146547482083073,0.0006951243357230986,0.0005114042722349246,0.0006750970921262368,0.0009649615427157392,0.00191644541241516,0.0023506987013830315,0.001394463605538476,-0.009527075601436286,-0.006671321329569433,-0.0008443373089707524,0.0009112120293799216,-0.0035499927221105056,-0.05358745692867558,-0.0462312360535304,-0.02483556420574584,-0.020150600706624812,-0.034618675126559126
1768,0.007833270789360624,0.010429988380640381,0.017531373042028536,0.020209287593636188,0.013857703249111423,0.01060012616477521,0.011697671833445278,0.01767089198766739,0.019993700191479297,0.014853505771255274,-0.022287096283621275,-0.018010134170182285,-0.004432056462192764,-0.0009961490321720135,-0.012102330581367149,-0.005825081268606433,-0.0032501799452485875,0.0011538631417528976,0.0019974460291669973,-0.00028975964460680717,-0.007603606818839456,-0.0032976436830429875,0.00776124897755718,0.011456078819628712,0.0020718694230349526,-0.007011632820778283,-0.004365497941417534,-0.0003152650132250214,-0.0001626133003598514,-0.0012613319699230695,-0.0003481021753040031,-0.00018106413016753394,0.000332285768324997,0.0005137753292109412,8.015026181176126e-05,4.499053514796442e-07,8.977219567470363e-05,0.00040450347000596,0.0005661770626138207,0.00023419655942448725,0.0025425430820114584,0.0029331944564457884,0.004579302542765436,0.005236756958686789,0.0037172198157553026,0.007463995356411318,0.008305085432901555,0.012589673617951673,0.01424210785096599,0.010505327411405665,0.0,0.0,0.0,0.0,0.0,-1.5752093009427926e-06,9.811834840684129e-05,0.000409616726574941,0.0005409285072386524,0.00024849073270987647,2.6747118658594217e-09,3.904333336244571e-09,8.11535053328756e-09,1.0012721878600095e-08,5.834918476517639e-09,-0.002116580830896004,-0.0016202308797851523,-0.0004785282761454091,-0.00011995396600405382,-0.0010195656495212977,0.00038775464597319337,0.0004360819419564623,0.0006645241420925802,0.0007535753204316395,0.0005508149799336342,0.0008087870046536562,0.0011618216196766454,0.00228387542196455,0.0027999862871135777,0.001670045746898699,-0.005507234005866131,-0.0036948666534862024,0.0011142437029070073,0.0030985938877072764,-0.0015320412231194492,-0.02299968519887919,-0.0181920961591316,-0.0012342492107833062,0.0016039857914829639,-0.010583186058800752
1769,0.005726910575723065,0.0094816171610329,0.01838779274802774,0.02140734626430103,0.013978589442215958,0.011329042200333865,0.012506075356668232,0.019011432156658334,0.021579090473596484,0.015923131617466932,0.0031764409466479267,0.007584392884397186,0.02023947193293601,0.027055382107865837,0.01319799978360348,-0.009415890335969743,-0.005668102857360455,0.0010280664964573123,0.002089086430146448,-0.0009577885380072028,0.015842070028931583,0.020601587411968086,0.03477389102071821,0.04022392532565122,0.027623986569008156,-0.010746899017543094,-0.006910593127975464,-0.0004775481525886847,-0.00024182120348406673,-0.0021496787157648345,-0.0006837242989313306,-0.0004329039114511119,0.0003244701925905585,0.0005799003015176517,-3.0182361211806705e-05,6.112522812576621e-07,0.0001221375731195237,0.0005502448729377735,0.0007700068323122563,0.0003194210213142839,0.0027182881665811084,0.0031351699948300627,0.004923240257956951,0.005647306567909933,0.003985049116486089,0.007977599516558367,0.008879924176491473,0.013540669723714779,0.015366432662730611,0.011259688750128793,0.0,0.0,0.0,0.0,0.0,-1.6999458598773114e-06,0.00010515143364153481,0.00043986238991901446,0.0005815605499214094,0.00026635576565590296,2.8630987426098697e-09,4.1827192966971216e-09,8.717018675306785e-09,1.07711277557174e-08,6.253007912813432e-09,-0.0022849383242837923,-0.0017496586549024678,-0.000527014409073236,-0.00013960423662453018,-0.0011042338544887194,0.0004141182816846568,0.00046605213993912637,0.0007149302775250093,0.0008129699730896212,0.0005905812976788923,0.000930850169789133,0.0013353109250098666,0.002624453677979894,0.0032135742591099387,0.0019184350463630694,0.0034488453295863047,0.005484987449569522,0.012694916906422547,0.016387580376259894,0.008646143728749075,-0.006045422758507037,-0.0016678802746006997,0.01116151347443603,0.017504594290070806,0.0038809113605655374
1770,0.006537605192065707,0.01031084744409559,0.019610810429663058,0.02288143848406038,0.014886913473631736,0.012067252380135052,0.013322995110821365,0.020370323544654057,0.023183295964117105,0.017008480012923717,0.02213809054509513,0.02778664929652618,0.046631629013316384,0.05409381476607794,0.03677761630064597,-0.009694969001398806,-0.005784896812351656,0.0010010006967139126,0.0021145223873129683,-0.0010504405737606602,0.03511537297669176,0.04170471015225728,0.06260338212282024,0.07005718562863673,0.05188312774757263,-0.011041394040299371,-0.007033709340451502,-0.0004993256567716669,-0.000250717040753088,-0.0022057623460111637,-0.0007214901609506266,-0.0004664229337541238,0.00029805131747671627,0.0005577012416182608,-6.027505329601188e-05,5.798064943715896e-07,0.00012170950862908257,0.0005510466932909933,0.0007746900333914234,0.00031799394637898443,0.0028938256264284374,0.0033404991116309742,0.005271519917403676,0.0060598879853545826,0.004255236589814621,0.008494876239875567,0.009455646666712413,0.014506605075401633,0.016509906586162665,0.012027197499010855,0.0,0.0,0.0,0.0,0.0,-1.8267558650539623e-06,0.0001123155369031512,0.0004702735121190443,0.0006226229177053525,0.0002846114869463837,3.052743371869503e-09,4.462820794885618e-09,9.326875383591957e-09,1.1534342922346151e-08,6.675078460838279e-09,-0.002455541924126998,-0.0018811758850060384,-0.0005774043255411041,-0.00016392854010469942,-0.00119154629371166,0.0004412732292879775,0.0004966490448546809,0.000766442173983308,0.0008731509860797974,0.00063089463916958,0.0009700065344817419,0.0013878977749432998,0.002756263222638345,0.0033812785917336358,0.0020055815202230406,0.0103229586071656,0.014959698764115683,0.029453085226730687,0.03521064923530569,0.021872074441905393,0.005601952628907043,0.008853159815966289,0.02141560097581043,0.026973942665687034,0.014178559319593734
1771,0.008985835775266088,0.012104242916479583,0.02110329051934643,0.024590242614798297,0.01631828382609575,0.012803056671495745,0.014145386801716385,0.02174689584142828,0.02481208147669098,0.018098802134541327,0.04732937434385829,0.05572537864775365,0.08348761385926583,0.09361029709549425,0.06919623098553321,-0.008092210060507036,-0.00470046900911114,0.0011177564112717002,0.0021882802680815746,-0.0007550237322619961,0.06117957711510333,0.07081607811070838,0.10140771966650775,0.11213808498446481,0.08588016120959888,-0.00940948204722306,-0.00590083604204769,-0.00044439751391763444,-0.00022487029220882846,-0.001818229208798825,-0.0005720911746313776,-0.000347707442578208,0.0003074002663238701,0.0005391952705372116,-2.789789912919714e-06,4.824135851448976e-07,0.00010776279383043356,0.0004959668349185195,0.0007016792891365824,0.0002821282350352106,0.0030717673412946757,0.0035454320897511946,0.005625026435981151,0.006479953471666299,0.004526465746896783,0.009012609327222847,0.01003800859368308,0.015485707197089882,0.017662504958626438,0.012797283232992883,0.0,0.0,0.0,0.0,0.0,-1.9554948135152585e-06,0.00011964098913581374,0.0005010900046256555,0.0006647270624766923,0.00030288598759350787,3.2465688976792145e-09,4.745548873249749e-09,9.937962461072686e-09,1.2316135062810492e-08,7.099736878481394e-09,-0.0026395054528320777,-0.0020212298821576844,-0.0006329878844666788,-0.0001906301594807078,-0.0012850869366308345,0.00046850134133497853,0.0005273065012504663,0.0008180794081748075,0.0009342281278893529,0.0006714161778060339,0.0009755186235969621,0.0013982226462596996,0.002811004645112225,0.003464946078536791,0.0020329101091916676,0.014858611325559736,0.021375479558500256,0.041380004178824176,0.048950215268727726,0.031085709589502082,0.02570667030401141,0.030197509759151087,0.046378509898030135,0.05360960013842418,0.03750396684925841
1772,0.012577838847244421,0.014599327251471093,0.023161132355787976,0.026785020026790486,0.018630151722690898,0.013547725655163038,0.014974860688363309,0.0231425541904646,0.026457127517669547,0.019200420879169688,0.06386503813615908,0.07469248361724615,0.10906034246382651,0.12136817900915493,0.09167804158517609,-0.004836875390976506,-0.002195033101082563,0.0015083959571689978,0.002480397514026911,9.730684064836656e-05,0.07921137591216225,0.09151715527560288,0.12985138110047634,0.14316811586254738,0.11072836366382807,-0.006134639608945868,-0.003313657019953562,-0.00024869823683510664,-9.964128772587919e-05,-0.0008303319045244323,-0.00022986391919261836,-6.162048368612937e-05,0.0003697964704988351,0.0005503156784212854,0.00014983124060498332,2.8553916849169246e-07,7.78069950245863e-05,0.00037533373086383814,0.0005378769585138206,0.00020455231880504794,0.003252540222200105,0.003752891334065227,0.00598314933008111,0.006907125215894471,0.0048006700201725025,0.009535253813210359,0.010622423768782264,0.016470991264488748,0.01883577835712365,0.013580262431585693,0.0,0.0,0.0,0.0,0.0,-2.0860305382832415e-06,0.0001269011291649183,0.0005321615954694718,0.0007071174914184895,0.0003213475136953302,3.4430735391544364e-09,5.027864049498476e-09,1.05610725500996e-08,1.3106636382162425e-08,7.530712078849284e-09,-0.0028320647445460893,-0.002167635641034359,-0.0006911169538578409,-0.00022128436955774628,-0.0013824127021681658,0.0004959579625279939,0.000558195820140363,0.0008704289480355943,0.0009963266605024289,0.0007121559308682699,0.0009406729457383074,0.0013493010837439946,0.00276523063205295,0.003427575174464745,0.001976019242277709,0.01631881080348442,0.023501842750462142,0.04584045677805977,0.05455117949248054,0.03428355322379608,0.03943014043281815,0.04629323343172735,0.06818604582401905,0.07651797243682036,0.05698188504027697
1773,0.014216704363812265,0.016191048005113038,0.025353418755298406,0.02913391823228589,0.02066356140798975,0.014294730515912077,0.015808638644003593,0.02454109372405219,0.028127891995990324,0.020312869497817965,0.07143541759329611,0.08375223837285135,0.12259164241054114,0.13655760777434597,0.10304572002925586,-0.003598831739200381,-0.001190698497403923,0.0022351166859035684,0.003342974689345687,0.0007399323394144697,0.08790221559663709,0.10181330203257113,0.14599671905036424,0.16145906347091574,0.12422072199578504,-0.004796740094714778,-0.0021359169913238774,0.0001466037098374586,0.0010467626397486977,-0.00024066394839980415,-2.755814821476115e-05,0.00010203362578876102,0.00044242136306572025,0.0006071844385804455,0.0002623730666012188,1.709267410270875e-07,5.9560032341039534e-05,0.0003014577627434586,0.00044035730761982837,0.00015908326238971534,0.003429631926506454,0.003961167299890849,0.00634141328324822,0.00733861166418788,0.0050778592372585,0.01005974125853346,0.011215893616022302,0.01747064365981036,0.02002747624123701,0.014367898018877228,0.0,0.0,0.0,0.0,0.0,-2.2182421439201614e-06,0.00013413711780819768,0.0005634118456939074,0.0007496085451454494,0.0003397483532365601,3.6404326726299286e-09,5.313314935750674e-09,1.1189096638259895e-08,1.3901208797403058e-08,7.964777516783457e-09,-0.0030262832087817647,-0.002320260414644219,-0.0007526609267179487,-0.0002523466633686882,-0.0014849019080543616,0.0005234257143151484,0.0005892064404932345,0.0009232660418619736,0.001059030200216746,0.0007532431210632799,0.0009303452229520912,0.0013332000183193674,0.0027637360290711102,0.0034507007241927562,0.001961904991610412,0.015160466991995705,0.021857694830071737,0.043705630814654436,0.05246187713374529,0.03222558883852589,0.04849501411292922,0.05706005898176373,0.08391280818314359,0.0937105557947052,0.07043773498496994
1774,0.013913945855140757,0.01620090113143535,0.025974935836005075,0.030141033563604962,0.020871133412691194,0.015048029290921975,0.016647621118106724,0.025962718545512627,0.029811280849588017,0.021429833034030725,0.07287599719041549,0.08575472588458867,0.12760649934531718,0.14276116945100964,0.10664994825507047,-0.005146813514712818,-0.00230154179559548,0.0015731361384687486,0.0026723049615875617,5.3519388181572756e-05,0.0890053601781871,0.10338640501776857,0.15169142527233118,0.168757631935354,0.12808385549045626,-0.006377168735916672,-0.0033698129882777706,-0.0002880338523432696,-0.0001512240961794649,-0.0008275027370632194,-0.00021836860588587555,-5.286840976931333e-05,0.0004069208893589583,0.0006055901572109757,0.00016636727295938237,3.5420150810940796e-07,8.509278375583045e-05,0.00039821256814785494,0.0005695475949426601,0.00022191482670602656,0.0036114594122854515,0.004170356383490686,0.006706198894538369,0.007773438204138996,0.005354765465945684,0.010587118680669274,0.011808758532363035,0.018466061980488845,0.021228800144696806,0.015158615570644924,0.0,0.0,0.0,0.0,0.0,-2.3520190340716208e-06,0.00014169579881455395,0.0005951052469812544,0.0007919405348020542,0.0003583239638230044,3.834809445103354e-09,5.599445223484671e-09,1.1825754463376242e-08,1.4711571536128285e-08,8.400512863387393e-09,-0.0032333654640550693,-0.0024801382412789107,-0.00081680302700565,-0.00028755141666532067,-0.0015904642942555429,0.0005511188477864184,0.0006204083858990032,0.0009767134858013461,0.0011224996277099596,0.0007946733484720697,0.0010180674099094544,0.0014558243129088099,0.002987842731193524,0.003726217935061648,0.002127705612770491,0.011554976728437336,0.016950692008034254,0.036198339206567266,0.04399975337763766,0.02564800773011318,0.0546082531017729,0.06450705058852442,0.09600488474023083,0.10745104287118167,0.0802538454930523
1775,0.012331133896856179,0.015819388871989536,0.026766184269714662,0.03137807310908027,0.020877486860555884,0.01580206014558585,0.01749271240671387,0.02738451092264602,0.03151319376158957,0.02255875520628762,0.0700941430490358,0.08306478596372965,0.1277134281733159,0.14366156372115754,0.10540290460254248,-0.008240071995154244,-0.004596821612835466,0.0014188855860588813,0.002674758983306238,-0.0005892724386306189,0.08594496737322041,0.10032880056026729,0.15227919021953903,0.17032791184906132,0.12676324075537798,-0.009651423487548928,-0.005920515793508749,-0.0004656864548896176,-0.00023969767789511028,-0.001722368546676452,-0.0004871214205895417,-0.00025522344334729806,0.0004479919095195404,0.00071184551352272,0.00010123799039510767,6.06832820770205e-07,0.00012316665696220146,0.0005620569537411198,0.0007984937671879202,0.0003221599591562693,0.003792901211777674,0.004380736940754749,0.007072822331564328,0.008212729412622962,0.005635617937597252,0.011118146684146265,0.012403407013206627,0.019484422849609984,0.022435830801468677,0.01595112873423452,0.0,0.0,0.0,0.0,0.0,-2.487260023026907e-06,0.00014916245500878571,0.000626839115599473,0.0008352800690736463,0.00037695992384716615,4.031597395788286e-09,5.8894484251619124e-09,1.2467696216373217e-08,1.5527829867733533e-08,8.84241498453697e-09,-0.0034386006127922284,-0.0026431499415435424,-0.0008839485142100492,-0.00032329198985911635,-0.0017000277346102567,0.0005788840039995672,0.0006517610569381887,0.0010307109127681493,0.0011862603858433553,0.0008362095370454078,0.0011393708314716778,0.0016338946256301567,0.003316642343752664,0.004130601260716372,0.0023777344426383637,0.006068632178170628,0.009643458027724141,0.02522671509671464,0.03172967362865749,0.01671078814871261,0.059066556427550466,0.0700114357625383,0.10595581245963238,0.11905433638312976,0.0879276652185821
1776,0.01376072492393888,0.017004517051359018,0.028390726712838744,0.03321767064721282,0.022251088833101382,0.016554408796550717,0.018339187274981936,0.028832989731090386,0.03321853955259107,0.023690505067996533,0.06562703407362268,0.0788706054065837,0.12612600326275947,0.1429006220573237,0.10228970125502009,-0.007846251920556888,-0.00406437063943813,0.0015861009614842846,0.0028681352195419237,-0.00038337852138026185,0.08265374825747053,0.09715817093206852,0.15247217131984742,0.1717405067877719,0.12509356774101044,-0.009351561606028102,-0.0054363633292568445,-0.0004350508405834573,-0.00022418207077521492,-0.0015014459436817327,-0.0003948214228708913,-0.0001641506870887697,0.0005186364163054301,0.0007869090104014283,0.00017145835034190185,5.864404105138237e-07,0.00012375936140782986,0.0005676184256861696,0.0008060733349043002,0.0003227819445381704,0.0039763179534844,0.004592085966181282,0.007441916278355286,0.008656571035366425,0.005917999687926212,0.01165328685903025,0.013005051854202495,0.020508146241067473,0.023652967261201432,0.0167570779359619,0.0,0.0,0.0,0.0,0.0,-2.623872524028194e-06,0.0001564614035568398,0.0006589395527578437,0.0008789917398701254,0.0003958897096775514,4.2303200771537214e-09,6.182244318006268e-09,1.3112861680294015e-08,1.636023851122933e-08,9.282373280779674e-09,-0.003654677249165287,-0.0028100510344402398,-0.0009515912451185664,-0.00036202153073538215,-0.0018104966780854645,0.0006067081691951555,0.0006833487015754326,0.0010850301241936634,0.0012505840734413766,0.0008783607121877301,0.0011673030420482806,0.001669868076976851,0.0034125199162228707,0.0042571513153821655,0.00243576113562105,-0.0010917979702276222,0.0025172724178530136,0.014066816676691421,0.019144194903959685,0.007563162868548684,0.06254154569498034,0.07438681303808047,0.1144163871066393,0.12923475315741562,0.09416576419311695
1777,0.014141734575457539,0.017714544048148796,0.029805920705641666,0.034943962498766974,0.023262667226105448,0.017323941828572054,0.019189956541010536,0.03029067183180589,0.034947579280909594,0.024832030739588843,0.0628651408229778,0.07650969856277828,0.12617435885450973,0.14436776438292873,0.10062777952738788,-0.008679853589716395,-0.004410643992964591,0.0016876749287856858,0.0030458390503316627,-0.00038334227459327916,0.08069905833416934,0.0955191483624393,0.15393307552150476,0.17496304156265993,0.12441395736826899,-0.010275598293420667,-0.005868663878212333,-0.00046622127775592097,-0.00024093420253126798,-0.0015891190860677909,-0.0004066778972916335,-0.0001518288607252379,0.0005993583231253497,0.0008963721343676461,0.00021490265227353314,6.495759964720244e-07,0.00013714973006972374,0.0006292901660583823,0.0008929206697015918,0.000358139181364787,0.0041571302129398335,0.004805736988791617,0.00781634512327722,0.009102995025181302,0.006201426812473643,0.012190449188106328,0.013607885020359582,0.02154269805220941,0.024892029820274966,0.017562229781014904,0.0,0.0,0.0,0.0,0.0,-2.760928195594578e-06,0.000164207168419639,0.0006912427698557141,0.0009233469180518707,0.00041478366078764216,4.4317329739394544e-09,6.474129375550737e-09,1.3751989423573168e-08,1.7184292760409112e-08,9.728313579450756e-09,-0.003869880920765618,-0.0029789052296754653,-0.001020012744624287,-0.0004019069230553248,-0.0019213441861625808,0.0006348001584236631,0.0007148585907136864,0.0011399089505684764,0.0013155107802127362,0.0009211397935599955,0.001221213665154275,0.0017475309863107917,0.0035769205672841766,0.004466661936643468,0.0025494039913345366,-0.006343051328751058,-0.0029031009837035358,0.006230166449359757,0.010253106947328432,0.0009849745347299097,0.06533786330578348,0.07785665479247487,0.12175282342064395,0.13827236350963826,0.0993252101006264
1778,0.011980411681666393,0.017092615704881256,0.030838251578845715,0.03649809684274324,0.023465923056056395,0.018089073627836995,0.020037323644953507,0.03174629096244198,0.036683379416690115,0.025980453420400458,0.06559792814069303,0.07928475326815755,0.13170377014002307,0.15152042755275605,0.10419176229356777,-0.012376566660575536,-0.006905009898117164,0.0017522531549952096,0.0033176231357980148,-0.0008921340017869906,0.08317874312192541,0.09823996839151379,0.15979907588915862,0.1830605998983699,0.12791320453284993,-0.014333200649149027,-0.008756122563486249,-0.0006446992233145832,-0.00033184698858054745,-0.0024699201801992006,-0.0006613382471358149,-0.000314467517500817,0.0007405519305943684,0.001126637197308776,0.00021638548817473353,9.209770490319477e-07,0.00018728409783676705,0.0008496977528844007,0.00119700912257982,0.0004888052013793638,0.004340306811521342,0.005019551048587239,0.008191795124094231,0.009552780626839605,0.006486144435390686,0.012730686292895255,0.014210555299518738,0.022585511582673714,0.02614196908341402,0.018373448223183816,0.0,0.0,0.0,0.0,0.0,-2.8991315459063162e-06,0.00017162043694446936,0.0007238525083918174,0.000967830410835125,0.00043376518240470974,4.632444714828696e-09,6.765029813822361e-09,1.440447406197189e-08,1.8015037686584553e-08,1.0174523432234554e-08,-0.004089330412779919,-0.003148874450667204,-0.0010906681425068396,-0.00044511232634651454,-0.0020330690152177574,0.0006628252468948875,0.0007465356038666854,0.0011952426246921383,0.0013814303734590928,0.0009638933713994735,0.0013815212493524613,0.001977772132164647,0.004005497992355774,0.004989663572662457,0.002874077438342704,-0.005222230944167633,-0.0028317329917549863,0.005312711909943431,0.009362827520575998,0.0004015606683208452,0.06756076091272714,0.0805232334212385,0.12811128023497453,0.1460115348600578,0.10343234854807389
1779,0.011454810026209537,0.017193040347222962,0.0320635088491494,0.0381220573873396,0.024160964916577096,0.018860677968364187,0.020895865022265103,0.033212666173222744,0.03844121250033752,0.027130489254512908,0.07095309925207466,0.08406897904936661,0.13842887446720192,0.15983044770517338,0.10955030525662317,-0.014224563193060471,-0.008094223733657417,0.0017923914784691774,0.003484880500863801,-0.0011934824115357513,0.08846176000689988,0.10339763994906637,0.16743202897471304,0.19308148732902253,0.13384155409627224,-0.0163505458316318,-0.01006720862227898,-0.000719684415466244,-0.0003669335199725686,-0.0028682013550844383,-0.0007832507849115331,-0.0003874759109103012,0.0008053407317097206,0.0012441946292118618,0.00021618153685818437,1.0165764107009586e-06,0.00021033314440073916,0.0009559266268193118,0.0013482408585638456,0.0005492519150578231,0.004524350500214667,0.005233226017069996,0.008567450823288794,0.010005475934739825,0.006771281531620736,0.013277819932139702,0.014815292470730315,0.02363602020887138,0.02738630671272752,0.019193156406893216,0.0,0.0,0.0,0.0,0.0,-3.0384671381524704e-06,0.00017910424460028447,0.0007565373486149045,0.0010122903641395112,0.0004528922240924616,4.833100230647115e-09,7.058550764610792e-09,1.5059538760095658e-08,1.8850499110697356e-08,1.0626097624069072e-08,-0.004312182321462444,-0.00332261027136955,-0.001161658385535114,-0.0004855208281765531,-0.002150250516422941,0.0006912158726659363,0.000778465936542543,0.001250188788675651,0.0014476813086856247,0.0010067536224697459,0.0014649361809181897,0.002095670105580393,0.0042547653871667,0.005296151032504572,0.0030478759893397397,0.002471560416508755,0.004863570251624104,0.014081323582154108,0.019448883159279045,0.008550276569628784,0.06435932594306382,0.07719970258029582,0.126479966146965,0.14521719744874081,0.10071564222777502
1780,0.0112722641724477,0.01730695480090171,0.03314967744334626,0.039531256589787574,0.024768194114574357,0.01963522038788512,0.021754147036527324,0.03470259634752987,0.04020569319413005,0.0282858383920924,0.07815826882605494,0.09170526986604259,0.14904482733426794,0.17247458600741966,0.11836467537577952,-0.01574970862011815,-0.009237933302837767,0.0016478791925301284,0.0034388796775444825,-0.0016037877464212882,0.09570871855402985,0.1114431413226552,0.1789042226564135,0.206886626324953,0.14318228980943892,-0.017747639262470128,-0.011101201923328663,-0.000768710462383714,-0.00038687602608513695,-0.0032358473787539666,-0.0009267483076269543,-0.0005001615809891914,0.0007814452560876306,0.0012486428968693196,0.00015735322152596754,1.045848104155911e-06,0.0002211532910892957,0.0010109291952337734,0.0014302830943708194,0.0005791265930828193,0.0047067364143830856,0.0054476073706199194,0.008944643286632449,0.010459120959614597,0.007060150118062698,0.0138182665835948,0.015425155340386054,0.024688450277881302,0.028642654719361144,0.020009114264337602,0.0,0.0,0.0,0.0,0.0,-3.1788730913820907e-06,0.00018681082330921226,0.0007891637666244795,0.0010571202278564324,0.0004720645568574642,5.034521494514972e-09,7.357302147599156e-09,1.5723057389457993e-08,1.9702336304847364e-08,1.10787525528101e-08,-0.004543972236653054,-0.0035002851423473823,-0.0012341143832455069,-0.0005289173917164266,-0.0022683355906386237,0.0007196425666815233,0.0008105950699074187,0.0013057149303013738,0.0015139698843820272,0.0010498341050136383,0.0014960574424932038,0.0021408114587398667,0.004379247897129593,0.0054617021403525175,0.003123830167236643,0.009792957983816655,0.014686311103078786,0.03021477024243242,0.037337219863613186,0.021843704706148492,0.06039324758322697,0.07299295956248718,0.12302072083351784,0.14230935113117826,0.09644619100570223
1781,0.01036780830185641,0.0170850516801775,0.03427287120074049,0.04100744837528553,0.025306514093417963,0.020411088041568687,0.022613290765368742,0.036197621795545025,0.04197840881408255,0.02945071102579934,0.0888045139582398,0.10399090086720796,0.1667388504149867,0.19281022090954775,0.13318276003955765,-0.01800144585966995,-0.010757529833823271,0.0015709203140634833,0.0035274199609893497,-0.0019967534133768835,0.10671377868892522,0.12409404673247676,0.1973743397378817,0.2281676696851548,0.15846189523887869,-0.020126465024278194,-0.012680466615559422,-0.0008731825589385229,-0.00043687827988797383,-0.003759777300099282,-0.001114059168352123,-0.000630568388520772,0.0008095784293473189,0.0013273180917388711,0.000118070150618321,1.1541985383234364e-06,0.0002447000096328318,0.0011196248582482427,0.0015822213353791667,0.00064015126670283,0.00489064577776419,0.0056641253165182455,0.009323410499567778,0.010918094128175841,0.007348805867170252,0.014367843079474639,0.016036928825010326,0.025743015736059013,0.029907472753123682,0.02082983363211055,0.0,0.0,0.0,0.0,0.0,-3.3202927134829146e-06,0.00019438652204590228,0.0008222365124521518,0.0011019989028871937,0.0004915433331241466,5.241491673147075e-09,7.654464257868003e-09,1.638755128965515e-08,2.0551965789509173e-08,1.1534418724172688e-08,-0.004769643594851555,-0.003678661174336766,-0.0013074958063803825,-0.0005723160060594621,-0.002383740210121099,0.0007480606378167006,0.0008425908954969607,0.0013616026708004824,0.0015806837174377603,0.0010928978354580831,0.0015706418968379386,0.0022495893138007018,0.00460216358822621,0.005749391119953175,0.0032830500693533347,0.015121801277677368,0.02202552391220707,0.043655771368993325,0.05235534454683984,0.0323628581377644,0.06374069518342694,0.07660221494097223,0.12894925463030604,0.14995062368552897,0.10066055663355902
1782,0.011500979703926021,0.0181520424933271,0.03566615758102468,0.0427561506676182,0.026401107530798516,0.02119114290744408,0.023479319476585374,0.037700272601877596,0.04375426673652912,0.03062821360289586,0.09624423230701773,0.11273298535186799,0.1808783098534346,0.20926780079195356,0.14432794781006236,-0.01809466405123498,-0.010691820201001654,0.0016054756587919445,0.0035916774056463673,-0.001995791012903355,0.11520855051795131,0.13386911705761353,0.21280658139721054,0.2463114010299884,0.17079804280594266,-0.020222506465877685,-0.012621342986818131,-0.0008836019383051494,-0.0004432873029226276,-0.0037009609189204637,-0.0010916562781274329,-0.0005993062095783881,0.000845202722310346,0.0013739391320445726,0.00014793746555148417,1.1417726624563233e-06,0.00024741510540491317,0.0011380118167486017,0.0016103119601739127,0.0006467760404596497,0.005076841189267106,0.005880213449897852,0.009704125547296133,0.011376711476045544,0.007638149363759501,0.01491255149800782,0.016649122967951936,0.026810509020437988,0.031185712856411023,0.021655058609164744,0.0,0.0,0.0,0.0,0.0,-3.462674052042011e-06,0.00020215084301181192,0.0008554331241175876,0.0011467714826653742,0.0005108077458871617,5.445221328892504e-09,7.954709425944024e-09,1.7050368416590386e-08,2.1396603082173014e-08,1.199065717113703e-08,-0.004994823455694915,-0.0038564886817147367,-0.0013793388233381055,-0.0006170373988194703,-0.0025012426403644367,0.0007766280880285775,0.000874931930558044,0.0014180248969027887,0.0016477656086023153,0.0011362408535711107,0.001598611205071055,0.002289702800766357,0.0047166080601797325,0.005902823173286361,0.003347874478044484,0.017097003869323564,0.024852377912852004,0.04933037331032048,0.059252326346147154,0.036491089474641754,0.0688924335269081,0.0821669069918702,0.1376344815036102,0.16058319285717657,0.10745482117495003
1783,0.013456128373463338,0.019672258098977925,0.03712141782446071,0.04447544910138323,0.02764197118804762,0.0219660129401088,0.024346039328283078,0.039205925221903797,0.045549202648768085,0.03180255104146535,-0.10448019858895297,-0.06604067545200493,-0.00884335505954529,0.0066441642023225035,-0.033917999531283244,-0.01720859893196772,-0.010012995206546717,0.001576276690587878,0.0035313086047125417,-0.001901865476970861,-0.0838928948399849,-0.04288740871870123,0.023850109849140093,0.04478313156992502,-0.006270291140560657,-0.019242211379140055,-0.011813773616623108,-0.000844662657221122,-0.00042157565341094535,-0.0034363277159757686,-0.0010155039856245733,-0.000542681715925965,0.0008168352444503724,0.0013314322558816408,0.000156182918560319,1.0502593635853432e-06,0.0002345108803160945,0.0010899710496388281,0.0015457681844803033,0.0006126175958717458,0.005261730559017928,0.006097743769992869,0.010088164510325522,0.01183999755574341,0.007929209857546318,0.015463287780273954,0.017266611379327966,0.027880373216340962,0.032461164847060776,0.022491992424443413,0.0,0.0,0.0,0.0,0.0,-3.6059694842124047e-06,0.00021014191826598027,0.0008890059858041223,0.00119307039187633,0.0005305404775782684,5.649600408969147e-09,8.25248714746907e-09,1.7725992660297348e-08,2.2259789273308304e-08,1.244774055846749e-08,-0.005225171327718798,-0.004036465861948423,-0.0014530619431388147,-0.0006639761554383608,-0.0026198821772354048,0.0008053985762499507,0.000907370986677553,0.00147495786238092,0.0017158000655380272,0.0011797578696960507,0.0015845779854974217,0.0022745143943139474,0.0047347402760752,0.005939549950723079,0.003342882642547367,0.016065625441075763,0.023344809120125938,0.04758367026043483,0.057657399279006344,0.03468469031493045,-0.1322110633558495,-0.09569711940638374,-0.04972613602530157,-0.03836301571727145,-0.06834169863123474
1784,0.016256629295603713,0.021933604515689483,0.0390888626818846,0.046624874705440335,0.029563058762479544,0.022748630436064947,0.02521280442372863,0.04072169818906807,0.04736342103828247,0.03297823456532809,-0.559863883979903,-0.4876106802462552,-0.3235302819987963,-0.26999473625836695,-0.40163134370154396,-0.015254018128193597,-0.008252621913994318,0.0019041982814782857,0.003791239588694562,-0.0012121589180803484,-0.5303037858685655,-0.4571317916096483,-0.293649274537479,-0.2404043078426319,-0.37011902418721143,-0.01742076699083846,-0.010160335961594047,-0.0007432528163348522,-0.00037533666001826816,-0.002770076632444379,-0.000763120747133941,-0.000319525946469952,0.0009212160450980416,0.0014209778903767451,0.0002977343799550287,9.380724687190781e-07,0.00022193678485033454,0.0010403902336223662,0.0014835227237420146,0.0005802417167091496,0.005449366443912201,0.006315343263606578,0.0104764279468128,0.012305113245599948,0.00822055646909262,0.016014857353785956,0.017883856677881775,0.028960680051776225,0.033749131880949725,0.02332631596330228,0.0,0.0,0.0,0.0,0.0,-3.7501353421961122e-06,0.00021793306708969292,0.0009229966330346908,0.0012385640023791114,0.0005501343033268446,5.855126909279822e-09,8.553597093494407e-09,1.840299197650402e-08,2.3129314736020848e-08,1.2904837730923305e-08,-0.005456075408099221,-0.004212311761063305,-0.0015248900402696143,-0.0007111917288798675,-0.0027372751554323674,0.0008340900812730453,0.0009396086400598026,0.0015321847460484717,0.0017841937202985143,0.0012233873094089028,0.0015988650225511238,0.0022923269449249732,0.004804508305569024,0.006036537281479291,0.0033800356219372656,0.012229733161838688,0.01825124183437093,0.03988309700880773,0.049082554695120545,0.02797748490527576,-0.5876840375714932,-0.5169686112898025,-0.3518584413745993,-0.29831872703307033,-0.43152969635125926
1785,0.01733827451376575,0.023102323819195757,0.040708938619224845,0.04853024930442685,0.03096746339730097,0.023527102996406542,0.026080570470622174,0.04223515689931574,0.049181454199325035,0.03415839764119259,-0.6281105026390708,-0.5608964760531463,-0.3797518844616909,-0.32096006090646045,-0.4688991890538853,-0.01510479979357547,-0.007895015402387046,0.0020602076994731097,0.004004369539959801,-0.0010407805692820558,-0.5947579984466742,-0.5276173010842923,-0.3501192225315612,-0.2917118750434301,-0.4364122670291492,-0.017317726387777593,-0.00988549213667003,-0.000729058573720635,-0.0003676575313363355,-0.002620348322653572,-0.000694684337917516,-0.0002524283623810396,0.0009895417575997414,0.0015004272774211506,0.00035524919230780355,9.508945083284914e-07,0.00022505840690383337,0.001054546697491843,0.0015081709372658687,0.0005881571663638841,0.005636820718104858,0.006531911191574605,0.010862511307225051,0.012777239252029587,0.00851315493254657,0.01656499751760628,0.01849969873264867,0.0300403258219709,0.035044205842366005,0.024163128592137054,0.0,0.0,0.0,0.0,0.0,-3.895131571248593e-06,0.00022587908562342625,0.0009568536153589776,0.0012850903216576216,0.0005698109430055202,6.061018305149587e-09,8.851748866606532e-09,1.9079073074153455e-08,2.3999095665907262e-08,1.3365094464407204e-08,-0.005689667108953095,-0.004395031386379282,-0.001601417213033758,-0.00075521762075698,-0.002855751709039224,0.0008628225992907322,0.0009722137354115604,0.0015895624036820835,0.0018529805873736768,0.001267387752636484,0.0016491975324966377,0.0023623418627020383,0.0049488437670723645,0.006226330590575005,0.0034806770296015657,0.0064634501046233325,0.010646951579912384,0.028525779808282567,0.03629755606452003,0.018634394982824383,-0.6481627467977789,-0.581380324497324,-0.39780393689068944,-0.33865591529322814,-0.4888909961716865
1786,0.017516734959241626,0.02357707661888538,0.04201232611508909,0.05015053102536994,0.03180152946274116,0.024305222637177597,0.026952554030315008,0.04377292072068934,0.05099500172946603,0.035349720306021765,-0.41203712189273295,-0.36065755626103135,-0.22510661085284367,-0.18500624474294786,-0.2928298643796978,-0.01602385875561096,-0.008551800934857108,0.0020251994455817188,0.004034936940774808,-0.0012649752847188373,-0.37601915201697383,-0.3258037364273803,-0.1962525881260569,-0.1578827683281954,-0.2586382281911856,-0.01820785105164949,-0.010572327933647813,-0.0007974402064235469,-0.00040303620414444886,-0.0028760707625185627,-0.0007659036586902935,-0.0003082053364074625,0.0010056264977870576,0.0015437971232736413,0.00033826524176015023,1.0246295573942831e-06,0.0002365581170543207,0.0011046015662266235,0.001579744335106652,0.0006171862946549834,0.005824529289181977,0.006750317004231666,0.011252462743785802,0.013244881035471395,0.008807459753778644,0.017118290062050016,0.01912321313310549,0.031122246602116994,0.03634658342716504,0.02500200192314859,0.0,0.0,0.0,0.0,0.0,-4.040921417378646e-06,0.00023356036047935576,0.000990286181423268,0.0013314495611578734,0.0005895238064107448,6.270892917116609e-09,9.153039533232198e-09,1.975747331942275e-08,2.4867089759054033e-08,1.3828221883552099e-08,-0.0059263298905996515,-0.004572431595823575,-0.0016772712017493602,-0.000806026850569445,-0.0029762659852802112,0.0008917493961509704,0.0010047862640269068,0.0016473237366716868,0.0019215754456597535,0.0013117664940084514,0.0017099799388519026,0.0024490036244875953,0.005123982356555492,0.0064433232018737815,0.003603053659337858,-0.0006448452969181824,0.0032806560248912807,0.017234798434702454,0.023670382662721298,0.009290467745197257,-0.42577976045285804,-0.37358964160858893,-0.23150482758209875,-0.19024207453947997,-0.303750202493525
1787,0.017740490823153644,0.02424948923660086,0.0435054579344064,0.05198481183976565,0.03286735455921474,0.025095091724652765,0.027828000993920313,0.04530550898431249,0.052831017166762646,0.03655354028769989,-0.27777121609030997,-0.23884972556785958,-0.1283455073852942,-0.09578112357656432,-0.1870997893044989,-0.01696250626522164,-0.009001124216090796,0.0021389413074978025,0.004240091075269851,-0.0012998281324475849,-0.2405819720664602,-0.20174359455518248,-0.09953662847484242,-0.06980368247344355,-0.15185123820936958,-0.01931353798547364,-0.011147187428770054,-0.0008576093866175458,-0.00043722991246797794,-0.0030216192765113664,-0.0007874314422676127,-0.0003035127951947093,0.0010952929968442093,0.0016683081667181055,0.0003816913178727449,1.1283945245170938e-06,0.00025320524911812034,0.001177788042776226,0.0016821017643242585,0.0006600114898115338,0.006012839638766657,0.006968107459856523,0.011647417112075727,0.013717689814487266,0.009101727528301917,0.017668561087672112,0.019747309216146314,0.03222526810167523,0.037648162941990644,0.025848435961225477,0.0,0.0,0.0,0.0,0.0,-4.187471142163338e-06,0.00024133287463601067,0.001023917067698803,0.0013787874399197291,0.0006096032609881165,6.479219874285475e-09,9.456893033225899e-09,2.0441674178930513e-08,2.574620328394239e-08,1.429460425615525e-08,-0.0061615787572938995,-0.004754902032917635,-0.001753744905633065,-0.0008486802393481427,-0.0030985986348643245,0.0009206391903340272,0.0010376421460484243,0.0017052650795883473,0.001990334050694129,0.0013558773863413369,0.0017888634876875242,0.002560489176383988,0.005344471507926916,0.006720023772172297,0.0037608212872972035,-0.004677123471407218,-0.0012456545285811915,0.010210291543784736,0.015834049789487836,0.003405126287624281,-0.2857215153422665,-0.24616633252041017,-0.12904344443598564,-0.09336468148887944,-0.19222451197732562
1788,0.014487896434028976,0.02269249200502462,0.044307153137781816,0.053356268901648476,0.03266488350762269,0.025877436172874534,0.02870968144041161,0.04684448441062285,0.054689783804996644,0.03775130463780346,-0.18445879273846727,-0.15478670992878718,-0.06561039301110774,-0.033503370308898724,-0.11108363502195323,-0.02180397696470021,-0.012626510128578503,0.001991390772340135,0.004407463115568899,-0.0023117961082200532,-0.14745329912531002,-0.11723517646048832,-0.03552713394255517,-0.008476478829083822,-0.07709700250114235,-0.02447700176207853,-0.015031536302361453,-0.001110369838781788,-0.0005623804665881328,-0.004365806995565311,-0.0012132924617128996,-0.0006203552705801988,0.001153436462841646,0.001830321223649227,0.0002785657497213428,1.4823873481804375e-06,0.00031010238669948074,0.0014261254149986278,0.0020246817589914044,0.0008093276905529344,0.006200250440012038,0.007188528962362503,0.012043968914003304,0.01419002756419763,0.009397900775376236,0.018226471192767834,0.020374060497714917,0.03331821028005517,0.03896753617142021,0.026702835932687373,0.0,0.0,0.0,0.0,0.0,-4.334749762321854e-06,0.0002490863073688212,0.0010580602558522936,0.0014256254652211385,0.0006294765641747741,6.691111797108471e-09,9.764493125351387e-09,2.113793883939669e-08,2.6633770145042132e-08,1.4762775672404369e-08,-0.006402964600555193,-0.004940097449022199,-0.00182961972952402,-0.0008992040956456072,-0.0032200991715635786,0.0009495485768930109,0.0010703273566489402,0.0017636110798784218,0.002059873490956051,0.0014006656623466959,0.0019693899977107966,0.0028134264065347034,0.0058073877972969045,0.007286450142628719,0.004117035252899141,-0.0008692335305570361,0.0017624487959404178,0.012699650864906393,0.01882947176467827,0.005910804152307509,-0.19425627500369674,-0.1649894864246807,-0.069925660043667,-0.037649926929010515,-0.11855414440471523
1789,0.011956303338867593,0.0213392477967921,0.045252119342760806,0.05473974889054505,0.03280410645687666,0.026668189457708356,0.02959104431626301,0.04838112108360842,0.05652715415441958,0.03895338726095654,-0.11311875450690076,-0.08804132170080625,-0.00788037231451036,0.006991757622015998,-0.051084837250143074,-0.026027788797382236,-0.015547547548896127,0.0018295287308934655,0.004544937783232673,-0.0031141360868259197,-0.0766319531773231,-0.05038607658194531,0.018129394985419815,0.03757745904155295,-0.017918998675499544,-0.028805865252890035,-0.01812224529781725,-0.0013059920567578152,-0.000658440552514035,-0.005403897740717732,-0.0015944535340609905,-0.0009004896540598348,0.0011714520251999295,0.001936717541609761,0.00017451496960204055,1.6867260777806454e-06,0.0003524712710396119,0.0016156521676300988,0.0022923840450170723,0.0009204601754805172,0.006387259518544242,0.007407656428616565,0.012436640493452252,0.014664254847639347,0.009695213976535097,0.018790525793997925,0.020996718647314862,0.03442193950544222,0.040287505349042456,0.027554925990065444,0.0,0.0,0.0,0.0,0.0,-4.482728811896936e-06,0.0002569978364345663,0.0010916993910459328,0.0014724197546323765,0.00064945348313911,6.900155360775149e-09,1.007075819352647e-08,2.1833413569557385e-08,2.752436617180347e-08,1.5232084664380722e-08,-0.006639659986091774,-0.0051233838015131905,-0.0019082273563008876,-0.0009467425165780865,-0.0033452783877261274,0.0009786373434121053,0.001103072867399817,0.0018221355565855378,0.002129188478149156,0.0014457336631037501,0.002109164305083077,0.003011567068724345,0.006199936544686506,0.007768172405263284,0.004401612226119761,0.0076215927803984975,0.01212614892901377,0.027323934751281906,0.035264107917791394,0.018786204543488227,-0.1360371550741491,-0.11111489565426072,-0.02387937827284144,-0.014004734474471554,-0.06999581531119511
1790,0.012214270122047044,0.02182608959839202,0.0465641284439927,0.05640796726540855,0.03362703449574085,0.027451244324037925,0.030473053848930922,0.04992617225802379,0.05838331530601946,0.040170364719076306,-0.07906230674515764,-0.05420697037388507,0.011585457515024088,0.03380648423933005,-0.019341074567243575,-0.02710754887303366,-0.01625375594464687,0.0017744370061499564,0.00458767432595266,-0.0033210395346011013,-0.04060357564141459,-0.01612263650330663,0.042468480699236234,0.06433529692543233,0.014600554630648986,-0.030032907118963982,-0.01876923807700932,-0.0013597468627566064,-0.0006812947043095958,-0.005640013211644496,-0.0016851183293468614,-0.0009633288772236149,0.001171260927790227,0.0019575446322542987,0.0001464343897955976,1.6891115680322312e-06,0.0003607122165562575,0.0016616010008342077,0.0023583227688027766,0.0009415735370777976,0.00657473660890394,0.007627042665881744,0.012833713583709773,0.01514454054017484,0.009995962607874194,0.01934582315333965,0.021624203270746697,0.035527045690848386,0.041607388316640195,0.028414562581000495,0.0,0.0,0.0,0.0,0.0,-4.6313821250794725e-06,0.0002647063721415492,0.0011265068099632373,0.0015190156305381426,0.0006696805484089977,7.11009455451102e-09,1.0380369682980578e-08,2.2535391170040377e-08,2.840842507267939e-08,1.570475975537244e-08,-0.006878396134051612,-0.005318602493347279,-0.0019916743206180114,-0.0009921956788964427,-0.003474748237287601,0.0010077024263538536,0.0011359672151627861,0.0018807334198947866,0.002199169616565055,0.0014910021482295703,0.0021602317093388414,0.0030924902144502603,0.006393083879476432,0.00801159976416243,0.004523722767047653,0.01552533553184065,0.022994179965490847,0.046410285298426855,0.05637345145448197,0.03396863853065328,-0.11565212746773895,-0.09241242513539526,-0.019992689812495083,-0.006585112309955168,-0.0516242708735461
1791,0.014145530643276252,0.02340905054725969,0.04809400791329596,0.058270367842853596,0.03491847993638404,0.028245963877643915,0.031352849624408666,0.05148338705078655,0.06024049848670863,0.04139043043990136,-0.06083132068531635,-0.03653939084272958,0.0222078873700972,0.04181063772747351,-0.004531868977708303,-0.026474083849951008,-0.01566091397162256,0.0018523690983179985,0.004644642752161101,-0.0031671959595859227,-0.020138908805653513,0.0022801822182258727,0.05607705594130845,0.0748982419111589,0.029623808675854686,-0.029378876557831442,-0.018118809565335126,-0.0013428424167561683,-0.0006731353003837705,-0.005397425531132186,-0.0015987850173104549,-0.0008777948967416902,0.0012009865154116403,0.0019862501925318413,0.0001942112613713514,1.6222232178843256e-06,0.00035522498725938895,0.001648148295930837,0.002340024696594184,0.0009261524101876048,0.00676517045503541,0.00784673386754475,0.01323176109297686,0.01562777066730193,0.010291752110664326,0.019909669784361955,0.0222520626176621,0.03664410339900238,0.04293067058535615,0.029279041237756022,0.0,0.0,0.0,0.0,0.0,-4.780685637882641e-06,0.0002725569195069644,0.0011609587051970313,0.0015670041068342785,0.0006899666310052234,7.320495303549293e-09,1.0684279316929012e-08,2.323577374365344e-08,2.9294511053122063e-08,1.6179448017746977e-08,-0.0071372155051046245,-0.005517360900588445,-0.0020773081881325576,-0.0010448552913768644,-0.003607183480326034,0.0010367550882384607,0.00116910826717889,0.0019397448956014146,0.0022698605093591623,0.0015361822848294028,0.0021815077840955334,0.00312388457140196,0.006506193541642984,0.008170392322982441,0.004590088568681573,0.02015538854584716,0.02949201785212005,0.058700328557904594,0.07060306545302969,0.04339276487010128,-0.10691483452941004,-0.08420365846676918,-0.021441341783089526,-0.008655382978921924,-0.045691166678576964
1792,0.017828582001761524,0.026182144793940237,0.049987503965771465,0.06038759138926682,0.036833049965221576,0.02904101589775961,0.032242927603154566,0.05303965895680919,0.062097571545866266,0.042606591451683745,-0.020846013318373796,0.00038813862653303216,0.05073275581078816,0.06897967230931752,0.025567029890622865,-0.023745795453762063,-0.013434874871287241,0.0020806178061473124,0.0047429083759916845,-0.002527191385839923,0.02206651018529324,0.0395160750601687,0.08751902710523528,0.10474937642821378,0.06250020694332697,-0.02664150913787305,-0.01593206226942729,-0.0012363971720654033,-0.000624012814281477,-0.004595681384481919,-0.0013011463162889768,-0.0006286125959265607,0.0012568793053513159,0.0020154535446052866,0.00032543188484453314,1.4132322568421888e-06,0.0003318318185459011,0.0015526607132349054,0.0022204448911699133,0.0008638768847256437,0.0069548505668257255,0.008068202336257813,0.013630836969607717,0.01611370499903966,0.010591628166289488,0.020473196295730745,0.022882973374759884,0.03776738416012555,0.04425767311699948,0.030140966277952926,0.0,0.0,0.0,0.0,0.0,-4.930617207027768e-06,0.00028060020911816613,0.001195643656917613,0.0016144923761905272,0.0007104531312350046,7.525879664871268e-09,1.0993628144229203e-08,2.3935557041424766e-08,3.0195936534540656e-08,1.6658016306845333e-08,-0.007404677817386868,-0.005725249058507314,-0.002162652020590563,-0.0011001636133469057,-0.003746526430170028,0.001065916229071766,0.0012021674825402433,0.001999219334055976,0.002340554135685581,0.0015816049666864825,0.00216300369130726,0.0030984265162044087,0.0065283201200388215,0.008199218355404846,0.004576714481641531,0.02170963048731038,0.031606720373895725,0.06341817249416606,0.07640712687891815,0.04667052633809385,-0.0704543242663562,-0.050801105298192886,0.006053922145002783,0.013459626442097479,-0.018762764303753843
1793,0.02038210142536495,0.028258041840918163,0.05181815190571902,0.06240956002788529,0.03860083140675021,0.02984212905004781,0.03312381314631926,0.05460617994427846,0.06396336169299473,0.043824661720144584,0.010819716065473738,0.02800814784124596,0.07216666337625707,0.0891408092167262,0.04868264673517632,-0.021948839663086563,-0.011917044097225746,0.002249337473642117,0.004828450250530888,-0.002056928346063187,0.05297103302048712,0.066788561618469,0.11161640222003819,0.12816790108224238,0.08808863599339267,-0.024789557827057565,-0.01439605514816727,-0.0011608483712318483,-0.0005872772403299303,-0.004028539281478627,-0.0011014276532715754,-0.0004625608239356419,0.0012970286238214316,0.002030244049814121,0.00040940525745737503,1.2791450311810177e-06,0.00031387403268741783,0.0014845474908063295,0.0021337417277795777,0.0008191973289731517,0.007141939149260465,0.008290749260096769,0.014034325111362923,0.016600522439215778,0.010894205016907677,0.021032318665661937,0.023509745962446416,0.03889511582425158,0.04560020234977937,0.0310075549695236,0.0,0.0,0.0,0.0,0.0,-5.081156444546517e-06,0.0002888269250274235,0.0012303841175552949,0.0016625671276359604,0.0007305828172233311,7.736820642620533e-09,1.1305610141157702e-08,2.463663285805887e-08,3.110149306936176e-08,1.7132465137759738e-08,-0.007677297210878385,-0.005934672624899794,-0.0022510447920312767,-0.0011556399470324247,-0.003889621320632912,0.0010950112768572707,0.0012353183385435727,0.002058130742035918,0.0024114084922028625,0.0016267614745035953,0.0021624849443164333,0.003096419645749842,0.0065726905044699935,0.008271774556321623,0.004587111608408417,0.02095188792839051,0.030578058001237484,0.06275720362481516,0.07613042444521605,0.045551546640176285,-0.03793978246688625,-0.0214382799395301,0.02735723449012981,0.03709348361863472,0.00523411009890963
1794,0.019479038289670767,0.027942385021396794,0.05278377148481399,0.06382955996102284,0.0389933699644195,0.030640741721041302,0.03400759525587248,0.05619902890619593,0.06584457613373244,0.04505412090824907,0.02936610754463818,0.04242817240063555,0.08099361820290475,0.09565244829268241,0.06025075466441339,-0.024043636194712382,-0.013672174994934566,0.001987463570309622,0.004746797832998914,-0.0027321336783082337,0.06686081986327912,0.07969597325831353,0.12246760758733226,0.13853902296776124,0.1007945739504788,-0.026804878213417843,-0.016095505278996055,-0.001296362324383056,-0.0006563598264319123,-0.004690818705627662,-0.0013299419780413125,-0.0006575241205591348,0.0012472464201179433,0.0020242636378749812,0.00030110710897600026,1.4120808054799997e-06,0.0003329208257997173,0.0015660593786996787,0.002244814038672124,0.0008689490640315018,0.007333497775334076,0.008513175046965742,0.014434056707648052,0.017089237529776573,0.011199767823948784,0.021602668824545323,0.024140832329948854,0.04002413993995286,0.04694268933395559,0.031877026946203896,0.0,0.0,0.0,0.0,0.0,-5.232284566733891e-06,0.0002968831766653375,0.001265306465185535,0.0017106769342641415,0.0007510009206674532,7.95083815625704e-09,1.1618040457633814e-08,2.5343960352014332e-08,3.202110496855494e-08,1.7610717281389583e-08,-0.00796087085315926,-0.006156337420409293,-0.0023436940882274747,-0.0012137664677437457,-0.004035127682649076,0.0011244955979254458,0.001268761544478792,0.0021174583844101804,0.0024821829186641073,0.0016728543805346742,0.0022442310534622313,0.003213689164818024,0.00679787586453144,0.008553984491090252,0.004754120818222574,0.01792674505649393,0.026635493118873386,0.05702203337073228,0.06990201509255743,0.04036479916812548,-0.014017679652911876,-0.003374311879987654,0.03911516200985265,0.05118303712207033,0.021164184381367523
1795,0.017521896137599437,0.027103020146203926,0.05382035400846228,0.06524214008789667,0.03923906703778382,0.03143718273569018,0.03489770487006718,0.057788444042155884,0.06773020926495518,0.04628736787891341,0.010388236223350762,0.021749863946666725,0.052525301237305484,0.0657108821828831,0.03630104978100271,-0.027457783565020218,-0.016112367800858084,0.0018157162622536144,0.004813288963745608,-0.0034666251537170995,0.04501037881497235,0.05738966748022638,0.09689279660212949,0.11183714059367278,0.07650514050994767,-0.030357964389565634,-0.01861138297482706,-0.0014646287197664048,-0.0007380363330624243,-0.005590205205075932,-0.0016328190573352136,-0.0008876551529551436,0.0012608417009278932,0.0021006840374396167,0.0002120566207279615,1.6480336230559993e-06,0.00036778732277509957,0.0017168547795378534,0.002452606516676773,0.0009585131360125986,0.007522906319080664,0.008734217094383562,0.014838306872188024,0.017579658956990905,0.011505767437654212,0.022169528300629005,0.024773146424946837,0.041144821881207404,0.04829541213405164,0.032753013041544494,0.0,0.0,0.0,0.0,0.0,-5.383984256205252e-06,0.00030489049808652,0.0013003582485538064,0.001759775326329282,0.0007716544037116208,8.166843239346963e-09,1.1929419251296476e-08,2.605923688829236e-08,3.2920684957012154e-08,1.809271906422068e-08,-0.008242674936081272,-0.006377474856203373,-0.0024382912182616145,-0.0012670296496054532,-0.004183874591321057,0.0011539779224766645,0.001302219415136206,0.002176975720698692,0.00255337200047062,0.0017184999141819312,0.0023764445248036,0.0033985549800369676,0.007136641977308941,0.008975194057510419,0.005007862311632983,0.013385030516336178,0.02035790766676066,0.04745350730691185,0.059287011184688355,0.0322439027010855,-0.027081944565095977,-0.017455124398010433,0.01649455830629821,0.028327486736589646,0.006504465756563486
1796,0.019386970342951056,0.028605257054009833,0.055378948070700734,0.06711178192884441,0.04054958704949973,0.03223466607954264,0.03578607461848069,0.05938148531465843,0.06961692635203522,0.04752653748291313,-0.0063238105392685005,0.0033773540495743506,0.027979818265390755,0.038423776620674144,0.015163486389967628,-0.026627630633629447,-0.015506991526730844,0.0018544770148341547,0.0048320296683171116,-0.0033353753856090822,0.027990468770311683,0.039373292869807404,0.07515985989430926,0.08839203760889448,0.05683651052490939,-0.029518856763660326,-0.017913304248684425,-0.0014304186709618802,-0.000720597280623742,-0.005325551485401096,-0.00154821035560193,-0.0008132073436103812,0.001270873201250577,0.002104800441719174,0.00024735947658125466,1.562011896153556e-06,0.00035871031388872923,0.001685756732240463,0.0024150335441281983,0.0009371204805683981,0.0077128042351421715,0.008956658380538312,0.015245987272304048,0.01807072348122565,0.011810148807986743,0.02273295478320669,0.025405747294389703,0.04227086155619815,0.049651218454690144,0.03363387445864813,0.0,0.0,0.0,0.0,0.0,-5.536239535918925e-06,0.0003129930312318266,0.0013351907345517159,0.001808253459905009,0.0007924314524481758,8.37994393658081e-09,1.224133628111896e-08,2.6770700151633663e-08,3.383661962961286e-08,1.8575888147493938e-08,-0.008532395793853276,-0.006604772848971582,-0.002533863043475071,-0.001322314651838459,-0.004337560512904441,0.0011833321552553679,0.0013357539634976127,0.0022372118867427684,0.0026248180624029293,0.0017643775476219566,0.0023845618077649776,0.0034112619366737655,0.007217433689410155,0.00907888231055475,0.005044841574813172,0.007180804083455523,0.012498191953791486,0.03553021538069644,0.04611683683602908,0.022517846970087435,-0.0360584776081418,-0.025877607818996208,0.0018260019694566348,0.013108319694848335,-0.0033969066837126758
1797,0.020126798819576318,0.02948094669185967,0.05679632669182268,0.06884814090502732,0.041619231628905476,0.033036544732245474,0.03668267779008064,0.06097120044400434,0.0715115112168655,0.048772792067381075,0.001005374618666559,0.007695606660191353,0.025914102062223564,0.03396806215483093,0.016596750543876833,-0.027006717251465792,-0.015710993464855553,0.0018563625484350056,0.004888726782518959,-0.003417062462149889,0.032812787240459544,0.043134559323720734,0.0761672048130463,0.08737138263537378,0.05953509071864882,-0.029911756715339903,-0.018121609064618183,-0.001467023010375488,-0.0007380160542472915,-0.0053797441648301605,-0.00155800721385103,-0.0008090998066413896,0.0013026890895898437,0.0021491929232159666,0.0002642177402861288,1.5790673704323725e-06,0.000364486237084269,0.0017135025804818627,0.0024578182895574102,0.0009520668947450654,0.00790205265167689,0.00917997096823112,0.015651063113009865,0.018559396032220062,0.012114683519760182,0.023300109531586594,0.026040349641100618,0.04339940548008487,0.05100408811345347,0.034518061568033595,0.0,0.0,0.0,0.0,0.0,-5.689035654124837e-06,0.0003209888244708647,0.0013705269768499006,0.0018563067408858137,0.0008129518089288236,8.592927943319271e-09,1.2558050073183605e-08,2.7470484932754236e-08,3.475089146990218e-08,1.905675131038704e-08,-0.008832539342159768,-0.006835816015732175,-0.002627703484839435,-0.0013813566372387238,-0.004490121037097903,0.0012128261795204729,0.0013694069710050128,0.002297173864742376,0.0026968635758640733,0.0018108217704700233,0.0024318796198891024,0.0034799065186812183,0.0073760846568320625,0.009282071337811709,0.00514865280923581,-0.00028386477330838845,0.004664003722585575,0.023328507351361782,0.032342694294429514,0.012417889105551694,-0.01902732290426638,-0.0118402579562669,0.013676760428522724,0.018797596064473142,0.0059599978176999415
1798,0.018196265550622252,0.028742876043221982,0.05803557418353638,0.07053323675357417,0.04209454953327256,0.03383777928948412,0.03757870586813221,0.06256593773195428,0.07340181953522361,0.05001349881839934,0.004977351132019025,0.010016488788261623,0.025582257350680843,0.032237865430595154,0.01750163564041778,-0.030587828160694438,-0.01802502589373389,0.001876706029230465,0.005178674284865688,-0.003965226346030115,0.03295582903172147,0.043970561559900735,0.07830579956030378,0.08869832734324824,0.06094604803605851,-0.033702308033896754,-0.0207024963279215,-0.0016601103142544673,-0.0008389191843756609,-0.00623507332268451,-0.0018094748610447302,-0.0009796756521334583,0.0014127529761727472,0.002343315202651817,0.0002507213618975452,1.8706454634195521e-06,0.00041066974465072835,0.0019105713528856066,0.002728305774686092,0.0010682134999043303,0.008094106619061969,0.009404129423699368,0.016057331396329737,0.01904958496065429,0.012420871414941371,0.023867684852929262,0.026676898453172806,0.04454028522656078,0.05235180385376464,0.035405190680103976,0.0,0.0,0.0,0.0,0.0,-5.84235897929004e-06,0.0003290127971964938,0.0014059744589288575,0.001904824112152605,0.000833376144551594,8.807923597061193e-09,1.2872546565646215e-08,2.818862715732312e-08,3.56649055990406e-08,1.954378191516031e-08,-0.009132972450747142,-0.0070639931898888175,-0.002728084150699676,-0.0014373710037816748,-0.004646410637122977,0.0012424336772271399,0.0014028072493564166,0.0023573197900009896,0.0027689485063094586,0.001857100947761421,0.0026050481441756913,0.0037226849659869835,0.0078120751692107755,0.009823675346656428,0.0054829319649447265,-0.007279677406624277,-0.0025728230859536827,0.012724474502768661,0.02036830437786975,0.003575828811413849,-0.003786607664596629,-0.0011811512460211803,0.022553922018535802,0.02813298837944202,0.014268568569668384
1799,0.017333841104918583,0.02860746026685567,0.05919802989964979,0.07209881969755888,0.04261982551063996,0.034639571954032854,0.0384716955386539,0.06418012559309065,0.07531483152706374,0.05126135247878958,0.019576440909350283,0.025032552309388945,0.04260899225707401,0.04973476655211412,0.033313645878311565,-0.03287093718270454,-0.019590431408427256,0.0017532858637496812,0.00524261478496491,-0.004448485091542222,0.04663108915186144,0.05867415240597158,0.09658939910310771,0.10818528977128357,0.07732744549944787,-0.03603045349112119,-0.02235083406865093,-0.0017958907032622515,-0.0009060260267928586,-0.006814317982867673,-0.0020109847405002266,-0.001124616670399831,0.0014270586949441937,0.0023979116767447587,0.0001959117051130259,1.9871807229247727e-06,0.00043325952208219125,0.002012461295092364,0.0028740571086118085,0.0011271628950479794,0.008286611561174622,0.009624635094971844,0.016467469218799276,0.019540309838621924,0.012729121855209321,0.0244319443122549,0.027311020180243815,0.04568546018413381,0.05372216520747747,0.03629301621198485,0.0,0.0,0.0,0.0,0.0,-5.996196904134441e-06,0.000337170788885251,0.001441310694249076,0.001953620721558039,0.0008542165895226762,9.022068724632853e-09,1.3186918709052724e-08,2.8911538536694153e-08,3.659203164310762e-08,2.0033034348168965e-08,-0.009438434247104348,-0.0072942721652684405,-0.0028279234746427942,-0.0014975519509859547,-0.004804914554220049,0.0012719448991589156,0.0014361925413126073,0.0024178710600623555,0.002841135121359964,0.0019037968501803726,0.0026970923704049982,0.003857731556044774,0.00809802967168968,0.010177643188927178,0.005683790530168956,-0.012854933506286982,-0.008373004015266026,0.005256231280211428,0.011869074379308122,-0.0025201630208841206,0.020837255978111244,0.02523227532722212,0.04545746932174015,0.05334859176045841,0.03487895784695472
1800,0.016995405227167974,0.0286111860078457,0.06022994217887841,0.07350176779003875,0.04316614945592403,0.0354433211802145,0.039361110427577346,0.06579976302204363,0.07721162286710138,0.052512185201133564,0.0051947356965967246,0.010086475701760576,0.025128717352397974,0.03145039005160922,0.017417868340988567,-0.03463083311775167,-0.02082748942145873,0.0014574549965237409,0.005085171963504812,-0.005006537884578969,0.03078022685178815,0.04298217310845954,0.08115618518042067,0.09314522615521931,0.06154145797052178,-0.03760621883581578,-0.023363236935297377,-0.0019009728823059515,-0.0009574391383588312,-0.007254083647048919,-0.0022120498288317044,-0.001287195356240189,0.0013517091942774645,0.0023504071393571123,9.128034631453419e-05,1.9917772158128956e-06,0.00044163127621707585,0.0020556659870859606,0.0029358672275952113,0.0011483534425476892,0.008478581071997265,0.009847367907500688,0.016881287870196292,0.020030487018747458,0.01303687966440743,0.025000140102057384,0.027949683990163135,0.04682613416773729,0.05510190115251115,0.03717822108491625,0.0,0.0,0.0,0.0,0.0,-6.150537757985331e-06,0.0003454883492122647,0.0014766371342026924,0.00200279011559093,0.0008746827859604484,9.233967178305405e-09,1.350559168503881e-08,2.9641171721548688e-08,3.749875911416835e-08,2.051859806210166e-08,-0.0097468754926528,-0.007540330895266399,-0.0029323311432976444,-0.0015558111060545094,-0.004967767059007595,0.0013016121791339084,0.0014697742658372447,0.002478981093523576,0.0029138897674548998,0.0019500693269699782,0.00273048861945471,0.00390930919551634,0.008249581535816765,0.010372588480043169,0.005772327896616191,-0.015002927837562763,-0.010865281404634464,0.0016214802545389967,0.007796196165969918,-0.005127678065066192,0.010193579651401748,0.013874097722872106,0.029912551192500265,0.035925019858441626,0.022320291108899215
1801,0.016634504784754364,0.0287291924033094,0.06146097920558028,0.07501682456176546,0.04387261708966354,0.036244998024639354,0.04025253387676019,0.06740801887719572,0.07914642435441781,0.053768434170838555,-0.006178782832432624,-0.00203507789740517,0.01181986997995784,0.017479771776683233,0.004816058049207187,-0.03632448442375577,-0.021912837670693987,0.001322586375199305,0.005086101233370528,-0.005411794100956678,0.018452842345734497,0.031026339223039812,0.06929175542292886,0.08150815471303459,0.04933069165020379,-0.03940289890519526,-0.024443993916917477,-0.0020078322512995725,-0.0010091920579766377,-0.0076427135566929545,-0.0023665054936796164,-0.0013927484777603194,0.0013536607749665937,0.002387920763933474,4.704514640162798e-05,2.0533713785556543e-06,0.000456920193576887,0.0021293844610494155,0.0030397768921320905,0.0011890334175727177,0.008670996282354005,0.010071890381369852,0.017294080033917514,0.020526908158504237,0.013345766712337268,0.025567719290650492,0.02858935121642678,0.04797476291917517,0.05649032856226734,0.038068091274090644,0.0,0.0,0.0,0.0,0.0,-6.3053707267281516e-06,0.00035367977192140557,0.0015128340249357809,0.002052061816836379,0.0008952162054369509,9.447463728538602e-09,1.3818850982648118e-08,3.036726492749289e-08,3.842098705969336e-08,2.1004903126729814e-08,-0.010087058090824616,-0.007803421404638118,-0.003044529126191328,-0.0016230847070694855,-0.005143233632196712,0.0013314044770447056,0.0015031231968146755,0.002539974527876715,0.0029869403426314497,0.0019965155027176816,0.0027962176246170713,0.004004519170419974,0.008464920237809596,0.010643407566287705,0.005920387550099358,-0.012674161721436929,-0.009108902124924812,0.002236412517113045,0.008199071668455005,-0.00391002767810299,-0.0030725633556705555,0.0016350406765506006,0.015020109492355856,0.020662099030841583,0.008296262253576707
1802,0.017244899198263507,0.029484603282142904,0.06275743844480375,0.07669505404129667,0.044795849788038196,0.03705772687551696,0.04115143918286869,0.06902990044020478,0.08105622752253577,0.05502425072808702,0.017193825038587743,0.02174918313976058,0.038242982699935736,0.044569952068245496,0.029246878881166193,-0.037051905539105666,-0.02231224942287175,0.0012201226894470488,0.005052557557155566,-0.005625532000884838,0.04326686357291587,0.05603603379242113,0.09620821780503898,0.11069219480910772,0.07472924153663606,-0.04000576486451441,-0.024827076961303384,-0.00207896502274391,-0.0010478148388985786,-0.007774971551074557,-0.002414781812973496,-0.001413210236254119,0.0013758353029041772,0.0024269724028768906,4.9170024281776526e-05,2.058640605253953e-06,0.0004640613167360609,0.0021677042368905323,0.003093777686941016,0.0012069005975891044,0.008860984661356252,0.010294686425404303,0.017705506227662555,0.021024397655666313,0.013656344428755187,0.026136022659253237,0.02922648417049677,0.049120863151653656,0.057863358431156864,0.03896690300081994,0.0,0.0,0.0,0.0,0.0,-6.460685779693682e-06,0.0003619906732966737,0.001548536289048846,0.0021013069208083374,0.0009158074265628393,9.66633665544363e-09,1.4134311061227994e-08,3.109230322149763e-08,3.934247028671561e-08,2.1495136503613966e-08,-0.010437415709949915,-0.008082158699909416,-0.003162034947180573,-0.0016916200850272446,-0.005331437234251562,0.0013614779023273607,0.001536717494815568,0.00260084063494626,0.003059697369115887,0.0020434426855563013,0.0028362364902506983,0.0040607397536834905,0.008617669487564891,0.010840203598434222,0.0060105350916762204,-0.007538198763970191,-0.004271802092705386,0.006303008244783783,0.012487640411037145,0.0003932701120323086,0.017848159339051723,0.02134347152734017,0.03638182882599532,0.04283474654032744,0.027827929023320284
1803,0.019006079171543174,0.030825359533165363,0.06406717689263558,0.07833046009076314,0.04588372147688716,0.037868208151800996,0.04205208245031656,0.0706447975304248,0.08298951149493063,0.056304425729714495,0.03636879473900904,0.043067082282520486,0.06505239183704498,0.07326049387746147,0.053435523046943045,-0.03652896274658431,-0.021904579538013877,0.0010451781654059395,0.004894362974423929,-0.0057132549505312675,0.06588241041488575,0.07874936817727694,0.1235274188059402,0.14072219314519377,0.09991608029106358,-0.039262041080008706,-0.024265936550062615,-0.002101752659835622,-0.001061265218717888,-0.007621498248197904,-0.0023779488378999764,-0.0013816835590810175,0.0013467534109538797,0.002385342125423148,4.649035450763913e-05,1.952839880337658e-06,0.00045303774816158997,0.0021307081445510255,0.003055727478725993,0.0011815182327687063,0.00905486253307585,0.010518657865012816,0.018118070389469464,0.02152304260848622,0.013966625637006302,0.026705250015047664,0.029865154066481967,0.050274312145033306,0.05925061880938485,0.03986654470708069,0.0,0.0,0.0,0.0,0.0,-6.616473602879188e-06,0.00037027202796698007,0.0015847001002881368,0.002149705845320626,0.0009363842640690487,9.879222813693798e-09,1.4448928014308505e-08,3.182105274494868e-08,4.0286916839425184e-08,2.1986803597284707e-08,-0.010806300365672946,-0.008378019264991982,-0.00328037203847518,-0.0017654356050490515,-0.005531985040521766,0.0013912024206834777,0.0015704134721701336,0.002662101560452028,0.003132818637250429,0.0020906676082103727,0.002821757436309046,0.004043773048556587,0.008637952422440495,0.010895961413574753,0.0060093257093564644,-0.002534181757435081,0.0008759126539393643,0.012054419387105154,0.018312019965447023,0.0057826198232695455,0.03236391382506776,0.038017282646525805,0.056790326310792935,0.06450861569081279,0.04681074235156639
1804,0.021292792790011988,0.03275891719980902,0.06587438248508186,0.08038883958056083,0.04746644326482181,0.03867595660440324,0.04295353054132056,0.07226038438994194,0.08490538884589763,0.05757890755160458,0.05077009657525615,0.05956114858241541,0.08772141137911725,0.09803537708505011,0.07312854364955425,-0.03533587731184223,-0.0209166930396883,0.0012163419951463947,0.005018755880661638,-0.005379360620878119,0.08321286659298603,0.09707964439211529,0.1477029349224981,0.16725807261174497,0.12149731442993633,-0.038099336086476386,-0.023180954267957257,-0.002068367974677767,-0.001048383652606042,-0.007218653864370048,-0.0021741679043774495,-0.0012019504188426977,0.001463031798064307,0.0024970356018357066,0.0001811543569031795,1.9126702171298326e-06,0.00045044523744634807,0.002123138054472306,0.00304758080313484,0.0011758586275990809,0.00924612997232485,0.010746046863385296,0.018531664383354247,0.02201925659976941,0.014281446472596989,0.027269977100896993,0.03050558823642729,0.05143596124577522,0.060637579096487176,0.040765718951096055,0.0,0.0,0.0,0.0,0.0,-6.772725537953431e-06,0.00037854903951116517,0.0016204476588631846,0.0021993633299429893,0.0009571312698356745,1.0092588870257232e-08,1.4767085666718125e-08,3.2554785045783054e-08,4.1212238703372555e-08,2.2481329930932554e-08,-0.011179852611949915,-0.008682048371402492,-0.0034101168745501653,-0.0018429349910139082,-0.005736063624587539,0.0014209989458673759,0.001604064938798736,0.00272381098348928,0.0032057668938158764,0.0021378001901390274,0.002848955120770217,0.004080824446977109,0.00874724180919373,0.011042750015676563,0.006071943075700265,0.0007409679223212783,0.004629998460795328,0.017014460966888124,0.02357624938706075,0.010083445647622463,0.043238120947376286,0.050802400663145536,0.07474937710609832,0.08371410763058575,0.062434933670206805
1805,0.02134706107886259,0.033233384893338595,0.06727290300776666,0.08214240743824033,0.04845852237529598,0.039483193010032815,0.04384877732836934,0.07388645163737757,0.08684472877946392,0.05884174852990285,0.054299276184440394,0.06398836519289107,0.09545193906378936,0.10725301818943515,0.0792153853966133,-0.036508515495214944,-0.02163027709140192,0.00123529076805993,0.005132026477464696,-0.005574225827134779,0.08696811791678379,0.10159751673917669,0.1572504883533762,0.17852858665792645,0.128326301123378,-0.03935058088146234,-0.023956133749174546,-0.002153649262874377,-0.0010932852450161387,-0.007438983676907774,-0.0022091946301245353,-0.0012079797689159252,0.0015562542191197585,0.0026261779988327157,0.00022230630407422798,2.0342512896944827e-06,0.00046932690717560585,0.0022074154400383186,0.0031690559427740564,0.0012257394152203416,0.00943939480180064,0.010968636465770908,0.018948581303552814,0.022522189294407843,0.014595639604498056,0.02784010148169041,0.031146416469008304,0.05259965301077399,0.06202845133186603,0.04166683127120023,0.0,0.0,0.0,0.0,0.0,-6.929433526543193e-06,0.0003866331382832308,0.0016573644563525956,0.0022493290186266284,0.000978268440009355,1.0310078076247027e-08,1.5089223269336716e-08,3.3273174908467465e-08,4.215630254100022e-08,2.2974637775059306e-08,-0.011568763828799808,-0.008984150416052036,-0.003542727026422943,-0.0019180589333872959,-0.005945707515882553,0.001450688630831058,0.0016382156494717298,0.002785934646647911,0.0032793073582626084,0.002184747425828224,0.0029267707670897745,0.004188576640870046,0.00896980489394666,0.01131366249449129,0.006228636825010524,0.0019675081223689862,0.00614083620194144,0.019393642582988754,0.026086481280482066,0.011967850539165005,0.04550907986197319,0.05380578150817938,0.0801759693470206,0.09004417958380057,0.06672636954878228
1806,0.02048574692020764,0.033151077833535464,0.06846269240950668,0.0837143426816871,0.049047946884368115,0.04029444954112128,0.044748392076420014,0.07552978004499263,0.08879917855894455,0.0601228760091157,0.055032666444031375,0.0652773233757107,0.09988552318588677,0.11293117720762637,0.08191462280622534,-0.038705480962731804,-0.023140477810838524,0.0010937641290175125,0.005162894066764166,-0.006081975697957534,0.0872637742634715,0.10275185365787344,0.1629085190880208,0.1857494479295929,0.1315817816889429,-0.04152045058174516,-0.02549606174931175,-0.0022871896606063615,-0.001162207432589102,-0.007961207494403447,-0.0023747520605068638,-0.0013180124410627594,0.0016055915168017832,0.0027236916289582708,0.00019786852709462576,2.1908173133033613e-06,0.0004949593779290069,0.002321936380619075,0.0033236284712166867,0.0012909436624909383,0.00963065208104473,0.0111919862719706,0.01936081568687906,0.023024616437908513,0.014910106272131221,0.028411347914094005,0.03178646370401138,0.05376118539329117,0.06341917367400532,0.042571243100798115,0.0,0.0,0.0,0.0,0.0,-7.086590059342716e-06,0.0003950821830684087,0.0016934495079945844,0.002299446216363074,0.0009991891118859364,1.0528295083595463e-08,1.540919952493423e-08,3.400340342177395e-08,4.308976976886137e-08,2.3469908123686744e-08,-0.011971540920436712,-0.009306750483970904,-0.003675172402140098,-0.001991256574202123,-0.0061578632928394866,0.0014803244315705186,0.001671862087735232,0.0028474856116289145,0.0033527723560536037,0.002232360535746261,0.0030100490127163777,0.0043059890003631545,0.009207619260423294,0.011610326727515904,0.006397069926938202,0.0014945114834160346,0.0055756271060630105,0.018862087324417524,0.025485001611176138,0.011370382979045935,0.0469103868658,0.055817911266652954,0.08492699724314799,0.09589423727132933,0.07004681860120351
1807,0.019858028699364278,0.03317578501897206,0.06977762986280578,0.08542730584756589,0.04982986119200002,0.04110471702805105,0.045646415587297984,0.07716957984467018,0.09073760253522536,0.06140070598210521,0.059980338974155174,0.07119370425095475,0.11053187667438502,0.1254222302972921,0.09003792453794103,-0.040739523796904695,-0.024390285451299308,0.0010890742425921514,0.0053141126397911005,-0.006422782611641154,0.09264447737621276,0.10919246002638802,0.1743894408744179,0.1997250909090283,0.14022915465834096,-0.043702231470368405,-0.02683242963650617,-0.0024125805998236275,-0.0012307926628439359,-0.008377250530346748,-0.00247831896298758,-0.0013715188824976062,0.0017188755733518646,0.0028960366392459832,0.00023113755521000614,2.3603820057367545e-06,0.0005245035685728612,0.0024531377662960897,0.003510210215747831,0.0013668135824260637,0.009821079865622914,0.01141744673149728,0.01977977274900337,0.02352168744672619,0.015224455266566558,0.028983659390264576,0.03242454686578764,0.05492893501049307,0.0648222599358104,0.04347907452075016,0.0,0.0,0.0,0.0,0.0,-7.244188129627222e-06,0.0004033054714639964,0.001729533636979149,0.002349184306809091,0.0010203086282500524,1.0750017419669539e-08,1.5731382797916868e-08,3.4745233864483986e-08,4.403319021214445e-08,2.3964713039056333e-08,-0.012370091533503146,-0.009629525518517876,-0.003808299588653634,-0.0020754004822863105,-0.006373971144279991,0.0015104855123813528,0.0017058521749859312,0.0029094717754481907,0.0034266517198611726,0.0022797449983531495,0.0031033873690830657,0.004441155927180998,0.00947450201485546,0.01195151217656295,0.006592040509940315,-0.0007163660919212538,0.00306813498599457,0.01568881624941183,0.021956442270229314,0.008561325276598516,0.054346765805057144,0.06437199659448023,0.09867898439668776,0.11157640652455587,0.08094009591109216
1808,0.016029864604648808,0.031136293209415352,0.07069267567426485,0.08678467674566044,0.049840705354496584,0.04191327845767705,0.046545319653415025,0.07882183288144841,0.0926847724163363,0.06267672472294987,0.061328013032920674,0.0733684829728859,0.11667912369489694,0.13326992493126968,0.09397489324224245,-0.04621308449422565,-0.028119024854694558,0.0009375322626545107,0.005548935259575554,-0.007465701300841574,0.09221743720296059,0.11048394118507716,0.18089163236590095,0.208226004771168,0.14345848922934795,-0.04931055885267838,-0.030755761887205125,-0.002695041364008887,-0.001364654024395475,-0.009705924843250061,-0.0029283289918199634,-0.0016887291136461666,0.0018169205254881416,0.003119087696748006,0.00014747974327102058,2.75064266702217e-06,0.0005883001229230705,0.002730893992104108,0.003897479614853947,0.0015318689034898364,0.010017447828274737,0.011646345329478365,0.020201792523057864,0.02402240236350374,0.015539944798817441,0.029557100911314346,0.033069858187759794,0.05609428982420566,0.0662225230991997,0.044389623059295905,0.0,0.0,0.0,0.0,0.0,-7.4022211907881015e-06,0.0004113986445240811,0.0017663029442066345,0.0023988904796154193,0.0010413830268576414,1.0966380117952623e-08,1.6052930107485036e-08,3.5488148116352794e-08,4.497938984194274e-08,2.4459845746811938e-08,-0.012785125839662067,-0.009957093454569538,-0.003948112105642816,-0.0021558949994290944,-0.006592835045198907,0.001540222202145787,0.0017399133647056121,0.0029718978923405225,0.003500050820451672,0.0023273712872435427,0.0032854611231673317,0.004701425397063608,0.009953456327345508,0.012535247057562534,0.006955048702680023,-0.004926493452206842,-0.0012746727974978173,0.01048984292811671,0.01624066561552852,0.003988084233768422,0.05996642011787685,0.07090932809236647,0.10986331560084872,0.1246972354171558,0.0896146402832439
1809,0.012725725330713375,0.029427689143680342,0.07167756177195062,0.08813904449278726,0.04992546053846636,0.0427279602995269,0.04745428090895032,0.08045306742783702,0.09465267088796162,0.06396283338145814,-0.2872919219420922,-0.24285921008425543,-0.15810439262530934,-0.13257860280798667,-0.19836435230198324,-0.051243511095254005,-0.031383534364877605,0.0007490179947713609,0.0057190911052087245,-0.00840305249134591,-0.25197554194975047,-0.1989308977783226,-0.10263966304272917,-0.07532136082330927,-0.14591637082869152,-0.05453718452971561,-0.03410864993155688,-0.002912341451535891,-0.001474490802197601,-0.01081455933665593,-0.003342912293776167,-0.0019829210262771366,0.0018725968096224926,0.003290890251148385,4.357977812777135e-05,2.9976977459620133e-06,0.0006404079499947925,0.0029647048165507305,0.004219163341286934,0.0016651609351437658,0.01021064786744231,0.011872084115061163,0.02061966245664464,0.024529053044947225,0.015854405415621026,0.03013038395955651,0.03371390575333909,0.057259269030251136,0.0676271513150023,0.04529699471376793,0.0,0.0,0.0,0.0,0.0,-7.56068311754062e-06,0.0004198408367864119,0.0018022510465870289,0.002449393519658534,0.0010625251997300527,1.1185407351140823e-08,1.6374434592031757e-08,3.623135848266255e-08,4.591321622071017e-08,2.495879928511768e-08,-0.013214062529791104,-0.010294682619116964,-0.004087270990365457,-0.002231320515849292,-0.006815644262209323,0.0015706391574332225,0.001774020152026489,0.0030343585174988207,0.003573744407847862,0.002375310098206019,0.0034299734535515854,0.004914446650610962,0.010367728543386195,0.013051586262020532,0.007258950326044824,-0.01069658612860906,-0.006973107299554859,0.004307208379265614,0.009459509314846702,-0.001688638832190413,-0.28334976486564567,-0.24119803864198802,-0.1577162324437783,-0.13242846409786443,-0.19752934752915088
1810,0.012286347967367618,0.029337176429471087,0.0728378584970805,0.08971009556515644,0.05054885450431429,0.04353844654976617,0.04835555186754712,0.08210558639929139,0.09661939007999466,0.06524234592287428,-0.9402375968533578,-0.835068184505593,-0.5693880063425301,-0.4840879440805872,-0.6990358136671808,-0.05345564314912155,-0.03258930570493051,0.0005783447970891107,0.005735285079226157,-0.008914748586297365,-0.8927450170808497,-0.7841078381380387,-0.520743658955622,-0.4350778597128468,-0.6456582130678525,-0.0566886197977023,-0.035406327340957236,-0.003010765050264237,-0.001516016310235112,-0.01124516135081556,-0.003522627514760205,-0.0020981357638560003,0.0018909559919267674,0.0033583375017150014,1.5717371152752762e-06,3.0478715922833e-06,0.0006600095296876362,0.0030616586814534896,0.004355526226383855,0.0017157850797925743,0.01040484340713781,0.012096281804219495,0.02103968902483793,0.025039328198096265,0.016173008671766374,0.030700930104599174,0.034357163793017516,0.05843599442834684,0.0690327111340326,0.04620456997353492,0.0,0.0,0.0,0.0,0.0,-7.719568170485271e-06,0.00042823611408130134,0.0018385449071985826,0.0025004296617816145,0.0010836959770085539,1.140627557720698e-08,1.6696208269322066e-08,3.696814809235658e-08,4.6861966360927616e-08,2.545480704502264e-08,-0.013650019054837434,-0.010625346740920421,-0.0042227197103965565,-0.002311532126816879,-0.007042490117237673,0.0016006776397631298,0.0018078477504046226,0.0030968414167139744,0.0036477339431457653,0.0024234748761114188,0.0034921441523785694,0.0049984023730807155,0.010590004623450482,0.013333153773326027,0.007401406497432503,-0.017510507784350333,-0.013392084180129757,-0.0015789430481921742,0.0031604970913263085,-0.007439560674602558,-0.9327222006438065,-0.8272118280781148,-0.5626874102554392,-0.4772373179185658,-0.6920028176935763
1811,0.012850505971029443,0.030041329119856106,0.07420148949474713,0.09142152062580629,0.05152624574629289,0.04435646489068389,0.049260292341415116,0.08376656721019968,0.09858872086122723,0.06653416988337423,-1.1105155123086572,-0.994533236377232,-0.6798337040137531,-0.5796445320969755,-0.8369442269854906,-0.05439621154572352,-0.03314030062108238,0.0005434617099832433,0.005765839155295475,-0.009102715551449446,-1.057111891805625,-0.9410261922784309,-0.6322384398012941,-0.5329708746822928,-0.7826915285844191,-0.05756250307321204,-0.03595695658732423,-0.0030695573655328164,-0.0015467147259822676,-0.011387527292726934,-0.003555510800450231,-0.0020914195252828235,0.001962697521279863,0.0034661691332151987,4.309150642172954e-05,3.0611274959328244e-06,0.0006731917525605843,0.003131189375963027,0.004455720703366174,0.0017491906125814637,0.010598717153993851,0.012320010360788823,0.021458033818238135,0.02554451648229463,0.016488258616489546,0.03127469161943416,0.03500159284534418,0.05961061794421837,0.07042970536670895,0.04711354770511303,0.0,0.0,0.0,0.0,0.0,-7.878870963731668e-06,0.00043660587053417823,0.001875971833341926,0.0025513083962037603,0.0011050462621531201,1.1626940776168238e-08,1.7016642979646696e-08,3.771477452089625e-08,4.781948902295709e-08,2.5953772910117674e-08,-0.014099079625354364,-0.010972571533388042,-0.004367306916119071,-0.0023904224349532597,-0.007271942087607687,0.0016309763690826311,0.0018418778714286701,0.0031592067616172275,0.0037220111446975034,0.002471450665896227,0.003539461151567784,0.005069063549210242,0.010782713317943088,0.013572879253240746,0.007522074148231238,-0.0241224008786109,-0.019251816255764376,-0.006228841597361826,-0.001368740131206118,-0.012442387098070384,-1.0973723963761968,-0.9818703237709041,-0.6683784578125181,-0.5687506335460374,-0.8245472288352114
1812,0.015683898787909923,0.03222999044940696,0.07588314161812404,0.093330798915564,0.053012371044065726,0.04517211094678224,0.05015886659814508,0.08542527995668414,0.10054011911214916,0.06782267175882925,-0.9271745485964218,-0.8210523788426424,-0.5342538863437052,-0.44932140354730105,-0.6749871720147151,-0.05285527577155198,-0.031924165652349464,0.0006457763083505416,0.005735762055469224,-0.008762849874318466,-0.8668518553502484,-0.761883472707232,-0.48771792707085765,-0.4044010485834054,-0.6199454143440071,-0.05580285169300938,-0.03458602613757824,-0.003032207475435555,-0.0015282246429581723,-0.010879199119654851,-0.0033387283552722058,-0.0018951819268058306,0.0020538322787342386,0.0035381719050629583,0.00018087505623762105,2.9192457896016063e-06,0.0006630382067663486,0.0030976851540187016,0.0044281239035312775,0.0017248106413380458,0.010792567363453525,0.012544778767244616,0.0218819299404009,0.026053797132828654,0.01680597336056281,0.03185017623691596,0.03564929877745815,0.060789349589042314,0.07184555645164711,0.04803165476858656,0.0,0.0,0.0,0.0,0.0,-8.038586435319115e-06,0.00044494982066324763,0.0019127640066304683,0.0026017691242403856,0.0011261620513390164,1.1850792147086847e-08,1.7334712005184358e-08,3.845224779391877e-08,4.877751612336967e-08,2.6453014952528088e-08,-0.014557440348102428,-0.011325007666236824,-0.004518891391582514,-0.0024760513890261008,-0.007513117136384442,0.0016609170279874013,0.0018759758266809928,0.0032222425989330275,0.0037961974157533903,0.002519798697206834,0.003538364443154439,0.005070523032779297,0.010857703502362506,0.013692650347715952,0.00754752153882279,-0.02873251730247009,-0.023120193536695723,-0.008962220694688463,-0.003933585716800035,-0.015734047268451887,-0.91106048270573,-0.8041731537157188,-0.5190535915401541,-0.43511855306877756,-0.6592213848162904
1813,0.017659332070246277,0.033956991050142604,0.07743473661099796,0.09524188012849263,0.054334410695586935,0.04598884730403978,0.051078481099392004,0.08711430553327551,0.10251921537665397,0.06912402103704368,-0.7832217809916041,-0.6873899642878959,-0.4190736945360392,-0.3442737971693956,-0.5547073829901499,-0.05202475032821002,-0.031292132169979975,0.0006076759377772944,0.005676289480573107,-0.008656765793458008,-0.7203366699515465,-0.6258523349975298,-0.373000849290515,-0.3007711351735155,-0.4965774958592938,-0.05496399009613955,-0.03377821271439493,-0.0030172037795037194,-0.001519678443700329,-0.010586175728148212,-0.0032052522189382035,-0.0017758855990614622,0.0021070829770868326,0.0035835112705277774,0.00024973546042093766,2.823041164915945e-06,0.0006547185354237943,0.0030785131770801537,0.004415138194074889,0.0017070424792626734,0.010986334931576917,0.012771868691549792,0.022302374051305654,0.02656375021470918,0.017122850729464213,0.03241877757326068,0.036292508852701036,0.06196767674939116,0.07326843315178616,0.04895153330779852,0.0,0.0,0.0,0.0,0.0,-8.198709820191155e-06,0.0004533422843490822,0.0019496712278422625,0.002653084779076321,0.0011475502568756347,1.2070111274437542e-08,1.765946201533046e-08,3.9210798782021085e-08,4.9740301557492e-08,2.6957801281019977e-08,-0.015023347638476903,-0.011687120496419182,-0.004666520718262059,-0.002565506951223554,-0.00775150430528285,0.0016906967011526045,0.0019103401837739897,0.003284633982713628,0.003870747521368191,0.0025682401049778158,0.0035408038276797667,0.005074021904704364,0.01092458971637793,0.013785977388230298,0.007567701120466168,-0.0301774056472941,-0.024147917960721473,-0.009591017658312587,-0.00456258357030073,-0.016482395555409382,-0.7650057625596923,-0.6692603834826419,-0.4029420344842737,-0.3298024328885963,-0.5375944144232175
1814,0.01548488040407406,0.03283597516249003,0.07831746490489813,0.09648878210489338,0.05454620228532017,0.04680573175905521,0.05198418726253538,0.08877192094164726,0.10449644244759389,0.07042596989342809,-0.7046716356315447,-0.6135241159727527,-0.3574211214076608,-0.2860570864022603,-0.4832911544718633,-0.05571635787855105,-0.033833294560957634,0.0002956529567744145,0.005616240202930467,-0.009613363359234225,-0.6414602447984907,-0.5505371784006879,-0.31126752930690127,-0.2442609937195237,-0.4260882528873847,-0.05857829163868305,-0.03628402239126773,-0.003212524925811728,-0.0016197637088674233,-0.011490858340322483,-0.003540213956796553,-0.0020323443735204474,0.0020944868813393535,0.003657539299205901,0.00013253614844561034,3.024661019082579e-06,0.0006886813086612409,0.0032285937268475484,0.004623139920057151,0.0017936422738843208,0.011180312612231545,0.013000171951221006,0.02272971285168347,0.027070867579117086,0.01743840950835572,0.03299454657836442,0.03693956749500791,0.06315000096443353,0.0746884349593526,0.049871885593639635,0.0,0.0,0.0,0.0,0.0,-8.359236625502386e-06,0.0004615787718350321,0.001986721958347832,0.0027054217023653343,0.0011690299456810966,1.2292272002902895e-08,1.797624578902268e-08,3.995533629227713e-08,5.069708626013745e-08,2.7463408227095522e-08,-0.015492379272075838,-0.012052220871526085,-0.004817625876688593,-0.0026500082861365937,-0.007995624943089178,0.0017209354879512777,0.0019447562210463392,0.0033474305525779337,0.003945747903375289,0.0026164991507592883,0.003639994128304887,0.00521459639094501,0.011203163226506519,0.014139959955767034,0.007768905783024462,-0.028124143216307514,-0.022123945208328312,-0.007989613079905552,-0.0031328587370582895,-0.01454514723926284,-0.6875984371485067,-0.5972558407409685,-0.34359052439050775,-0.27429451975338237,-0.46855563587922555
1815,0.01248836433400668,0.031154668358048622,0.07934349374573349,0.0979582237268348,0.05476616791738916,0.0476151272092332,0.0528847270566431,0.09046060079152922,0.10648915779091805,0.07173164198835925,-0.9156526582343384,-0.8004711689273126,-0.5000488725775961,-0.4228595132245754,-0.6436989603036452,-0.060335424644540704,-0.03682594835919704,4.974042572830952e-05,0.005737552960753107,-0.010592357608497641,-0.850967029864622,-0.7380515423421532,-0.45342913836157306,-0.3776753636109418,-0.5874413513671523,-0.06322370364902821,-0.03937402132120667,-0.003453905995862662,-0.001736760270966733,-0.01257301281075197,-0.003926861958896546,-0.0023139285507921413,0.002145614880219733,0.00380705840937204,2.955881750024942e-05,3.323141185704972e-06,0.0007383891248737537,0.00344601275508701,0.0049179361336788565,0.0019220099025724986,0.011374569133434046,0.013231365144430327,0.023150916470253316,0.02758204408318321,0.017756883916143926,0.03357003801510361,0.03758727970673744,0.06433624608934237,0.07612095807071415,0.050795603978721515,0.0,0.0,0.0,0.0,0.0,-8.520162608055218e-06,0.0004702663552295403,0.0020235723265840575,0.002755972119106485,0.0011905090562359202,1.2508685678807764e-08,1.8306208636006688e-08,4.0693027412396074e-08,5.1654012111443884e-08,2.796430608184559e-08,-0.015980903212574,-0.012423208921620448,-0.004967389986011125,-0.0027411972203073443,-0.008246398344664035,0.0017514586284480575,0.001979177210497266,0.003410001537108179,0.004020303933592434,0.0026652088106921285,0.003787426204950218,0.005423540367858138,0.011591489370565075,0.014623879723002171,0.008056552747562855,-0.023751886919732897,-0.018073189229673232,-0.004778075673442055,-0.00024279192364788323,-0.010858130044666263,-0.9023409385696107,-0.7881688236179685,-0.49056163373403444,-0.41353032178292526,-0.6318922985201281
1816,0.012527817485936552,0.031546657504858765,0.08060817690927873,0.0996232503401673,0.05553430421749486,0.048424371363486825,0.05378181567388141,0.09213656665971237,0.1084767364420437,0.07303804965062698,-1.5948539045121954,-1.4078062057992033,-0.9315475500726819,-0.7954867059255061,-1.1607338226065906,-0.061875735806469184,-0.03772758727098443,-8.389095874297504e-05,0.0057396747576338725,-0.010967339994268598,-1.5318242557686006,-1.3466616317507183,-0.8830982151489377,-0.7463020643696915,-1.1034961371440337,-0.06467229786596099,-0.04030774919766238,-0.003562242990046389,-0.0017911597679126224,-0.012853487503593847,-0.004017625688694566,-0.002356201416563535,0.0022017981813377127,0.003906792520183128,3.862651051256842e-05,3.3776447782930167e-06,0.000755874603567882,0.0035297895339758013,0.005044343233015567,0.0019656977826280177,0.011569903810176958,0.01345984347519032,0.023574067019195722,0.028095702255524598,0.018078361386280793,0.03414867002611139,0.038234570977831346,0.06553334386412152,0.07754209171554016,0.0517263828845304,0.0,0.0,0.0,0.0,0.0,-8.681483753681727e-06,0.0004787916907077955,0.0020604658138872176,0.002806472144330581,0.0012120896954345528,1.2738347611066828e-08,1.8631515989511402e-08,4.145006237234481e-08,5.2611673489568626e-08,2.846630180911901e-08,-0.016460897831299604,-0.012797929972061759,-0.005118605706455448,-0.002827021688809434,-0.008493296539310666,0.001781743921483463,0.0020137218711548228,0.003473932422353939,0.0040959607605347385,0.0027135691678128316,0.0038414212933807696,0.005503484190634589,0.011792537913763335,0.014882634265529096,0.008189219100959235,-0.019060470764256484,-0.013604524566969764,-0.0010549494883872058,0.0033914194868383306,-0.00675196854552386,-1.585615313909129,-1.3995913288498272,-0.9262798113291748,-0.7884345266887154,-1.1538883766852317
1817,0.012200713196860592,0.03166291056089012,0.08185298907743672,0.10123073249444814,0.05623987225507894,0.04923757825869452,0.05468864538850123,0.09381847904703614,0.11045307105524703,0.07434051235633024,-2.0116680050282048,-1.776068920481788,-1.1776787094207906,-1.0036476702273525,-1.4686623259077478,-0.06373249782297333,-0.03888526574937982,-0.0002405281617426388,0.005744146546928946,-0.011398058284080692,-1.9466504737728163,-1.7164279484245604,-1.1284527225746999,-0.9555411188539549,-1.4098414566028297,-0.0664687732353541,-0.04143218604963154,-0.0037002454358647002,-0.0018643274806074532,-0.013234570286272309,-0.004138672092664067,-0.0024202386805231395,0.002267577050723371,0.0040179689545849105,4.1725363875506005e-05,3.4615762798926097e-06,0.0007775656988322405,0.0036335335940612568,0.00519630872595444,0.002022655246188647,0.011765395745162244,0.013686315306699016,0.02400106177050274,0.028611809809377452,0.018398260920980167,0.0347276550782462,0.0388919271374109,0.06674139567737233,0.07896643480018861,0.0526518406993133,0.0,0.0,0.0,0.0,0.0,-8.843196258401864e-06,0.00048747010842089845,0.00209775566364912,0.002858529896723243,0.0012339227375762361,1.2962176443436492e-08,1.8959643840223763e-08,4.220834990893676e-08,5.357373574094092e-08,2.897423305149572e-08,-0.0169430692367377,-0.013178598963597824,-0.0052675559036021065,-0.0029204314944367166,-0.00874521261886802,0.0018120750928773913,0.0020471901938043753,0.003537943981017806,0.004171082439113669,0.0027619562545870523,0.003906509389809803,0.005595698088497005,0.012010848527905611,0.015161277500681082,0.008334647529623266,-0.01547522823274995,-0.010217776790911005,0.002087221015298209,0.006630059352306189,-0.0036063039655976586,-2.007019562590107,-1.7722782324907496,-1.1739566254707572,-0.9991266639827935,-1.464264407899989
1818,0.009472058699451858,0.030245980537981675,0.0829652568069845,0.10285416635317535,0.056637215103164454,0.05004905551411247,0.05559920270043196,0.09550865872516552,0.11244621093787323,0.07564353897819895,-1.9603873633278814,-1.719054944011403,-1.0973711289636336,-0.9270754203535837,-1.3948392475503353,-0.06799922375260932,-0.04165443118526687,-0.0003485632025328841,0.006020588045709098,-0.0121571512775598,-1.8939898916936144,-1.6558463344137413,-1.048953558169219,-0.88028112043477,-1.3379635612282126,-0.07113553295630504,-0.04438505510758048,-0.003955396532815686,-0.001987794948519815,-0.01424187846030028,-0.004452979654473243,-0.0026272347347288017,0.0024066369072441376,0.004260581614338161,2.042469999358944e-05,3.7758762296476738e-06,0.0008318455100599897,0.003876017590257616,0.005532457812085382,0.002164955272838798,0.0119604104813933,0.013916989292820824,0.02442760126993194,0.029125322690779817,0.018718336979931777,0.03530076075587972,0.03954359673329127,0.06795419066748373,0.08038568960644796,0.053585103804517344,0.0,0.0,0.0,0.0,0.0,-9.005296511203925e-06,0.0004960295279594518,0.0021347892780195672,0.002910539092469091,0.0012555678050104506,1.3187942310180325e-08,1.92822372123518e-08,4.296398694194968e-08,5.454224842424327e-08,2.9480069314119907e-08,-0.017428817671798616,-0.013562148888349168,-0.005423979128609114,-0.00301365178141304,-0.009002208034614649,0.0018420399792024155,0.002081769697097985,0.003601724093383589,0.004246988654191953,0.0028107384472061594,0.004080466648668095,0.0058430078087811765,0.012472375629726183,0.01572790886594412,0.008678547597222695,-0.013987214383236347,-0.008757283106957399,0.003528011214252927,0.0081957766361182,-0.0022336350627092374,-1.956626076160726,-1.7154670431555696,-1.09572413767369,-0.9245029244016676,-1.3926641648022513
1819,0.007513302900828397,0.029402663125515077,0.08407822238617381,0.10446424282434201,0.05712627327059319,0.0508753939168502,0.05650811001275107,0.0972036498552492,0.11445519492273397,0.07695635708113636,-1.748263251005501,-1.5157096235253553,-0.906511767807003,-0.7502134334881881,-1.1987614687092374,-0.07169583129783508,-0.04394731376966708,-0.0005535745343193298,0.0061275278559946925,-0.012893917295054277,-1.6798963706140377,-1.4502355837503338,-0.8605425218074672,-0.7083063690962118,-1.1402948723093767,-0.07492249850476737,-0.04678502433171521,-0.004138169920020211,-0.0020817776274428624,-0.015044166903482412,-0.004733627223892099,-0.0028119396422496227,0.0024802927130596546,0.004420930249922677,-2.0336095854416896e-05,3.966553150660693e-06,0.0008727124888100559,0.004059165847363794,0.00579096674692781,0.002268900841295558,0.012157252793965716,0.014144166287490482,0.024856131203387154,0.029640054441630776,0.01904072136331081,0.03588711265320826,0.040180594841173964,0.06915165863093345,0.08182396103527258,0.05451860819211203,0.0,0.0,0.0,0.0,0.0,-9.167781078306605e-06,0.0005046291350075547,0.0021728167688173177,0.0029621342305944827,0.0012773573572755835,1.3417478078395097e-08,1.960459746594525e-08,4.373020982451783e-08,5.552067398138513e-08,2.999162854103734e-08,-0.01792395291147172,-0.013944781693969626,-0.005581681843250583,-0.003104352112655369,-0.00925550127005592,0.001872480913513824,0.0021156145703372935,0.0036653729100233814,0.004323213675948389,0.0028595781287563482,0.0041995247089579545,0.006009105023455536,0.012826353392735211,0.01616792748704261,0.008926058837670496,-0.014825835123963125,-0.00950987643534935,0.0029024566374178194,0.007652038292915748,-0.0029148678714907275,-1.7435610810411484,-1.5117870574470726,-0.9043718635748328,-0.7494806107923864,-1.1960196482656467
1820,0.006041577358863036,0.028832023159039554,0.08513489763963407,0.10593711461532411,0.05749979012298248,0.05169324390031724,0.05742697941382563,0.09890128086544249,0.11643896560726205,0.07827873070883105,-1.4300187265351292,-1.2184149665627309,-0.6534787696445198,-0.5126415390764623,-0.9252133369984705,-0.07471308818854858,-0.04584956090321074,-0.0009039198325400484,0.006032217877810971,-0.013666476921191786,-1.3575864797249841,-1.1517654175771033,-0.60813428701385,-0.4714146894584601,-0.8674157813950315,-0.07767359815075926,-0.048485514635680384,-0.0042721591106081045,-0.002145457450683771,-0.01565711699214805,-0.004995313513826839,-0.002997779081019063,0.0024684236215654254,0.004468834408740544,-0.00011440501929937532,4.031763025836705e-06,0.0008952885064476191,0.0041724941444077875,0.005956584463741371,0.002327680985295412,0.01234878328087403,0.014371100907401381,0.025284738385356238,0.030154779738560816,0.019360967728585775,0.03646737924101696,0.04082986703820879,0.07035606085272525,0.0832555219015512,0.05545710587080992,0.0,0.0,0.0,0.0,0.0,-9.330646688774097e-06,0.0005132438569294815,0.0022107224742780453,0.0030125747759426383,0.0012990176299313735,1.3636552331943064e-08,1.9928228175785864e-08,4.44973543719095e-08,5.649259332360693e-08,3.05050543884486e-08,-0.01843015303339942,-0.014336259904021554,-0.005744829725288111,-0.003197843234219574,-0.009520020865710244,0.0019028943333013566,0.0021500012263596627,0.00372953734740532,0.004399143663445865,0.0029086970015378983,0.004244898061381588,0.006083676910985737,0.013026449961856043,0.016425184820393412,0.009053890562261795,-0.017836868690852232,-0.012349976495977258,0.0004046613894561976,0.005351171058922906,-0.005459024550707247,-1.421652707358114,-1.2116727586677938,-0.6482146490797004,-0.5084429852757884,-0.9204425881100537
1821,0.00395510338822795,0.027915028437271068,0.08621019530334083,0.10737010852241083,0.05788143392704083,0.05250953752879007,0.05834840803240829,0.10060773021466816,0.11843269525403675,0.0795961302478573,-1.1680531437915873,-0.9678241156841205,-0.46107164739784834,-0.3329856136097222,-0.6937215039303317,-0.07842393894003179,-0.048122378726569284,-0.0011558070306422895,0.006064448089023798,-0.01445084210475807,-1.0936357117405417,-0.8996392287785555,-0.41487278568270647,-0.2903038547723761,-0.6357986514730889,-0.0812291318977288,-0.05074384691632047,-0.004443896521578479,-0.0022269849856555606,-0.01639531149689093,-0.005282311694141493,-0.0031904312259662185,0.002518141837930868,0.004596015771680633,-0.00018092173995308027,4.1915842037977824e-06,0.000930359980520657,0.004339640600519542,0.006191924434896881,0.0024208547409482243,0.012545222252231774,0.014599250363965028,0.025710715370436114,0.030670062882169603,0.019681681810434032,0.03704781133355378,0.04148054229475667,0.071570803776845,0.08469041401776294,0.05639395223011388,0.0,0.0,0.0,0.0,0.0,-9.493890221366979e-06,0.0005216926953386724,0.002247964270685744,0.0030643890112955706,0.0013204438186950522,1.3861677955243168e-08,2.025305090286326e-08,4.526105993566982e-08,5.746332948225882e-08,3.102094928885912e-08,-0.018965357192587733,-0.01475652826949664,-0.005910986442417377,-0.0032888305133132994,-0.00979440925286759,0.0019330972900597932,0.002184533313727155,0.003793729513105122,0.004474855358123849,0.0029580799786050743,0.00434147933272577,0.006221440761401536,0.013326099302886429,0.01680246737058137,0.009258756589871957,-0.02278797420834276,-0.016847432305753505,-0.0031255960511878587,0.001985538030904728,-0.009365454885243995,-1.1554632856550346,-0.9571800523598997,-0.4523653987286084,-0.3236197887766146,-0.6838560603698818
1822,0.00356732904876588,0.027963212524041964,0.08737073642154224,0.1088676152299981,0.05855574758363655,0.05332828658967176,0.05926271137671536,0.10229605870489296,0.12043548850851425,0.08091923966945325,-1.009304804194109,-0.8144956190020244,-0.3539134241999392,-0.25868531664949335,-0.5482560249625017,-0.08039045279948552,-0.049313465254605816,-0.0013752285661147385,0.005995738235867531,-0.014955633999835087,-0.9321654917370978,-0.7450933051193137,-0.30742527929055774,-0.21019137965539209,-0.4915083370548737,-0.08308462541378345,-0.051839899064074775,-0.004555038271025117,-0.0022769945091605,-0.016773229688696732,-0.005418666706570145,-0.0032672084209172973,0.0025662255485741966,0.004693207235848212,-0.00018992293380705808,4.2351045950425195e-06,0.0009499083893331613,0.004434857802551778,0.006333491481299853,0.0024707993447532096,0.012741059244407335,0.014825800049191684,0.02613706083841808,0.031187781131102668,0.020007191666885603,0.03762738219268352,0.042129740371900835,0.07277857453374584,0.08613099501268386,0.0573258441085672,0.0,0.0,0.0,0.0,0.0,-9.657508692521738e-06,0.0005302309594142479,0.0022859340575622075,0.003116434906318911,0.0013419162803435915,1.4082505940677296e-08,2.057820102629786e-08,4.6019046241505675e-08,5.8442590994382704e-08,3.1524214293804356e-08,-0.019509388272425127,-0.015185749037066505,-0.00608934112448912,-0.003384612198529867,-0.010078783581729018,0.0019635988387485645,0.0022186150123848017,0.0038580924237239596,0.004551552455909517,0.003006837414118583,0.004386691590631675,0.006283768191193848,0.013503333234929622,0.017048683611202275,0.009368609217431517,-0.028681907756805413,-0.02198978691346167,-0.006835301315399006,-0.0013775627101414477,-0.013818466954392752,-0.991697731304944,-0.7985920979137405,-0.34124407139730195,-0.24529607171494722,-0.5345732194684978
1823,0.00485762412475753,0.029147504099831648,0.08856676032323056,0.11031700420743754,0.05944774104595135,0.05414953094769636,0.060180647207434816,0.10400394955494006,0.12245131193471072,0.08224644336241513,-0.9489244610429902,-0.7533184782720371,-0.32839640281679455,-0.24448483021046968,-0.4893870796173738,-0.0804912315392844,-0.04926379247795853,-0.001655657875424098,0.005735429581026544,-0.015230101001673775,-0.8688141544267179,-0.6827295832769159,-0.2802430835253875,-0.19534313471882292,-0.4333361235298221,-0.08302567530588607,-0.05160621693868123,-0.00458957543527968,-0.0022981602923476917,-0.016694800423866077,-0.005413356862318005,-0.003242545576361313,0.002561188522346069,0.004693916415775192,-0.0001800256603352382,4.123590093967282e-06,0.0009431909006503512,0.004429377469145994,0.006350467803019419,0.002458616892431653,0.012937039860532575,0.015054783348705632,0.026565748098135878,0.031706682438437266,0.020332158616445502,0.03820715828103032,0.04278637943956189,0.07398632530940219,0.08756578838785738,0.058250836427822514,0.0,0.0,0.0,0.0,0.0,-9.821499245361075e-06,0.0005386670798565701,0.002324024931234773,0.003169655338798048,0.0013636796476721924,1.4299841347175505e-08,2.0903363398532127e-08,4.677608859774186e-08,5.941506270888112e-08,3.203846956550792e-08,-0.020067764085121023,-0.015617195601824316,-0.006264062701967589,-0.003482962646310084,-0.010365502384839985,0.001993928668127975,0.0022529383476958056,0.0039230116151853355,0.004627871648216619,0.003056542202119587,0.004359971485758313,0.0062509976819719905,0.01353385284862484,0.017091745311688725,0.009345112473878727,-0.03392006552320059,-0.026479745745783455,-0.009836656880550472,-0.004206476600103143,-0.0174995530133049,-0.9264181559109165,-0.7330176356795617,-0.3120560965609045,-0.23061918517406427,-0.471609406936238
1824,0.006691815010397414,0.030583798022054597,0.09008922960875224,0.11212056934771193,0.0606377064812732,0.05497686768998933,0.06108469787313114,0.10569853021203802,0.12447449844449243,0.08357752797711225,-0.8945631495772879,-0.7017520882055803,-0.30652627811294286,-0.22863472755219885,-0.44619885513988256,-0.0802839314738403,-0.04919308739203718,-0.0015907935851678153,0.005798410650842334,-0.015172956795139907,-0.8142823009667265,-0.6288410104618508,-0.25662034604256545,-0.17904072843465133,-0.38946083905043755,-0.08282226892974903,-0.05137753364778295,-0.004644087148058476,-0.0023291496098258066,-0.016551396026981087,-0.005298771214138996,-0.003102450903723958,0.0027155983061607496,0.004876643990736008,-3.3413341397732546e-05,4.145086340550168e-06,0.0009548079323650942,0.004489098712102364,0.0064353613116397215,0.002490011004391404,0.013136868920731168,0.015285700994853033,0.026995979367781985,0.03222031739625011,0.0206559311960725,0.03879152171768856,0.04343853758779787,0.0751976096174011,0.08901739047919734,0.059193216551060926,0.0,0.0,0.0,0.0,0.0,-9.985859139645728e-06,0.0005474187701468718,0.0023622873427918303,0.0032215622516118337,0.0013851810935646795,1.4521778780326065e-08,2.1232880811776823e-08,4.754014753099432e-08,6.04011450316752e-08,3.2559917329039555e-08,-0.020629412946768587,-0.016060897324879277,-0.006448502017870032,-0.003587920130621164,-0.010664083532994754,0.002024603857990015,0.002287421151911461,0.003987672568869962,0.004704517542907536,0.0031060598308255893,0.004400580710763877,0.006309622829568046,0.01367583564800496,0.01729012648424231,0.00943163501196959,-0.03655693696014669,-0.028556486948467165,-0.011089116791376424,-0.005438890117295447,-0.019104210989587415,-0.8699356663173397,-0.6798567859801256,-0.28955205924616795,-0.2128598923296557,-0.42703269852408593
1825,0.005868935129661505,0.030427456016934744,0.09136469683555462,0.11376325221927806,0.061403664196166996,0.05579928368982815,0.06199512275523906,0.10740029878272139,0.12649155615018803,0.08490886284896962,-0.7863612449444739,-0.6053519933314991,-0.2433183691428479,-0.1778796521241638,-0.3658399948581964,-0.0825379465029516,-0.050582167977251444,-0.0017085538118184562,0.005872696381402652,-0.015637979107943435,-0.704237675614746,-0.5308998228973947,-0.19244943291497804,-0.1238049963373199,-0.30876370046517176,-0.08493657890625037,-0.05275977560384157,-0.004801434635062859,-0.0024112447296973255,-0.01701940347291502,-0.005395169899595938,-0.0031462978670671457,0.0028536983520643304,0.005081544797362454,1.4768080875092893e-05,4.325730766337025e-06,0.0009879088982311767,0.004636893452382633,0.006648188599908571,0.002574722519352114,0.013329497044827044,0.01551661014388756,0.02743338578210973,0.032737540135408305,0.02098030638927302,0.039380582760891354,0.044095372992544686,0.07641522225998092,0.0904735310403714,0.06013767430384609,0.0,0.0,0.0,0.0,0.0,-1.0150585742586178e-05,0.0005558729323614503,0.002399785224443943,0.003273575513533144,0.0014072219648897425,1.4750885354847217e-08,2.1556933673236104e-08,4.830536014259506e-08,6.13844536570636e-08,3.307018422802322e-08,-0.021213925479574056,-0.016508439179850336,-0.006632088437425763,-0.0036926532219760527,-0.010963127147366053,0.002055327312497809,0.002322387533828957,0.0040523019676044015,0.004780668178813426,0.0031558741309254557,0.0044816808059621425,0.006431602808261461,0.013930751032181013,0.017613283639962944,0.009608754240086805,-0.034353095971766744,-0.026356033774675037,-0.009293040100109796,-0.0037656868799811854,-0.016987426961810555,-0.7642288241910493,-0.5854915265105518,-0.22833109871989715,-0.16332481050464168,-0.3483536310752129
1826,0.004959079103998822,0.030134897330096038,0.092520398707173,0.11524201033295318,0.06201483091804731,0.0566173256861482,0.0629116437533634,0.10910874687578158,0.12848910729235954,0.08623447694266884,-0.678235438038762,-0.5108076954778988,-0.1833273618745645,-0.1205875163997646,-0.28538005434366714,-0.08504432891962041,-0.05225120979072345,-0.0019406274942410048,0.005851357946139959,-0.016271445683077472,-0.5953963720095081,-0.43524268155569534,-0.1303793382181586,-0.06573563157999064,-0.22920805636055935,-0.08744528004616157,-0.054280020639274416,-0.004957623773394088,-0.0024924051021355557,-0.017532571101679363,-0.005557382975950684,-0.0032448385957680407,0.002934627451225968,0.005232498887177957,1.302048691131152e-05,4.471663068131544e-06,0.0010177072084225586,0.004773434039650411,0.006840540981432618,0.0026495788442348935,0.01352416586862069,0.015748313747824545,0.02786621066926251,0.033262554684127775,0.021306289171720942,0.03996583126070948,0.04475088549865628,0.07763563797302758,0.09191928228392116,0.06108180999262316,0.0,0.0,0.0,0.0,0.0,-1.031567652043981e-05,0.0005644344810084474,0.0024384318443254364,0.003326629320356315,0.0014288676397168601,1.4979023764183466e-08,2.1884889492136163e-08,4.9080435252085915e-08,6.23917573010881e-08,3.359319573225791e-08,-0.021789092783457722,-0.01697018643861018,-0.006819158777056759,-0.0037876431783463757,-0.011268224271814481,0.0020857639775078824,0.002357264117708169,0.0041178320880330506,0.004858351631913245,0.0032056096378464865,0.004547230775920099,0.006523287048166533,0.014139529579482111,0.01787764421478834,0.009747620263098144,-0.02745543061805547,-0.01993346188480538,-0.004221730706070033,0.0009376489023742493,-0.011214201728153569,-0.6609115216411822,-0.49594280054987966,-0.17476197026870227,-0.11230576314153913,-0.27382124398946334
1827,0.004160553453868538,0.02994805381055349,0.09377776969019594,0.1168471508624096,0.06271600504369723,0.05744161017362102,0.06382894270190087,0.1108184104798616,0.13051307384064367,0.0875701943649855,-0.5830162954913287,-0.4313989116875448,-0.13746786223822524,-0.07308704872360562,-0.2190551251147573,-0.08747498033852563,-0.05365402140834517,-0.002045456501481554,0.0059212639558355075,-0.016761822658364935,-0.4993378117985207,-0.3552777998915535,-0.0808668297826786,-0.020181137605778054,-0.1650374314490815,-0.08963401997840062,-0.055754246469525426,-0.005124670182854282,-0.0025740692372624935,-0.018012386899300042,-0.005660149344126284,-0.0032869713222550374,0.0030848478429489337,0.005455512727324448,6.475933507585726e-05,4.648996473173165e-06,0.0010523741646729738,0.004934568547490925,0.007070407338287324,0.002739976195635406,0.013718563289266916,0.01597839844505489,0.028298703624018404,0.03378505835134853,0.02163314710397626,0.04054715935010817,0.04540408333896872,0.07885928121066432,0.0933737893079565,0.06202221853216008,0.0,0.0,0.0,0.0,0.0,-1.0481129030825477e-05,0.0005729748197085648,0.0024768199623092626,0.003378961887259543,0.001450454293497175,1.5205242290969394e-08,2.2217479844420463e-08,4.9850162483038304e-08,6.340090156394053e-08,3.4106864236689155e-08,-0.022406947893637116,-0.017438629538569214,-0.0070017353537353945,-0.003895769713251522,-0.011574863263972508,0.002115847412368212,0.002391888143216635,0.004182823871087629,0.004935468726323497,0.0032559221491872403,0.004629101855697988,0.006638366029398152,0.014384863431165244,0.01819355170024599,0.009919684164764051,-0.018741047647567986,-0.011874348614513081,0.00273448454468222,0.007756778087353772,-0.003852934622410648,-0.5738752097737901,-0.4247204953629452,-0.13594440944420177,-0.07339718098416462,-0.2149514828740521
1828,-0.0009358643819939665,0.02729099311236528,0.0946397518769282,0.11818734036065237,0.06268723799632842,0.058260957813868613,0.06475017295521998,0.11253358690435299,0.13254178349515539,0.08889727802853199,-0.5055304314179264,-0.3685940606169755,-0.10249395128553171,-0.03956375784524339,-0.1694348454189209,-0.09373692492189703,-0.05779553848462245,-0.002352428182235585,0.00610312490861635,-0.018087857680509037,-0.42423422211258854,-0.29216255174460376,-0.043661792779700684,0.010610158789785377,-0.11867087997414005,-0.09630663267177006,-0.060115858044982644,-0.005489537870185131,-0.0027596329813250123,-0.01954436641196117,-0.006182372633269078,-0.003644153376697928,0.003217146257885622,0.005732801797730654,-2.8015094609061513e-05,5.093918075987986e-06,0.001129132173985852,0.005267279502763054,0.007526344422719116,0.002935508091782503,0.013910898428367268,0.016206362559882226,0.028728926355571473,0.034308987019419535,0.02196245365718699,0.041131312725552385,0.04605764200318683,0.08009137977850181,0.09481456802886254,0.06296930590571458,0.0,0.0,0.0,0.0,0.0,-1.0646940915693364e-05,0.0005816430714360101,0.0025151166339536673,0.0034322507297548984,0.0014723616402849504,1.5437086484129872e-08,2.2551182550790995e-08,5.062443823231384e-08,6.437700602767838e-08,3.462906051823427e-08,-0.023020529041689834,-0.01791436268002432,-0.0071897224640500934,-0.004008340768042473,-0.011881966301275552,0.0021463937416872163,0.0024265274043954125,0.004248388868630912,0.005013563613814817,0.003306284918221677,0.00481667758658525,0.006901660774549432,0.014867370437515653,0.0187940892719273,0.010289325677758351,-0.011504616612662385,-0.005111510534553624,0.009587883694052595,0.014829039848457057,0.002578559583727329,-0.5030690488575315,-0.3690049361946419,-0.10731941112318945,-0.04667127812057458,-0.17207083956563773
1829,-0.005831416213259428,0.024626215386738762,0.0954469964707717,0.11958978286885519,0.06269477509899221,0.059084101499953606,0.06567745344534952,0.11425897112598367,0.1345627608637445,0.09023266568688618,-0.4452074141647882,-0.32264519927954116,-0.07876473186314903,-0.021136941743130803,-0.13835603917385303,-0.09987195913975552,-0.06182461668872479,-0.0027140698129777536,0.0062209445927875725,-0.019373212231557163,-0.3670670490999063,-0.24602791598426135,-0.019418266787338764,0.02591292657548578,-0.08879761579831989,-0.10227661364093284,-0.0640817707833241,-0.005813632446744858,-0.0029220637288209926,-0.02090200447687509,-0.006691650988930602,-0.004002353851398785,0.0032935357129399664,0.005947604715512386,-0.00015688591054000518,5.431066055077921e-06,0.0011931988740670663,0.00555533721566047,0.007934714964541754,0.003101368795637373,0.014107594406090655,0.016435768078538714,0.029162227521146878,0.034830159231587124,0.02229064912335771,0.041718343605183644,0.046708528413889755,0.08131606551121406,0.09627551177025984,0.0639127535940845,0.0,0.0,0.0,0.0,0.0,-1.0813109894893468e-05,0.0005901099622518564,0.002553358396336696,0.003484755388642597,0.0014943441551419669,1.5667168170888974e-08,2.2886095464413806e-08,5.141071913457282e-08,6.537584258870587e-08,3.5152598577067316e-08,-0.023644525017532083,-0.018383275418760142,-0.007378849416529114,-0.004122491423502318,-0.012194805815889564,0.002177006691594312,0.0024611640581502885,0.004313613668727246,0.005091114129995577,0.003356510643408729,0.0049706571765892665,0.007123756629078881,0.015298926727013265,0.01932851926368686,0.01060907182817793,-0.00759583744929194,-0.0013171582275109614,0.013721566042800823,0.01938366562045634,0.006177930463520364,-0.44772820928638724,-0.32695747051504725,-0.08677893955690574,-0.03076261858351455,-0.14454752191186904
1830,-0.007855325461769,0.023738445088504458,0.0962830248506835,0.12084224281030367,0.06294781842108005,0.05990944365090488,0.06660000873559678,0.1159847365702732,0.13660825871959167,0.09158765093154642,-0.39624074929717057,-0.2854991984008409,-0.0609758540230137,-0.011090268945707832,-0.11679897672034137,-0.10352360142687204,-0.06396179431855234,-0.0031873371603463913,0.006104577037350085,-0.020388641217148663,-0.3194659313045415,-0.20822631360463928,-0.001468148554457502,0.035710949352313545,-0.0668377969672545,-0.10571078856986572,-0.06627987776362287,-0.0061606938963300875,-0.0031099334813460794,-0.021768054870787437,-0.006997639422947029,-0.004208588090222666,0.0033316601967589036,0.006073923794205503,-0.00024239470144020274,5.552373622869544e-06,0.0012294306187979733,0.0057297506729161035,0.008188978501206062,0.003195092511495082,0.0143052310820308,0.016664802639288493,0.029596332133129944,0.03534158819523085,0.022618266757713383,0.042295394424125804,0.04735939216431428,0.08253411049933951,0.09773216971860064,0.06486773683239941,0.0,0.0,0.0,0.0,0.0,-1.0979633760290833e-05,0.0005986166383446915,0.0025919910195816077,0.0035386067843096434,0.0015161667248621987,1.5893836817724883e-08,2.3214141032971142e-08,5.219678796148174e-08,6.637384318241164e-08,3.5670119634318605e-08,-0.024271689198997474,-0.01887775152152904,-0.007574000084589186,-0.004234668610975214,-0.01251343333260002,0.0022070488801168224,0.0024970337099790127,0.0043790488221639385,0.005168392046666262,0.0034067824537119718,0.005043269407010088,0.007233304560897473,0.015568214970942712,0.01967015796036453,0.010783716336259826,-0.007052057698561971,-0.0009233645496662421,0.014091937364182577,0.020058107575158687,0.006479555831941606,-0.40023923071277023,-0.2908914225538078,-0.06873183527738615,-0.017226341846449496,-0.12358757294230183
1831,-0.008039660363656009,0.023934627835654566,0.09725442491815835,0.12216524077420247,0.06349283416898448,0.06073918944053805,0.0675198816743489,0.11770190167681768,0.13867001797660466,0.09293344095853973,-0.5822460765662512,-0.4527059851110479,-0.21738604530226255,-0.17816672078977205,-0.29534872636432064,-0.10527392545904553,-0.06502989587526688,-0.0035962583437013844,0.00591047535963482,-0.02106611123159672,-0.5064544689325821,-0.37920649851467997,-0.1618259727184171,-0.12081281549497964,-0.24084479377119655,-0.10745365166099659,-0.06719151763895387,-0.006480576337083294,-0.0032822069492242337,-0.022229350276124014,-0.0071202186408433005,-0.00426195334206138,0.003403043838193908,0.0062062195149097665,-0.00023083287279694744,5.586523353559912e-06,0.0012517106789463022,0.005844946957270815,0.008371345135283466,0.0032529675530311337,0.014501325857465332,0.0168965576021735,0.030033429992852658,0.035858330597054434,0.022947751337741646,0.042873822940605134,0.0480082183257818,0.08375860780895,0.0991879065642789,0.06582167806523427,0.0,0.0,0.0,0.0,0.0,-1.1146510370380338e-05,0.000607123911320939,0.002630557423794927,0.003591118477738959,0.001538190698263363,1.611767580480789e-08,2.3548746144725462e-08,5.2976358918564475e-08,6.736572259513586e-08,3.6185296492703724e-08,-0.024943906379076012,-0.01939895229135929,-0.007785972739476066,-0.004354370766729894,-0.012862852744090013,0.0022376120070379574,0.0025317559743083125,0.0044446679880867455,0.005246363742704989,0.0034571449765161246,0.005089603323620209,0.007292703359669571,0.01575861664046453,0.01991165473417762,0.010894728238028714,-0.009701037859009614,-0.0036870199310622613,0.011078347382585903,0.016934912493582227,0.0036095530955478623,-0.5825737970995155,-0.45555573307404296,-0.22178335056293472,-0.1832085552958117,-0.2994063115708021
1832,-0.005027413322817168,0.025900845332339207,0.09860568137918714,0.12389390793270012,0.06459077633184576,0.06156816807758579,0.06841851444799456,0.11942455418123199,0.14071138227487343,0.09427250268290754,-0.8690963660286695,-0.7216940707686209,-0.4278783778691656,-0.35866138115759677,-0.5524054635387308,-0.10472736869555467,-0.06457471660928885,-0.0037379580569344884,0.005721017219817426,-0.021060328615050042,-0.7939652473846712,-0.6521272081217971,-0.372034937438614,-0.30168809685473286,-0.4916393274721841,-0.10660103800305212,-0.06648071747320446,-0.006548572542349859,-0.0033294196192401662,-0.02194542971400517,-0.006983700059230268,-0.0041037380932136555,0.003528019353120594,0.006352669684627458,-8.916685159998308e-05,5.489017764443309e-06,0.0012505774750504832,0.005871850523589382,0.008417054493738899,0.0032592932637554414,0.014700368402089744,0.017124248788219065,0.03046790952959798,0.036376077071682694,0.02327690625799237,0.04345908404629361,0.048656876707695626,0.08499068658706525,0.10063865744364184,0.0667773934087445,0.0,0.0,0.0,0.0,0.0,-1.1313737645357753e-05,0.0006158280974941263,0.0026691027457143037,0.0036446352196312275,0.00156039374613924,1.634448878353533e-08,2.3888574284614856e-08,5.3757849316463836e-08,6.835295810654629e-08,3.670298192414336e-08,-0.025644012599623286,-0.019952049465337508,-0.008006796230144142,-0.004479767746186291,-0.01323296036837168,0.002268171917593996,0.0025665713723667244,0.004510121628162588,0.0053240909723211004,0.0035079749605637974,0.005083258532545292,0.0072836494576964715,0.015834081129028312,0.020013779007440263,0.01091264431726506,-0.015121339342345538,-0.009062819274762789,0.005707931622590495,0.011713535847628088,-0.0014855145909384439,-0.8647140864706583,-0.7189163395593884,-0.42775767101442685,-0.35864369651079653,-0.5513447784039933
1833,-0.0035473729346699673,0.02673647852584156,0.09984582029271966,0.12539104354336822,0.06546870828918759,0.062387787794086984,0.06935568289464789,0.12115737312738785,0.14273973286356292,0.09561835654174092,-0.8906958775255068,-0.7475648704046889,-0.4378754278046358,-0.36780224202233636,-0.5670398799012095,-0.10528757250530754,-0.06499774561289377,-0.003987476903723095,0.005532766741635627,-0.021402721623726133,-0.813910713714051,-0.6744245170616975,-0.38197508478407927,-0.312124292750234,-0.5053231641293268,-0.10701175600558446,-0.06656299892206666,-0.0066651062278073655,-0.0033833160588186743,-0.022002784251153245,-0.006949458496000733,-0.00405571514852449,0.0036195581924124798,0.006458158817651079,-1.6511298832126103e-05,5.487831550687041e-06,0.0012621827694168613,0.005932677525364957,0.008510194968421226,0.00329130135460358,0.014895804649031336,0.017355593183993583,0.030903196106101212,0.036904092104824024,0.023604762450264792,0.044046499038039824,0.04930749874955539,0.08623085999977446,0.10211287411672401,0.06773102270885548,0.0,0.0,0.0,0.0,0.0,-1.1481313562607705e-05,0.0006246416618938997,0.0027069888692609323,0.003697283772317006,0.0015825885052691852,1.6574232845133477e-08,2.4230444828691976e-08,5.4540786814057475e-08,6.93532670072296e-08,3.722829833348278e-08,-0.026378348716682407,-0.02052190273266198,-0.008236973857652615,-0.004612126094982243,-0.013615456584827972,0.0022984125902265444,0.002601479658709338,0.004576267015096186,0.005401815143427799,0.003558512192153987,0.005109082470303565,0.0073126643514859644,0.015948886916542195,0.02017945035006977,0.010968929882701612,-0.021785513464765288,-0.01543525308074094,9.267251966444247e-05,0.006273010582715339,-0.007146429251248495,-0.8796958253813809,-0.7384255262561683,-0.43156925087336095,-0.36157746888788905,-0.5601132939254521
1834,-0.00725631539589371,0.025030563173001057,0.1005513806666979,0.1266077285474852,0.06555888786329546,0.06321171896559068,0.07026771253766068,0.12291326507265482,0.14479983561018053,0.09696282567696946,-0.7570788111550566,-0.627719897270183,-0.3294431713835116,-0.2734910124657575,-0.457716080550137,-0.10990897930322076,-0.06800472890771073,-0.004471477546293491,0.0053920894945499575,-0.02267354056956722,-0.6799725121807604,-0.5533580660500949,-0.27684621360967737,-0.21991650507269003,-0.39365843583506555,-0.11133455711490622,-0.06949566722381369,-0.006967132514881325,-0.003549241496084671,-0.023049667381331275,-0.007334566633843745,-0.004329723590298656,0.0036505878111455794,0.006609673224074405,-0.00013000027345865304,5.7336788325387936e-06,0.0013076508004799018,0.00614046405229586,0.008797408053368275,0.0034068173745923584,0.015090220190268441,0.01758600696082657,0.03133491393410158,0.03743293316883707,0.023936225784758156,0.04463219466098758,0.04996171157463231,0.08746019998430384,0.10356675692196593,0.06869046051236614,0.0,0.0,0.0,0.0,0.0,-1.1649236152572488e-05,0.0006334022572169208,0.0027453593605986305,0.0037500861465832223,0.0016049145593686567,1.6793221356545878e-08,2.4559674154960623e-08,5.53235725067334e-08,7.034643409022392e-08,3.775259499717251e-08,-0.027130773827728612,-0.02111204530824983,-0.008480161528427352,-0.004753825250247179,-0.014003392211280004,0.002329248274293001,0.002636553188104641,0.0046427418168129685,0.0054802212819031245,0.003608841726207655,0.005200777160931193,0.00745060347720482,0.01622116119782953,0.020534269750713433,0.011161588590362417,-0.02716978703210804,-0.020318316222669202,-0.003686308470758366,0.0025123518671604124,-0.011318981703019673,-0.7408513797192494,-0.6138815666401244,-0.3184071331966501,-0.26288300352679783,-0.4467616368665084
1835,-0.01093437287092344,0.023095739263923606,0.10142016240813703,0.1279905353811485,0.06573390198421088,0.06404347148972307,0.07119504803052008,0.12464657512983235,0.14686055650949204,0.09832818398365006,-0.8123761195741173,-0.678883632071124,-0.37516604572093104,-0.3166337957629055,-0.506202582737626,-0.11480447445835017,-0.07123554602162156,-0.004831525429665766,0.005403524408647332,-0.023874114094127333,-0.7374114144854612,-0.6066154067069545,-0.32253487546180853,-0.2625731628575453,-0.4422939128447696,-0.11617594120492691,-0.07266653213681863,-0.007277543328195029,-0.003701725638788859,-0.02419935765209936,-0.007714876837577358,-0.004585377180642479,0.00375832181262594,0.0068350470064981695,-0.00019770953148189526,6.046239788859958e-06,0.001364028342794799,0.0063956615446332755,0.009160648939102838,0.0035531670469952413,0.015285046552542012,0.017816052996713877,0.0317735180583632,0.03795537117054693,0.02426807119200364,0.045229981599925986,0.05061902089604767,0.0887015805754519,0.10504405236476401,0.0696479012103743,0.0,0.0,0.0,0.0,0.0,-1.181750349496883e-05,0.0006421959600135988,0.0027843357661883833,0.00380318218589723,0.0016270885492249533,1.7023143554005587e-08,2.4887045226007393e-08,5.610996325390727e-08,7.134118594136241e-08,3.8272682220251105e-08,-0.0279037285632285,-0.02171727279285467,-0.008719325980716409,-0.004887876028234536,-0.014402472113122431,0.0023598736444581467,0.002671498940724051,0.004708910865564354,0.0055583155510675955,0.0036596307955679723,0.005326708103212698,0.007629628604812796,0.016570362758438307,0.02096947681955414,0.01141921680756058,-0.027302719676207225,-0.02011028860246381,-0.003442515520656242,0.0026512911393678043,-0.010992406452900597,-0.7965387036889693,-0.6648661573212787,-0.365520021351406,-0.30793272373076574,-0.4948507359021426
1836,-0.011981871810136413,0.02253464893973002,0.10244968804556219,0.12927715480468624,0.06615260846477562,0.06487639641483955,0.07211893831047982,0.12638613256224793,0.14891688851934476,0.09968639435575823,-1.0229614938749156,-0.8698833054093337,-0.5221530735100741,-0.44080141391825006,-0.6764644419987891,-0.1177073757279436,-0.07304334933678219,-0.0052549477248586786,0.005245347175135905,-0.024678464940923454,-0.9501321460048335,-0.7994254414776536,-0.46798738885398106,-0.3848532996972555,-0.6129429147842633,-0.11891380072855454,-0.07425216081252853,-0.0075738270034177236,-0.0038586311067373195,-0.024807183881801753,-0.00790369021106888,-0.004685516127736803,0.0038702151104011225,0.007020339399834027,-0.00017864739923322296,6.197903718504983e-06,0.001399123311359327,0.00656669068309876,0.009411328040604239,0.003647087979631196,0.015480799702988457,0.018044655290925072,0.03221353445895265,0.03848038956199969,0.024595640835715093,0.04581528841003638,0.051285335241539956,0.08994008500129508,0.10653069632495274,0.07060576068122525,0.0,0.0,0.0,0.0,0.0,-1.1986113715322616e-05,0.0006510230369774633,0.00282353391261,0.0038556897195948588,0.0016488825920448163,1.7260905288066278e-08,2.5220066083554395e-08,5.690078914727249e-08,7.235854987304153e-08,3.880135715548038e-08,-0.02870086674257717,-0.02232833345743848,-0.008968588797551871,-0.005024685604542503,-0.014806936006253352,0.002390940525131554,0.0027068702877526096,0.004775037472619587,0.005636782702792193,0.0037104344851607617,0.005378632402699342,0.007706957105000434,0.01677686075871663,0.021223957303489614,0.01154637137402764,-0.019527748797345576,-0.012560961261133647,0.0030704233056612746,0.00915851705462409,-0.00398930124656049,-1.0148587677103724,-0.863905347176452,-0.5187883817085714,-0.4381344307998775,-0.6725713969443161
1837,-0.01396314607574467,0.02141698275985918,0.10330281932903881,0.1305718816571391,0.06636243059370998,0.06571212309843308,0.07302439477271883,0.12816198573517665,0.15098738044273954,0.10104357045719439,-0.9916013590209906,-0.8396579502336589,-0.4807748371942571,-0.40406869012006646,-0.6413139165699631,-0.1215226138187922,-0.0755237333217808,-0.005708198343349177,0.005128799593456361,-0.025712569853363273,-0.9171703446398198,-0.7682932147105139,-0.42803821049632373,-0.3501485787194836,-0.576966169910593,-0.12257789680703339,-0.07660810400884606,-0.007936495748218196,-0.004062070441716842,-0.025685284241601828,-0.008173745149726366,-0.004848583319862366,0.003998577760529666,0.00724709496871565,-0.00019074266525844036,6.427430890776449e-06,0.0014475176237482323,0.006785432950721665,0.009730323338381136,0.0037705757290234536,0.01567879341541989,0.018272326415807418,0.03265287047390475,0.03900974290442564,0.024923495586749028,0.04640601348488794,0.05194061013560782,0.09119166115180345,0.10799234734410305,0.0715699019377041,0.0,0.0,0.0,0.0,0.0,-1.2155064981794091e-05,0.0006598584329145849,0.002862795397930891,0.003908491513848427,0.0016716246131690555,1.7486926570755393e-08,2.5559301267542795e-08,5.7681713277996377e-08,7.33730852437124e-08,3.933752906446601e-08,-0.0295001759422434,-0.02295088368586235,-0.009223564615574048,-0.00516885159923314,-0.015216591122430002,0.0024214633764750144,0.0027421863584523878,0.004841728250242743,0.005714505978472904,0.0037617141698705735,0.005468801597530393,0.007830492969336335,0.017042574584680868,0.02156449586003675,0.011732334804909879,-0.0077182596057535175,-0.0010019705405052526,0.015566628461468182,0.022061538410301052,0.007189343227667991,-0.9969750398752347,-0.8455420951822586,-0.48922634288184413,-0.412494861372633,-0.6493063795740363
1838,-0.01770643165143235,0.019252333702079988,0.10424389044068862,0.13198816349111125,0.06655067579466156,0.06653275887496758,0.0739543193548914,0.12993432654675655,0.15304988855793816,0.1024033071819285,-0.8399627429392816,-0.7004418286803962,-0.35766345328335464,-0.290121932044107,-0.5164851113988143,-0.12697276405035027,-0.07904935540805623,-0.006000544547691475,0.00530229294537691,-0.02694218178327224,-0.769022296778606,-0.6284952312911516,-0.30734697805432465,-0.23728248845077782,-0.4509472693429821,-0.1279943007556872,-0.08029988324594255,-0.008346739248476617,-0.004273497111602179,-0.026979247644845373,-0.008571021363712777,-0.005092222589254239,0.004198391547816453,0.007583761204321874,-0.0002001373258694224,6.81988016698703e-06,0.0015213632494729395,0.007116720081825747,0.010185413888087691,0.0039595881739733895,0.015872203185357377,0.018500158353033206,0.033095463429485536,0.03954074203064138,0.025254269879080433,0.04698964567047332,0.05259830520684793,0.09244060089572709,0.10949243033335315,0.07252810135752853,0.0,0.0,0.0,0.0,0.0,-1.2324355502268529e-05,0.000668703365679375,0.002901393391185287,0.00396241215262191,0.0016940080242828564,1.772376951003337e-08,2.5894412312628475e-08,5.8466065578235273e-08,7.438228689473406e-08,3.9859221284043295e-08,-0.03030930517809402,-0.023584321641326747,-0.009475855121366582,-0.0053011901979819346,-0.015632415901669645,0.002452521440164853,0.0027774319604682075,0.004908495247342685,0.005793234716468114,0.003812716536491224,0.005641385306953503,0.008085077315168636,0.017511742160486083,0.02215317185343074,0.012082146588200258,0.001092849735391164,0.008654478850812254,0.027908150988349645,0.03591922996033164,0.017845051131201203,-0.8586015599311118,-0.7185915897140135,-0.3752069082161685,-0.30972425192971226,-0.5351626048467861
1839,-0.020757860417218287,0.017600336528748,0.10511976024028181,0.13331958350003373,0.06669414573416863,0.06735842363367463,0.07487787945679188,0.1316859670191297,0.15511647337522577,0.10377427843959543,-0.7165753520402487,-0.5851448790480118,-0.2670964354331022,-0.20434157794997307,-0.412525182546132,-0.13178447994847203,-0.08213032186697121,-0.006418635832903686,0.005285080061888822,-0.028128383511110293,-0.6456632218551099,-0.5125910996034839,-0.21710736368164496,-0.15316001094227805,-0.34707648071444774,-0.13254794758776448,-0.08335435080688255,-0.008714181751294835,-0.004465625883273337,-0.02809586635557985,-0.008935845796936036,-0.005324856868937568,0.004323005838590799,0.007841908409095882,-0.0002467040224800478,7.079070682053889e-06,0.0015788825957549217,0.0073813510034674715,0.010558809796958588,0.004106923142142374,0.016069677910375755,0.018729651911568584,0.03353226487377675,0.040074963588818124,0.025585561917768798,0.0475679942178349,0.05326036746527614,0.09367761249671018,0.11098742603167759,0.07350587415584126,0.0,0.0,0.0,0.0,0.0,-1.2493983521689462e-05,0.0006775312913914706,0.0029399290580689732,0.004017052713432346,0.001716586972798081,1.7958377998061918e-08,2.6226447151798064e-08,5.9266769610993406e-08,7.538214987228069e-08,4.039236811125226e-08,-0.031129186952005387,-0.02421584959530524,-0.009725427269854122,-0.0054451658703713575,-0.01604782316205653,0.002482696605939346,0.0028126524211766536,0.004975084990593891,0.005872363466918766,0.0038634263445513645,0.005758505724001825,0.008251850797634233,0.017866737036714767,0.022604603932266508,0.012334749601603627,0.0054851326500245596,0.013787366853578991,0.035448136634401106,0.04452652946291903,0.02401668376075073,-0.7409238262122216,-0.6099170823864314,-0.2892046668224381,-0.22881406474459504,-0.43808883478913285
1840,-0.022257152292744584,0.016896946149547447,0.10580773989022847,0.1343879819439275,0.0668688385762255,0.06817643267571367,0.07580475273885522,0.13343529022909562,0.15720035288096856,0.10513945973470121,-0.5821581054377051,-0.461028857595232,-0.1789945660648543,-0.10969595561905905,-0.2999576850365299,-0.13484747219509965,-0.08410740143210621,-0.007057032203523587,0.004899975262002809,-0.029247545637356563,-0.5108841298629416,-0.388050952796649,-0.12552805381004206,-0.06246025232348719,-0.23652491082692922,-0.13531806558287254,-0.08502339730923476,-0.009008836630421319,-0.004612576065644165,-0.028828992826429724,-0.009211543758748943,-0.005505752039751375,0.004337817924203944,0.007930697464357301,-0.0003239895004904104,7.128177065451628e-06,0.0016037439163365719,0.007516563153137016,0.010769723017492608,0.004175953493622646,0.016267598153549546,0.018958897252764943,0.03397501460675326,0.040605774283839186,0.025918897987211503,0.04816035322606063,0.05391969088251065,0.09491414711982868,0.11249032321509196,0.07447188651015109,0.0,0.0,0.0,0.0,0.0,-1.2663947319613613e-05,0.0006863758070858505,0.002978964073720562,0.0040702878052040845,0.001738724225194562,1.8188409865622483e-08,2.65572243855456e-08,6.007341932712812e-08,7.639184832727608e-08,4.0927146088982704e-08,-0.03195623688240574,-0.024854646278797993,-0.009983329965389426,-0.00559005186112825,-0.016472917769653324,0.00251368543299504,0.002848165409871711,0.005042208354349606,0.005952097742813116,0.003913919854347116,0.005778815909450748,0.008274466429241935,0.0180069711333104,0.02278208184391527,0.012396229748201829,0.00639043427051508,0.014794689509595465,0.03738038289633568,0.04716301681673842,0.025436370422695247,-0.6092766532846736,-0.4884691029951913,-0.20142119433000877,-0.13382795877729853,-0.3278447365082256
1841,-0.02482626413777056,0.015498515835697599,0.10659090382469832,0.13553603711554865,0.06699758205195136,0.06900587513911177,0.07672349151924028,0.13520985114457953,0.15927213867755496,0.10650569455200692,-0.4812849443536831,-0.3681124051485776,-0.1210110684906228,-0.04862299809812882,-0.21719621762482147,-0.13917782171274534,-0.08694930326359701,-0.007622515363496431,0.004700480760844826,-0.030435575622360867,-0.4107352866176281,-0.29556189593512733,-0.06358268347500903,-0.006344374946241571,-0.1561365790746783,-0.1394249717745575,-0.08763033504095234,-0.0093922687608774,-0.004801300535588087,-0.029862995414364414,-0.009566771168066004,-0.005734616362514388,0.004422171749056557,0.00814161301713115,-0.00038796045360122117,7.333765588006496e-06,0.0016521518821475771,0.007744241873662987,0.011096572870940357,0.004301444799605635,0.01646123550192655,0.01918863676929219,0.034420852839470654,0.04113810796665301,0.026249631930237445,0.04874659113254962,0.05456948485092303,0.09617604085853981,0.11398950525379595,0.07544171071187711,0.0,0.0,0.0,0.0,0.0,-1.2834245207968421e-05,0.0006952360213210911,0.0030180945083055073,0.004123689085081095,0.0017609488854166695,1.841890406033933e-08,2.688889161680067e-08,6.087585229454536e-08,7.741547963973087e-08,4.146138639798371e-08,-0.03279028714011883,-0.025493775830080542,-0.010239620124812493,-0.005727024827870839,-0.016893821544278903,0.0025446569114610795,0.0028833046584384263,0.0051090052570681365,0.006031547009618105,0.0039647968044372595,0.005866123508316581,0.008396966900552649,0.01828269472751404,0.023135065509956136,0.0125856116875799,0.00455766072686414,0.012450053966064698,0.03452954706939013,0.044359150012271184,0.02264663381437009,-0.5066926462820504,-0.3931150715744193,-0.14083460374330864,-0.0671554128630938,-0.2421630706665776
1842,-0.026559740165366587,0.014458569724655784,0.10736171037907506,0.13679673324298267,0.06716959511039497,0.06982541847538246,0.07765631992552371,0.13697670653100955,0.1613761852170111,0.10786441825174209,-0.41230446878786237,-0.30686665402598423,-0.0872500141598163,-0.01940532389961455,-0.16363123043048883,-0.14301779479011767,-0.08932908616860095,-0.008107059700076753,0.004506168472482564,-0.031529646828102414,-0.34234836828797094,-0.23382599725916722,-0.026877447263521842,0.021014691821654632,-0.10450670883586212,-0.14286193598879277,-0.08982557104891391,-0.009751290013623131,-0.0049898084510508365,-0.030783805867964115,-0.009854825045051188,-0.005909814906589894,0.004506690821477203,0.008321507774259279,-0.0004321490436345276,7.501051439644934e-06,0.0016936472886109892,0.007946330822597018,0.011393608370212848,0.0044126999330920905,0.016657157514199387,0.01941932486727129,0.03486935391844351,0.04167166421758268,0.026584207095756752,0.04932366939994184,0.055240363838419904,0.0974402441170136,0.1154864965680978,0.07639710329537004,0.0,0.0,0.0,0.0,0.0,-1.3004875528994722e-05,0.000704083465221286,0.0030569760140932434,0.004177725433892496,0.0017836535005843184,1.8650868472377354e-08,2.722685371303773e-08,6.1662305231881e-08,7.843927674006335e-08,4.19913995370963e-08,-0.03360492225286564,-0.026133445247771767,-0.010496009664006928,-0.005865650888169213,-0.017314547096404263,0.0025753633371458696,0.002918135279773667,0.005176188825642811,0.006110561812859145,0.004015396357095139,0.0059481313204848354,0.008513456258156308,0.018550473851544857,0.02347082567654029,0.01276312062773913,0.000225855262830053,0.007070767828632694,0.027830746766429836,0.03719462799060448,0.01643489812624223,-0.4314302461926569,-0.3262752189141343,-0.10139030973535887,-0.03049372819814868,-0.18190747656087708
1843,-0.02509940446085242,0.01564558039776738,0.10821543993343222,0.13797042477033045,0.06780772753568054,0.07065029746930876,0.07857089397961076,0.13875445548265114,0.16347189896570247,0.10922155766259568,-0.4023210381948225,-0.30143227340122863,-0.09581746355746401,-0.053084033873827055,-0.16480858908184093,-0.14309314481509344,-0.08948848041998558,-0.00865188387412857,0.004006538408053777,-0.03207752105546725,-0.3317342303176513,-0.22698066394160113,-0.03487425805872705,0.0011715932086626365,-0.10515224379028143,-0.1430454668387794,-0.08956907526808823,-0.009952458732818577,-0.005104830326241584,-0.030887335807579394,-0.009879473681646126,-0.0059001692174165685,0.004501773166890206,0.00834136653409195,-0.00043559891398247747,7.368366093471212e-06,0.0016887934025988731,0.007956949077800566,0.011418187848608935,0.004412044959624779,0.016856384537839213,0.019652972686372172,0.03531883966875545,0.0422009043872639,0.02691701212102584,0.04990578010554098,0.0559028659304634,0.09868889344634285,0.11698449589346571,0.07737044472271778,0.0,0.0,0.0,0.0,0.0,-1.3175836653358742e-05,0.0007129313340843127,0.00309583738032228,0.004231341177580681,0.0018060310598605423,1.8884242317820728e-08,2.7562140599129003e-08,6.24533333663216e-08,7.947578427286649e-08,4.253130442462114e-08,-0.034440934577030485,-0.026771181168420612,-0.010745834626841278,-0.006011331850066118,-0.017735008697053287,0.002606156068027378,0.0029533174465940113,0.005243240435674005,0.0061905450248002595,0.004066609784522255,0.005910349581220824,0.00846212137520011,0.01855052563877141,0.023487704368863133,0.012719303876597497,-0.0067535162431916155,-0.00037123513325314976,0.01894779177481807,0.02786387824343101,0.008349943582020269,-0.4146015763419319,-0.3130323656827445,-0.10285989555925674,-0.055024290709802796,-0.17507031509682688
1844,-0.02336137740781039,0.016895674058501835,0.10931159912069517,0.1393397067293908,0.06873412830980917,0.07147594175513568,0.0795024712379617,0.14053483160400976,0.1655778393149984,0.11059083714752159,-0.4039090582936181,-0.305061029538177,-0.10876550251470615,-0.07916490647132475,-0.17813443328840894,-0.14322045884995874,-0.0895312039143755,-0.008978007087022616,0.0037971820292239788,-0.03243960211984741,-0.33227485115699107,-0.2307457503051073,-0.04841904212522378,-0.017439032898956725,-0.11583434024623253,-0.14292542578478032,-0.08916247721206283,-0.010180579502410579,-0.005246752015922612,-0.03094037831758232,-0.009785084502491223,-0.005780154859369075,0.004635000334128369,0.00851301497875555,-0.0003066060184746301,7.3565123673316476e-06,0.0017022462987010124,0.008026990483272742,0.011527197846106457,0.0044410321389641485,0.017055119171173527,0.01988298616146538,0.0357613029987049,0.04273366762775696,0.0272495224219533,0.0504872361499294,0.05656320940153245,0.09996818365863995,0.11849989312324877,0.07833497493609765,0.0,0.0,0.0,0.0,0.0,-1.334712697841875e-05,0.0007219759661802613,0.0031348699845482617,0.004286151394846049,0.0018286693388898238,1.9121330804028597e-08,2.7902203648393993e-08,6.325605735228946e-08,8.051264104976098e-08,4.307285580268183e-08,-0.03527944817281877,-0.027412193970470747,-0.010996083790705755,-0.006146228697357486,-0.01815589595416453,0.002637228115812233,0.00298812225478637,0.0053105542819626315,0.006270297948340215,0.004117872706365253,0.005919938411998394,0.008470214619331971,0.018638142960726703,0.02360049692551877,0.012752234260088147,-0.01465297260341835,-0.008200118670330138,0.010238166615756317,0.018552833548553017,0.0004580000181339547,-0.40617653190911457,-0.30864337959824134,-0.10881200913187818,-0.07489893820881588,-0.17961925165491557
1845,-0.024973200263195217,0.016148015851784412,0.1101471382576694,0.1404839684030319,0.0689821674488804,0.07229558496928998,0.08044124810403895,0.14230011118945124,0.16767743066325846,0.11196180732517776,-0.36242164938889354,-0.2730320376539973,-0.09032561213171209,-0.059066940028995894,-0.15689511744550333,-0.14640598662793622,-0.09176788861709873,-0.00951430382141877,0.003604091052459052,-0.03352673039063857,-0.29514546581649387,-0.19990439561053827,-0.028573364233614798,0.0017269233930948347,-0.09259155570961464,-0.14592660897302295,-0.09119990595993026,-0.010659870455503246,-0.005530308418266981,-0.03195503706735629,-0.010026944905478381,-0.005915706901585523,0.004772116570355906,0.008757465504988437,-0.0003055883690252458,7.611359570949522e-06,0.0017506074015223453,0.00824415917529218,0.011839260725753925,0.004566441888540697,0.017253410483542238,0.020117196081372864,0.03620461567193086,0.043269049092318136,0.02758585600777231,0.051064661937010064,0.0572345939813851,0.10124689555542217,0.12001414439140187,0.07930530708619049,0.0,0.0,0.0,0.0,0.0,-1.3518744926633223e-05,0.0007308523898034806,0.0031740937330624174,0.004341858548068552,0.0018512800725229168,1.9348142591750622e-08,2.823840325916372e-08,6.40467902262467e-08,8.154431671276801e-08,4.360883639912705e-08,-0.036111829704835174,-0.028050845269220404,-0.011244676478057943,-0.006281660815869145,-0.018574758462822978,0.0026677150343577738,0.0030236489002268834,0.005377938743647144,0.0063501614466492575,0.004168925905570567,0.006004786221773551,0.008601469551602795,0.018892871866693375,0.023923312607006728,0.012929158120035061,-0.021419207006483275,-0.014780303742536168,0.003816685581951109,0.011767549582057025,-0.0056155090094018156,-0.3583529896602858,-0.2696207214611301,-0.08526690907044025,-0.05004559948613598,-0.15172566849023134
1846,-0.027352333828362087,0.015017821223923394,0.11086906955658847,0.14154027970745595,0.06910979003091935,0.07311764719343537,0.08135701170113457,0.1440772902236721,0.1697591004277272,0.11334155576402716,-0.3771401149175257,-0.28940481858533174,-0.11161229046781224,-0.08780251879628319,-0.17915661311028017,-0.15025757095978448,-0.0942958728236761,-0.010114343800973256,0.00340002288274228,-0.03477693427038919,-0.31292307764022304,-0.21896526937499472,-0.05049913370481271,-0.02186829237777762,-0.11482966046909998,-0.14926891268451448,-0.0935548419227891,-0.011135175079268391,-0.005796737459408817,-0.03298837190876072,-0.010320979146559118,-0.006104420727447059,0.00488090062858899,0.008979089562379052,-0.0003379074927349349,7.869202084633397e-06,0.0018004505608375618,0.008473443591271607,0.012166196978865628,0.004695232498987478,0.01745157389740775,0.020350253718712564,0.03665071003509442,0.04381400667754079,0.02791921370979683,0.05166039752361917,0.05790283664449657,0.10251064387726153,0.1215229142323323,0.08028082917897542,0.0,0.0,0.0,0.0,0.0,-1.3690688944098296e-05,0.0007395697264267352,0.003213915213491198,0.004395715506555193,0.0018737430869859716,1.9576453117021577e-08,2.8584042992133324e-08,6.484504643789728e-08,8.257002492611348e-08,4.4147056805863225e-08,-0.03694994604146767,-0.02868994942107818,-0.011498925717445058,-0.006415574910244591,-0.0190031319180112,0.0026980941723525826,0.0030588835380343715,0.005445587377741448,0.006429723676833372,0.0042205583892429375,0.006084296052293748,0.008711693652549517,0.01913106042067214,0.02422988834271995,0.013094400995368051,-0.02496877425768034,-0.018104732139474524,0.0007390510570632405,0.00850898032420685,-0.008474348225022457,-0.36901901051238384,-0.28197086366845564,-0.10333320122534391,-0.07891981546547439,-0.17059111097346794
1847,-0.029929194072224777,0.013615662516573056,0.11165044493779405,0.14275927725005735,0.06928788425234997,0.07393211564312704,0.08227359217824795,0.14588732279492347,0.1718613702877871,0.11472195079684783,-0.38671830499333565,-0.3015215336766682,-0.12719824740337587,-0.1023986619081649,-0.1958301814310788,-0.15451457233510857,-0.09717763211889913,-0.010595770723612256,0.003291101724975889,-0.035987864845953135,-0.3251783732995873,-0.23312570773668892,-0.06529835020282893,-0.03504791900776855,-0.13111101967657082,-0.15359165448836326,-0.09636164159950932,-0.011634847862235901,-0.006061574541531581,-0.03414186631673821,-0.010616912891496529,-0.006290234479749622,0.0050746636124353595,0.009298517612373965,-0.00032340308649858303,8.207726423243414e-06,0.0018645796417066528,0.008761319306772831,0.012570921856667078,0.004858304337974422,0.01764850089031226,0.02058292305456725,0.0370989568197747,0.04434418389375057,0.028256062438748855,0.05225558710196105,0.05857189425523256,0.10378701733720715,0.12301176724274389,0.08126023969163135,0.0,0.0,0.0,0.0,0.0,-1.3862957499203484e-05,0.0007484545658737787,0.0032538058106163447,0.004450789268039051,0.001896098933281912,1.9811869985270144e-08,2.891608488842064e-08,6.564954153717121e-08,8.359165054396727e-08,4.468091069102608e-08,-0.03778775996486016,-0.029340876761046412,-0.01175153080154448,-0.006552016124992054,-0.019422948165481256,0.0027285816508056055,0.0030935478154346277,0.005512931770430261,0.006509971118450168,0.004271877655735014,0.00619009778902226,0.008864770908683846,0.019439945976032404,0.02461664786523571,0.013320836503103287,-0.025688809587436922,-0.018559661793474343,0.00017570738822457905,0.007891098533418019,-0.008792475818692212,-0.3775675446471965,-0.29329930152442074,-0.11880807799587095,-0.09440419629878594,-0.18693446282820203
1848,-0.03645441778571031,0.009657126953600942,0.11209117520698572,0.14387866764062934,0.06873658570710113,0.07475784028198644,0.08320827472013827,0.1476976287546185,0.1739368275176627,0.11608597555091879,-0.323169100138062,-0.2500368777623793,-0.08553903515209114,-0.05930026989556726,-0.1525196804329798,-0.16231387079310078,-0.10237727512651118,-0.011374444082513322,0.003200866466855874,-0.03800572942431951,-0.2711576112873312,-0.18322137399857194,-0.023681445087356524,0.007030956147529526,-0.08715612181308617,-0.16148822722628708,-0.10175123199335262,-0.012390539789929227,-0.006474287512447553,-0.036299212104553426,-0.011325194799070957,-0.00678803882081469,0.0052252985114941575,0.009654444583848518,-0.0004978344723272567,8.766572905000806e-06,0.0019629346805838483,0.009204177857748219,0.01318600931113882,0.005110040479374476,0.017845450540854305,0.02082084677051101,0.037551082584218284,0.0448849383006086,0.0285924169099189,0.052839023022042714,0.05922692197580573,0.1050668946111523,0.12450733781482745,0.08223294667672398,0.0,0.0,0.0,0.0,0.0,-1.4035549081395528e-05,0.0007572791927079788,0.0032929371280849607,0.0045064786339532965,0.0019189426821745457,2.0036594109370895e-08,2.9257704192201607e-08,6.64533578633766e-08,8.461027030504595e-08,4.521674580578931e-08,-0.038642859786159126,-0.029983866542651914,-0.012007344674345702,-0.006699127994580768,-0.01985080845162964,0.0027593552063957644,0.0031295549719571425,0.005580661375971561,0.006590284532891407,0.004323654697681118,0.006393737285746049,0.009154741760883116,0.019964089673309832,0.025273154930370686,0.013719293750820847,-0.0246391147890192,-0.01741707697043465,0.001105741931625042,0.008734027006322032,-0.0075701016788250145,-0.31436001713461403,-0.24208695848104028,-0.0786202979953653,-0.05527194386881617,-0.14484225138432744
1849,-0.041329700054630866,0.006639768541586581,0.11252187211236823,0.14483940482140253,0.06833905807345889,0.07559794060796071,0.08412792414076231,0.1494779099933012,0.17605202523992317,0.11746536189125986,-0.2593413845120559,-0.19653320511662078,-0.04609707719046023,-0.025192969585875895,-0.10790046157699457,-0.1692653067874184,-0.10699897101286526,-0.012145396912253192,0.002971472901735815,-0.039867144538053956,-0.21621962437696127,-0.13146367302930503,0.017068823887069224,0.04565698466244946,-0.04207958906758657,-0.16835106567053382,-0.10636553275175809,-0.013093237214354422,-0.00684784549013409,-0.03816546480618656,-0.011991186572630206,-0.007236607327217769,0.0053136486287488115,0.009917957789363142,-0.0006835946120700152,9.168403104802506e-06,0.002045053201779663,0.009571232383023001,0.01372666176929481,0.005319891428192075,0.018038937314188885,0.021050586655053015,0.03800534317269313,0.04542579563454751,0.028926281734746526,0.05341556038377513,0.05989443772471234,0.10635449616161348,0.1260336496916651,0.08321415836709703,0.0,0.0,0.0,0.0,0.0,-1.4208462200041126e-05,0.0007658677400727618,0.0033325492405107005,0.004561937506350267,0.0019415978519567848,2.026819691444219e-08,2.9600035995329244e-08,6.726946959457561e-08,8.565620150464064e-08,4.574175253766846e-08,-0.039490672412621386,-0.030633854594818155,-0.012260795089219819,-0.006841057910183541,-0.02027613942500251,0.002790465831144911,0.0031650881265719117,0.0056490283360443256,0.006671524462699253,0.00437558027253312,0.006551682613380765,0.00939265199537629,0.020431836266826018,0.025860927171061848,0.014061948940334332,-0.022427491653588243,-0.015187672645048602,0.0031127795879855287,0.010728815040084461,-0.0054621409872624566,-0.2522103837640946,-0.1902122894626848,-0.0412726718277374,-0.02352682743096956,-0.10283976210745065
1850,-0.04442333201141567,0.005012536287549887,0.11305941394228454,0.14588704692896035,0.06822748064891176,0.07641800577745111,0.08506050971175513,0.151239597880076,0.17814003715780533,0.11884688907859875,-0.21067205676092499,-0.15516791239302993,-0.019723239938292936,-0.00115653869619209,-0.07524778641042812,-0.1741460237463938,-0.11009722032996423,-0.01283487568622984,0.0027056623694127,-0.041399964654782774,-0.17506293597254566,-0.0923176159720189,0.04604800810511474,0.07228042568583595,-0.008587505745170051,-0.17311074665663964,-0.10936005119299343,-0.013626377452896337,-0.007132087300405276,-0.03946181402611143,-0.01244121729833923,-0.007528897511040987,0.005404237219782916,0.010153925275490892,-0.0007666106448759635,9.382916728042674e-06,0.0021000728371597136,0.009842216448873571,0.014115614238036867,0.00546832830863018,0.018237471714627664,0.021278099173903997,0.03845154046662654,0.04595350222455486,0.02926116944703777,0.05399749257751959,0.060566342680724354,0.10761808095465529,0.12752858220168106,0.08418831307894056,0.0,0.0,0.0,0.0,0.0,-1.4381695383380154e-05,0.0007747957344226737,0.003371626089204922,0.004617278225365844,0.001964323743421968,2.0509228842246012e-08,2.9941132816136394e-08,6.808578411295193e-08,8.670758604616253e-08,4.627698538678446e-08,-0.040387373941073536,-0.03133380493960305,-0.012532516143177871,-0.0070025978539371,-0.020728764529150758,0.0028214302771473595,0.003200870341507214,0.005717135747993204,0.0067523897779146825,0.004426954899209047,0.006649064632244364,0.009529973943216427,0.020747155364570447,0.026279996633690277,0.01427970303592281,-0.019517476782186464,-0.012277298662618471,0.005918623193903853,0.013556396677920742,-0.0027266453328443933,-0.20669109066427777,-0.15131068024965394,-0.01662005004688872,-0.002297212744976375,-0.07348836471319774
1851,-0.04532226096038769,0.0047294019752731325,0.11389988491007949,0.1471673948764893,0.06866851071071853,0.07730269434304207,0.08605593504551622,0.15310926911073341,0.18033201309152713,0.12027856639128684,-0.1742294322096739,-0.12370892945142557,-0.001683155803789432,0.013569484199470622,-0.05160055020177137,-0.1769824021359801,-0.11159503113226796,-0.013381083545708846,0.0024497030187983367,-0.042327266509748954,-0.14265764170730652,-0.06391937623333235,0.06613837993393527,0.09195004929791965,0.015733473944131396,-0.1754967653511002,-0.1107255207102052,-0.013955470615161822,-0.00729337085557933,-0.04010029863164625,-0.01259328509415571,-0.007596751758794573,0.0055390316219426005,0.010387118113807818,-0.0007291965941994973,9.452850423462023e-06,0.0021359638339447902,0.010022865381078447,0.014378113544087398,0.0055640260487679425,0.018405418025452955,0.021478753733365236,0.03887031561813995,0.04645720260813793,0.02956686797062922,0.05464529030361728,0.061299154768515406,0.10898683227005355,0.12913282777502774,0.08524195486569647,0.0,0.0,0.0,0.0,0.0,-1.4542653707226234e-05,0.0007827397587357576,0.00340829830959527,0.004668017714284447,0.00198500635872048,2.093487225103903e-08,3.0423937157265925e-08,6.90271613809328e-08,8.786464894232503e-08,4.6963950308526034e-08,-0.041390286945984636,-0.03211105024882291,-0.012849687557718757,-0.007175195372160089,-0.021241008059866465,0.0028689685830802377,0.00325336877504285,0.005804597415450175,0.006853504726384621,0.004496700746144909,0.006691661435988186,0.009580438591732502,0.020933705019954903,0.02651220482967755,0.014385241630799536,-0.017783929409301905,-0.010348785057135677,0.007986346771245809,0.015656396035363326,-0.0008496269442759927,-0.17230529374491016,-0.12184606640679903,0.00019041580479348244,0.009107056469799427,-0.05171650357223048
1852,-0.04313706197041051,0.006562126596792666,0.11507776321698933,0.14865418053699722,0.0696866017147732,0.07832953212763423,0.0871864108823857,0.15515274936019727,0.18271722994076647,0.12189158882357107,-0.14583501239448315,-0.09928927809950654,0.01055923441172073,0.02435316638999732,-0.03396414297448953,-0.17683354410648267,-0.11148046491680154,-0.01380344107000058,0.0020790853976369104,-0.042675925990364745,-0.11621300385158889,-0.040232008867784934,0.08128790677241857,0.10756569315240966,0.03464480708639865,-0.17475015566098154,-0.10993622555485738,-0.014121799348630027,-0.007375422031488185,-0.04004004284621925,-0.012450365563446844,-0.007389651831295831,0.005691926523513667,0.010568372060217825,-0.000543097773423269,9.33753733284198e-06,0.0021373953010808185,0.010078354294952,0.014463827390878314,0.005581658486134573,0.01856190002643739,0.021659339786075184,0.03927198136506026,0.04694517685647568,0.02985234584498895,0.0554222327970606,0.06218162924753838,0.11049401382593467,0.1309013571903257,0.08642988201328866,0.0,0.0,0.0,0.0,0.0,-1.4696760416588764e-05,0.0007902189816877963,0.0034418903306796538,0.004716525963851699,0.0020040275837576007,2.162633787213252e-08,3.120893281915434e-08,7.025565434430937e-08,8.932233421290294e-08,4.7900681270028155e-08,-0.042465193488401796,-0.03297063968646165,-0.013198044036968963,-0.0073682951935721015,-0.021818995582160234,0.0029409660194009988,0.00333239917127798,0.005921478615272662,0.006988099553786968,0.004594216374501149,0.00665951065245089,0.009525568769626592,0.020967442409479415,0.02656610744205647,0.014367388892148177,-0.017329144610567032,-0.00983939912397876,0.008641162010247906,0.01649568922887996,-0.00027253363844524365,-0.1443705576883877,-0.09766395792502144,0.012553412420590642,0.017211062267143168,-0.0338564505608865
1853,-0.042467225473219364,0.007466209786252389,0.1162510598789956,0.15024445996157704,0.07059576134243503,0.07946000209786772,0.08846094282321547,0.1573529172812307,0.18526167154519627,0.12366285258276463,-0.14601954669290015,-0.10000750775241503,0.0002308674569641605,0.015563490324632754,-0.039488367230322896,-0.17796321230021897,-0.11238280556633631,-0.014326357679145923,0.0016694582656749377,-0.04347895409745502,-0.11866358239685273,-0.0439659283973942,0.07444926933780921,0.10030295841023981,0.029454626693266782,-0.17506626451547372,-0.11025392684467776,-0.014395793597613728,-0.0075419692910824445,-0.040327742897527705,-0.012449627817571514,-0.007344878921097377,0.005844173428047104,0.010766637907812444,-0.00043889683989540846,9.361295200863363e-06,0.002159793268504888,0.010187862377952387,0.014638981748748253,0.00563532087866871,0.01875948743176715,0.02189160096351785,0.03971697674884916,0.047474970617578445,0.030181166373359818,0.05626419540973315,0.06311498104903747,0.11210928282609127,0.1327839279473619,0.0877165681151348,0.0,0.0,0.0,0.0,0.0,-1.4868738490695815e-05,0.0007990346344585724,0.0034808901615230358,0.004770606045683467,0.002026246251422512,2.2502758045679013e-08,3.2173169626247335e-08,7.167338003902193e-08,9.10037454530345e-08,4.902195655194508e-08,-0.0436286848241233,-0.03386902469469195,-0.013572825367948954,-0.007577357143706969,-0.022435647729086315,0.0030276485914747524,0.0034295073372121584,0.006063843688149802,0.0071508384415508745,0.0047147662104296655,0.006679133527027141,0.009548085197582074,0.021076884526048938,0.026702831639467177,0.01441862337882914,-0.017963382611856035,-0.01037594933700669,0.00828620919549652,0.016275082064458,-0.0007426047995216609,-0.14307352755174726,-0.09752184780236785,0.004679363061435358,0.008758452422729567,-0.039027655471605194
1854,-0.04644371394136685,0.005119534256022434,0.116945949710677,0.15140605097076312,0.07045164958888042,0.08065332534467956,0.08978085758203468,0.15963725322147662,0.18791710515651955,0.12550768683152536,-0.18994965005358636,-0.142053087340493,-0.04086075490053437,-0.024830363025557776,-0.08192375114634051,-0.18397702221852086,-0.11643976139026009,-0.015356548326540341,0.0012638002374557665,-0.04549456730661244,-0.1666108546024457,-0.09040682920908974,0.03364902774534237,0.058630623315942224,-0.014157277173862573,-0.1807916447856476,-0.11416761067831253,-0.01517375050291851,-0.007955227368220573,-0.04211927555938446,-0.013017811556267017,-0.00774507690273626,0.005940144421640484,0.011043208069671233,-0.0005806075331654636,9.776469979586313e-06,0.002235339218703015,0.010525371956502598,0.015109995557620156,0.005831447202161177,0.01899414698716434,0.022169042098974783,0.04021310390486603,0.04807033925008234,0.03055887071638292,0.05708969717327859,0.06403631558136838,0.11372898309078516,0.13469501254531002,0.0890267796595958,0.0,0.0,0.0,0.0,0.0,-1.5061003034394454e-05,0.0008094089474978152,0.0035254887080655673,0.00483215723213639,0.0020525379998750136,2.350108488192553e-08,3.3236943010986686e-08,7.318150079253107e-08,9.273474749080788e-08,5.025685292789667e-08,-0.044836779535225975,-0.03481144049563692,-0.013960145472789927,-0.0077932578233546575,-0.023071745995045155,0.003129578639116654,0.0035430290313125316,0.006231626083339644,0.007339358618264908,0.004856741575696215,0.006828887160268376,0.009760888620715487,0.021472014906131678,0.02719317420960669,0.014706294194829137,-0.020342736646838777,-0.012685579004291545,0.0062924005471082095,0.01443439995016422,-0.002808100292615654,-0.18444033439880525,-0.1375225714986924,-0.03760327865847189,-0.023905803291140778,-0.07953828092946616
1855,-0.050947750232702566,0.0027825799188353297,0.11763865101932151,0.15262908994413352,0.0702649028033639,0.08182545629130637,0.09107764208961167,0.16194836346511943,0.19058556754916914,0.12737236774378885,-0.203178478648318,-0.15901106675975424,-0.05478486409128806,-0.03651394136840794,-0.09866914081725323,-0.190125309926451,-0.12077534359233125,-0.01639233609331628,0.0008917517579284422,-0.047657290833163744,-0.18692985988319208,-0.1091241285167176,0.02014900116680541,0.04632307987819166,-0.030276071419761956,-0.18682464096300083,-0.11833843903318075,-0.01604516789533068,-0.008405953910529852,-0.044025746826079556,-0.013607805141362473,-0.00814230971567581,0.006078916006498522,0.011357993131188026,-0.000706651794246503,1.0232484568561823e-05,0.002319870954370981,0.010903358790142169,0.015649611037922853,0.006046293473682159,0.01926325220972008,0.022485796784562348,0.04076185758619411,0.04871609700204724,0.030976076946178877,0.057860330777165986,0.06490697873847025,0.11531567496711852,0.13654301171822175,0.09029523333572573,0.0,0.0,0.0,0.0,0.0,-1.527160655079246e-05,0.000820883457310491,0.0035755721296257207,0.004899811763292497,0.002082430346415222,2.456002967210905e-08,3.436803653157811e-08,7.48091807815863e-08,9.459935889589496e-08,5.1594050439599374e-08,-0.04608046536192608,-0.035798938098953674,-0.014353157278113756,-0.008010975801934475,-0.02373155966765167,0.0032439973054928456,0.003669524573339706,0.006420081946459256,0.0075525703285438854,0.005017682128714061,0.007004245182131763,0.010017525082904771,0.02194903619275442,0.027776584879015964,0.015052629887167882,-0.023682914382422576,-0.015845553287204175,0.0035688164924051065,0.011798730405510684,-0.005493972838872766,-0.19420381713459936,-0.15147437306117767,-0.04946953282751014,-0.032445303951327976,-0.0931655210092856
1856,-0.05203943471425998,0.002570629298787887,0.1185125819337463,0.1540311034231791,0.07070962907944969,0.08300934830881629,0.09241639784200725,0.16430631016174324,0.193301597552308,0.12926352911707567,-0.1678692917821439,-0.13123306031217813,-0.031290546442881095,-0.013426843858617782,-0.07473535340526213,-0.19345809654560098,-0.12307751057657722,-0.017177707639793347,0.00034136883914591827,-0.04908924413863122,-0.1587458455825335,-0.08167525853060026,0.04560465981149654,0.07260626865837135,-0.0038390418269600834,-0.18950474926625724,-0.11992838289623461,-0.016647871299749508,-0.00875797795878357,-0.045031058429524734,-0.013860056812879882,-0.008287743475305979,0.006179001860180448,0.011568811068624322,-0.0007352499892180563,1.0375229612092994e-05,0.002362111957356532,0.011112821743805455,0.015955976387692382,0.0061598946099049815,0.01955696318078071,0.022827682348778768,0.04134505756764886,0.049405485783142154,0.031437542714429195,0.05860331345354346,0.06574576336175686,0.11688978236298697,0.13837654522612372,0.09152385451049155,0.0,0.0,0.0,0.0,0.0,-1.549611022436157e-05,0.0008333051613549499,0.003629764654994981,0.004971919252824473,0.00211443958591033,2.5674920754272802e-08,3.553255575732211e-08,7.655510861784928e-08,9.648901285065237e-08,5.298161396239551e-08,-0.04735775187797234,-0.03680839191268449,-0.014761364800295803,-0.008233308619550858,-0.024403527741002483,0.0033672813523348264,0.0038069716391937393,0.006628133861463947,0.007783553942908835,0.005191611530382107,0.00707526772709077,0.010120954894247117,0.022208071798424656,0.028113240954318122,0.015223257199195234,-0.026776651679800152,-0.01861144284039742,0.0012989763419611342,0.009501507896800529,-0.007844700955280452,-0.1560154113413776,-0.12099672570894872,-0.023874310486823654,-0.012285716539732166,-0.06721982469531143
1857,-0.05453326979738563,0.0013559772475896326,0.1195806740365321,0.15548950323806143,0.07087991506672117,0.08430108223409186,0.09384396003555925,0.1667994166874377,0.1961718149325381,0.13126613342308657,-0.22996904113732172,-0.18839291930465724,-0.0833684761504022,-0.06601762998960865,-0.13086230616683403,-0.19833291176715404,-0.1263126429908006,-0.018075337634118928,-9.242325669040467e-05,-0.05083646900689552,-0.2197314860073331,-0.14081451219299052,-0.007572623484974434,0.020235293891961614,-0.0597366094533001,-0.19388831940137513,-0.12289942339538323,-0.017331880617927984,-0.009132188932305267,-0.04644996927333162,-0.014323513904426457,-0.008567423859544789,0.006295290718809665,0.011818101618042899,-0.0008195708622115745,1.0659459244830799e-05,0.002425083517792047,0.011405527622526926,0.016376725350073663,0.006321738520180697,0.019867370177018284,0.023191144099618154,0.0419660946374065,0.050133117310432566,0.031926195575684685,0.05942326907698096,0.06667550429776575,0.1185784206221071,0.14031760902627413,0.09282196590211668,0.0,0.0,0.0,0.0,0.0,-1.573132263298154e-05,0.0008462607929867704,0.0036859913169339713,0.00504614048948746,0.0021476445057961166,2.6797499596666104e-08,3.677352821722731e-08,7.836448166534565e-08,9.84828870958618e-08,5.44268259167304e-08,-0.04867385097588821,-0.03784209070190366,-0.015180370113785419,-0.008464534856708427,-0.025088405615364996,0.0034935366129591407,0.003949833705358676,0.006847141120488046,0.008030343974955409,0.00537424603435412,0.007222701922167563,0.010332278181582654,0.02263094407634052,0.02863514039580943,0.015526245297613777,-0.028523267389386202,-0.02011581413250979,0.0002303396003073476,0.008442421019455335,-0.008965838962895697,-0.21564813988709855,-0.17653614996208883,-0.07504423905671904,-0.05963177886128771,-0.12221635050362906
1858,-0.05883210099598368,-0.0009666419110439048,0.12095093739992198,0.1575324253042179,0.07120629076732232,0.08572598879831127,0.09543406441544969,0.16948192841931733,0.19926693921423594,0.13343936377419263,-0.31490459478368527,-0.2673126856366787,-0.14587262918289862,-0.11943151430661572,-0.2018110465909007,-0.20486358239025318,-0.13070890873500263,-0.018768313889072,-8.458321203026323e-05,-0.05275556360880015,-0.30311576378802807,-0.2198190346219635,-0.07052095148393493,-0.037174670812887195,-0.13095711658442433,-0.20060798218895184,-0.12739098059735895,-0.018075801612971273,-0.00952435062574869,-0.04835240438209709,-0.01491389261992811,-0.008951058736189293,0.0064974774702677,0.012236768919235875,-0.00089836548540569,1.1150268130880058e-05,0.0025186425342325165,0.011825289284807491,0.016969451226474308,0.006561495453303101,0.02020002780634893,0.023580793069836552,0.042628690592521765,0.05091058650647423,0.032453783505705824,0.060373800344662,0.06773830750504552,0.1204007165533966,0.14242502560397052,0.0942596092490284,0.0,0.0,0.0,0.0,0.0,-1.5983732256041355e-05,0.0008607359897194705,0.003746939408934704,0.005129861055720461,0.0021842688970427817,2.7989581281138428e-08,3.806302560633124e-08,8.021112705505149e-08,1.0055648574322398e-07,5.588192527918323e-08,-0.05001821141438186,-0.038880552236998725,-0.015597819079530395,-0.008696855687391522,-0.025783726438500167,0.0036136379314439288,0.004087791406729077,0.007065303158880743,0.00828203663504815,0.005555406787126609,0.007482475818053501,0.010715307196915918,0.02332958661859984,0.02952084831807779,0.01606021995675283,-0.027866420329977274,-0.019208658079440416,0.0011375282759515896,0.009376446815269692,-0.008020914653857346,-0.3022246575985145,-0.25651841146555865,-0.13912685796389526,-0.11379171301465763,-0.19377474188831004
1859,-0.06200504177368614,-0.0023789043052233534,0.12220822662544512,0.1595389757660603,0.07158045473868914,0.08728892402800643,0.09716570410972898,0.17237082228780343,0.20259123990519823,0.1357712739949789,-0.27750705371033035,-0.23460474579647506,-0.11051755143957422,-0.08514142586555763,-0.1710289663379537,-0.21077153391771714,-0.13450598456803822,-0.01968262037281634,-0.00036089842078747703,-0.05470904357550628,-0.271320889788206,-0.18737833261591508,-0.0372728911709127,-0.005235187881905993,-0.0972117949700116,-0.20616131522274872,-0.131127210395193,-0.018861376712821402,-0.009927709178088039,-0.05003340178451897,-0.015488374783241003,-0.009333537270389193,0.006610677914842919,0.01251674947240331,-0.0010273114248775064,1.1480003124415445e-05,0.002593117842709101,0.012168025595577971,0.01745756825257922,0.006752245353660953,0.0205741565961,0.02401081739028442,0.04334882853110706,0.05174565505818375,0.03302102975000638,0.06140783760382048,0.06888061808117338,0.12235040525405792,0.14467709822684902,0.09581993500912565,0.0,0.0,0.0,0.0,0.0,-1.6255659416663613e-05,0.0008763674268055461,0.003813828016124791,0.005217155630995816,0.0022235960404213056,2.9285488580394288e-08,3.934908300511214e-08,8.215392590516446e-08,1.027304579780397e-07,5.7447030317410934e-08,-0.05137977498587456,-0.03994340562292981,-0.01602321830833596,-0.008938998584791127,-0.026487823781523746,0.0037454433029156394,0.004238643947590358,0.007304233080404237,0.0085532634014221,0.005750248475057079,0.007680707312652549,0.01099940852646667,0.02389384178710849,0.03023473360972542,0.016472869777419352,-0.025040944116796048,-0.016386910241289396,0.00380744090134344,0.012050829357156555,-0.005366507002488611,-0.26743797285930176,-0.22661217487617588,-0.10605038095405163,-0.08204031601916831,-0.16554633535929092
1860,-0.064113423200733,-0.0034417563161383722,0.12334269899952599,0.16119958605973927,0.07186800318056996,0.08895853946871424,0.09904422828931944,0.17546363461264566,0.20614308977957352,0.1382792836106347,-0.20387325734794856,-0.1686916888941233,-0.056844432371620665,-0.02886778561632662,-0.11461291818120234,-0.21587743093214207,-0.13781518690939326,-0.02091347146373015,-0.001116056893882381,-0.056844468932959274,-0.20710279637233708,-0.1237424523083086,0.018871148586605914,0.0500301687781026,-0.036408435969867384,-0.21055451000572806,-0.1340578016396442,-0.01971860897642413,-0.010412653814686357,-0.05170148994048607,-0.01608253759012802,-0.009740957823012738,0.006592310390247178,0.012647062173468416,-0.0012424045903524548,1.1666492433751536e-05,0.002645028207961099,0.012431219964140558,0.017843132748359553,0.006893914631417527,0.020959764454019404,0.024462833194728688,0.04410270038057923,0.052625344091703656,0.0336199485919842,0.062494548824912385,0.07011604945867686,0.1244109251086217,0.14706916060147937,0.09749423219517267,0.0,0.0,0.0,0.0,0.0,-1.6541130573398176e-05,0.0008929128045019001,0.0038841776384236372,0.00531172426881704,0.0022662424848013843,3.0525421294980914e-08,4.066789111935944e-08,8.416968975814626e-08,1.0506661837998052e-07,5.905082794994769e-08,-0.05273276726218277,-0.04099420078741091,-0.016441162325737183,-0.00917635374910745,-0.02717923451470357,0.003902740464342589,0.004419949051448735,0.007579936012772571,0.00886702887724266,0.005978479749503348,0.007801210549070271,0.01116732265053095,0.024304347902314158,0.030763838248735766,0.01675106884156503,-0.02170362374166414,-0.01299365185603624,0.007268604570644183,0.015566137376477742,-0.0022105823969914957,-0.1964972691692095,-0.1639224070762444,-0.05592117154912136,-0.030328928623474572,-0.11289368761489812
1861,-0.06562605620347091,-0.0037321185856129435,0.12485184914201344,0.16323878182671003,0.07249091108044856,0.09074974283511991,0.10103957388566939,0.1787310031662138,0.20990722334887488,0.14094727888740738,-0.14829925543954822,-0.11904666148237777,-0.021192511109630184,0.004271837061252264,-0.0733768419660133,-0.22048761153923868,-0.14096798961985796,-0.021974632801426,-0.0016875438314517038,-0.05876908281247006,-0.16056569892962008,-0.07811979609387897,0.058618663811176606,0.08707153097336302,0.007303527491300528,-0.21482883495790894,-0.136833010687716,-0.020644879466969454,-0.01088780803044134,-0.05339646205681044,-0.01664863381774239,-0.010104858666182012,0.006641926993925689,0.01283756643256706,-0.0014024604865643712,1.1890584991680495e-05,0.002702401671776638,0.012714930171729229,0.01825328559773026,0.007046608935925123,0.02136266848426104,0.024921124588784226,0.044892303182397154,0.05354328548754593,0.03425004332828695,0.06366888260068884,0.07142916976862315,0.1266055543472535,0.149615691491157,0.09926188650207483,0.0,0.0,0.0,0.0,0.0,-1.683818654545487e-05,0.0009100055917130838,0.003957743454639443,0.005410873552398937,0.002310323130264409,3.17925112978827e-08,4.2023479921620997e-08,8.621163507665847e-08,1.0738965206236091e-07,6.067328957273585e-08,-0.05402124949605888,-0.04199168997083738,-0.016829727486271356,-0.00939710658157179,-0.02782646469026396,0.004088414134344474,0.004627497127173496,0.007893442965941458,0.009221650323558763,0.006239838825709698,0.007959664739233721,0.011395740697245412,0.024799386976546232,0.03138255034306752,0.017094850932918126,-0.019190756245619556,-0.010510758781798926,0.00990213210588537,0.018275203546875524,0.00015684867292956316,-0.14352868161243937,-0.11670516748566113,-0.02234852287655403,0.0009572475191281136,-0.07517179731951402
1862,-0.0658620340060295,-0.0032635909173027453,0.12675142164858838,0.16574308925403122,0.07369745876419267,0.09260565566596066,0.10311178769536967,0.18211478332782982,0.21383455482409988,0.14375147921543271,-0.23149840521668272,-0.19310835984322694,-0.09118665373006937,-0.07141311214112862,-0.13995352021995588,-0.22382425472111317,-0.14330480153449307,-0.022743681771776054,-0.00211046817008648,-0.06030624242672934,-0.23684036102397446,-0.1511343342471021,-0.009763118116689758,0.020239607126513404,-0.06270202543982285,-0.217968531565674,-0.13884046916697168,-0.021345883564160742,-0.011306493054080295,-0.054648206336415,-0.017012981959678687,-0.010321519016647514,0.006697547570646868,0.013037499685907372,-0.0014977181248510478,1.2044728184164397e-05,0.002748525406603854,0.012949217099358208,0.018593776824783137,0.007171000958983898,0.021796044341144367,0.0254252309599519,0.04574486801757647,0.05453756898728071,0.03491776849968989,0.06484131147595423,0.0727483048275521,0.12883633115448062,0.15221786246728541,0.10105458362572316,0.0,0.0,0.0,0.0,0.0,-1.7159485938238033e-05,0.0009283965023634553,0.004036369957705496,0.005517050134235893,0.0023576989877514038,3.3855738234933665e-08,4.420027282300625e-08,8.91540947268553e-08,1.1061337012577774e-07,6.31598334223612e-08,-0.05525086902650057,-0.04293216484821943,-0.017194217995699302,-0.009600761319584325,-0.02843209852120077,0.0042895595599280675,0.004854137638378685,0.008239071256671112,0.00961246585251991,0.006526820466603904,0.008122882959713511,0.011624142713990366,0.025302989510594974,0.03200437932142407,0.017439900547299103,-0.018977674136586978,-0.010251175681809681,0.01033433994404788,0.018928388727784514,0.000429654312497715,-0.2278459204759921,-0.19174381018666342,-0.09250158197445023,-0.0736715168975298,-0.14152891154617875
1863,-0.06408718256284768,-0.001491203399613086,0.1287864413511966,0.168250487163858,0.07516909216958634,0.09450076827454017,0.10523983352217517,0.18563574419973017,0.2178851965013335,0.14661152904128955,-0.42663837846871633,-0.370486688264742,-0.22672830829095625,-0.18807725828136487,-0.29634749454247994,-0.22537828400698048,-0.1444786899967304,-0.02360622597352941,-0.0027378407072957064,-0.06148021415420825,-0.4134818070617146,-0.3204756682533503,-0.1469548411483765,-0.10353313134912479,-0.22048572123238347,-0.2184776913458459,-0.1395409995805007,-0.02195556408980128,-0.011668987391465092,-0.055485689258505846,-0.017263596866196478,-0.010466368344917334,0.006685101718285687,0.013120567716763133,-0.0016160852197286749,1.2004043776306077e-05,0.002765400781966168,0.0130586887822,0.01877838170907151,0.00721392119680378,0.0222883756712387,0.02600204379943882,0.04670047288618931,0.05563982199348904,0.035675626292237986,0.06599269554527293,0.0740599886586121,0.13108448676948148,0.15484501283293994,0.10287165560890557,0.0,0.0,0.0,0.0,0.0,-1.7518382417395e-05,0.0009494084421932676,0.004125912591041056,0.005637359169877088,0.0024111091129278422,3.623738057946875e-08,4.6742049302041985e-08,9.251811889498872e-08,1.143646709320274e-07,6.603491760645166e-08,-0.05644752205786452,-0.0438426027921517,-0.017529515973302323,-0.009793846385099572,-0.029018310130938738,0.004492768360155769,0.005084620418234596,0.00859699021277945,0.010018334182940306,0.006822272327866499,0.00822903334329963,0.01176145891737452,0.02565787336334492,0.03245187568338169,0.01766428690373259,-0.02026122576870242,-0.01147645290971079,0.009296332035586396,0.01795259045937124,-0.0006987012905607629,-0.42294704662591476,-0.36844536462861943,-0.22684947695014748,-0.18925815135022309,-0.29624253277772133
1864,-0.062390196036805005,0.00046050728328237,0.13100251220583528,0.17109353022832466,0.07679629518169298,0.09645300333659529,0.10743641674162854,0.18933020926622174,0.22212053421294373,0.14959985314159657,-0.46078492771551405,-0.40059335465463736,-0.2396874069543147,-0.19787704395259756,-0.3180853765963897,-0.22640674390426946,-0.14536839751472203,-0.024302962429683363,-0.003279829307217847,-0.06261633527737795,-0.441558479182702,-0.3457866899379442,-0.16206822739845572,-0.11647648667892341,-0.23929186226876645,-0.21975779225240147,-0.13998658133037903,-0.02270385008219194,-0.012155045514704864,-0.0565164505774366,-0.01751300674641728,-0.010550002380464711,0.006766716016005761,0.013263635609304887,-0.0016707477668369453,1.2082558119336814e-05,0.0027959014871127984,0.013213950767301306,0.0189929734465416,0.007294780055112452,0.022863038926589675,0.026664153610154007,0.047759465981240916,0.05685688502737365,0.03651478428031786,0.06714124684915772,0.07537776818286668,0.1333881977150361,0.1574939232674888,0.1046917494972393,0.0,0.0,0.0,0.0,0.0,-1.791754981960061e-05,0.000972292987678545,0.004226741361432954,0.005768157514299574,0.0024724146082179847,3.814308417473543e-08,4.877641418146469e-08,9.541623038458376e-08,1.1761683823142189e-07,6.849039040046004e-08,-0.057635615289232986,-0.04473305882343663,-0.017870755041150297,-0.009981722352742467,-0.0295801155411847,0.004690961461319632,0.00531240309541892,0.008959451126378594,0.010431174287557804,0.0071181293834281685,0.00838796125951483,0.011984690929820479,0.02613973726887879,0.03306056070793593,0.017998848821130405,-0.02208494639120228,-0.013222616431672739,0.007785888548060933,0.016662313122296317,-0.002235519170549858,-0.4552930706910181,-0.3970747945810418,-0.23878770502008834,-0.19716510288315103,-0.31628637591525044
1865,-0.06387957713962045,0.00018288147614280598,0.13306499460557808,0.17369667357700735,0.07781847167541739,0.09847565764247604,0.10969871276724187,0.1931633580414339,0.22644872026226762,0.15270107627829058,-0.3519750208104137,-0.30196069561862426,-0.148831765901543,-0.11094614703548417,-0.2296403883904275,-0.2311535241616645,-0.14889043954077136,-0.02526386056489351,-0.003536866973760276,-0.06462450304581024,-0.33981558800176215,-0.24734741313919392,-0.07385297521597872,-0.03267048891076921,-0.14473652904597242,-0.2244237366018922,-0.14337687624241696,-0.02385769083766677,-0.012778375519862958,-0.058638354350760834,-0.018130868049605696,-0.010992581372849067,0.006829179898907001,0.013528562294349279,-0.001853935706208896,1.2483095885486658e-05,0.0028705884187343535,0.013562458741799423,0.019474841021325497,0.007491368431739276,0.023470072834280244,0.027369053469785874,0.0488951586506334,0.05817165643570317,0.03743571819827869,0.06830072039627282,0.07669455676432581,0.13569420456602024,0.16021682690300604,0.1065142806316664,0.0,0.0,0.0,0.0,0.0,-1.8346303924070735e-05,0.0009977634335781437,0.0043324414943833435,0.005912538715131812,0.002535686136024013,3.975274788390223e-08,5.060034670195999e-08,9.822586133209202e-08,1.2072446036160166e-07,7.071404894702351e-08,-0.05880639470488184,-0.04560777718886043,-0.018201063401849134,-0.010177179296841133,-0.030141200806776892,0.004892281074832802,0.005541131776550115,0.009329525816160688,0.010857209988981213,0.007418086041518553,0.008661739063294026,0.012384646016642409,0.02690934759059271,0.03400980935736229,0.018557931222818597,-0.02420939331147237,-0.01524732332858387,0.006136803889164188,0.015112388976762288,-0.0039286526300827875,-0.34361501070118106,-0.2959363670452647,-0.14528933857999013,-0.10708502149409552,-0.22598156155923205
1866,-0.06555110167769156,-0.0002741398239685789,0.1351751722430376,0.17667275946386088,0.07885489014357025,0.10054626697101948,0.11202004776454166,0.19707026756077506,0.23097789934001742,0.15584207786386525,-0.2568367519812366,-0.2168744071202246,-0.08150717556316109,-0.04169801068383381,-0.1538038221898469,-0.23623132787780118,-0.15249989996981153,-0.026255614346563143,-0.003666191099790698,-0.06667170758164885,-0.2552475962036476,-0.16285182079891428,-0.002603516554037687,0.034539507247282775,-0.06602683274760279,-0.22949171452793346,-0.14688894785926465,-0.02493854716501408,-0.013385832460475467,-0.06082868741260543,-0.01883279685240395,-0.011468808376636677,0.006839954996604409,0.013710714901696518,-0.0020856787658354767,1.2859904172804828e-05,0.002944392503075044,0.01390853721678557,0.019961802384682516,0.0076870166952803685,0.024101955567604322,0.028099593607348993,0.050107736617111945,0.05955972939089722,0.03839101715322451,0.06946989806722483,0.07802654640691863,0.13802026992701116,0.16297977321793747,0.10836851903940177,0.0,0.0,0.0,0.0,0.0,-1.879775156923455e-05,0.0010245230901873952,0.004444163740922838,0.0060646295877431694,0.0026039929553381557,4.1245487926694195e-08,5.228799312511332e-08,1.0087866013026207e-07,1.2367135908535927e-07,7.284510686936791e-08,-0.05993349161649521,-0.04646199759256438,-0.018533070838405462,-0.010358068289745124,-0.03069764608137509,0.005101207508813205,0.005778559106856907,0.00971712223389403,0.011299452476996031,0.007726628325319841,0.008946826355090807,0.012785331537735267,0.027696985962626666,0.035006797570946734,0.019144298734890774,-0.026260059876574163,-0.017135128747781742,0.004586142154474591,0.013626760905120393,-0.005525089909789774,-0.24627013202530168,-0.20931936617835456,-0.07808986030310819,-0.03792691210092649,-0.14860835417434903
1867,-0.06682635712920156,-0.00038173186207238565,0.13742700819124673,0.17983032114160843,0.08003219708634135,0.10264866040261379,0.1143880543776498,0.2010436654421374,0.2355967604580395,0.1590291173992448,-0.19686526176564795,-0.16217258003539528,-0.0469561768595696,-0.008011336029036737,-0.1033776084535765,-0.24113604525280385,-0.15594593480706345,-0.02713617103447861,-0.0037997849979778805,-0.06862215089303292,-0.20243680316512414,-0.11017566161543879,0.04130176118443031,0.0742776271055264,-0.016130549625902907,-0.23435184357945082,-0.15024392974484493,-0.026034716054240986,-0.014012186766448994,-0.06284364917370455,-0.019508737640246427,-0.011917931075099206,0.006892431804751148,0.013957962046383957,-0.0023023206325151497,1.3217580323425598e-05,0.0030190763622660204,0.01425149904239652,0.020464075198301943,0.00787741965544658,0.02476398631784579,0.028872363919502868,0.05138990465040204,0.06102269596086967,0.03939524348703423,0.07065400870469825,0.07936797336494202,0.14038819877159023,0.16575388471579036,0.11023150743170339,0.0,0.0,0.0,0.0,0.0,-1.9274176842912878e-05,0.0010528198481873062,0.004564953688516822,0.006224247881794513,0.002675198779488435,4.344663561191186e-08,5.4697134936698154e-08,1.0427823723833866e-07,1.2765440176506217e-07,7.575851684053684e-08,-0.0610590728757388,-0.04732214629860737,-0.018855968111997287,-0.010544452504793696,-0.03124938107531711,0.005315947077668699,0.006023323308823768,0.010115937803980148,0.011759032600206687,0.008046342694931546,0.00923828056966082,0.01320357477259937,0.02854092256591612,0.03602791378436572,0.01975525618287912,-0.028316298154331766,-0.018984680034274316,0.003131614430527519,0.012254886138925046,-0.007013042271302318,-0.1843606897271142,-0.15295919691564946,-0.04441152116534189,-0.006184407208715845,-0.09553840649890463
1868,-0.07118122374683847,-0.002689426065657686,0.1393645866057877,0.18282149733927466,0.08060504634148478,0.10474826104765633,0.1167559957623855,0.20513792882372475,0.24032103351569079,0.16228347148868305,-0.15899460054935338,-0.12575437317017965,-0.024710013122288193,0.01015083295127823,-0.06991883763672349,-0.24905627682174528,-0.16138573261046693,-0.028286519188047962,-0.003803917958152568,-0.07134796810080675,-0.16885639864762322,-0.07836563158431094,0.07032606674285125,0.10070499396805806,0.015154647254703078,-0.24276757466359372,-0.15600316870492884,-0.02742813168996405,-0.014817577656230981,-0.06590491124184611,-0.020576034234831356,-0.01266821331524757,0.006914902883008841,0.014229911605609831,-0.002657549109982599,1.3812329337911117e-05,0.0031313926607707885,0.01475174130056938,0.021188814326525283,0.0081690976731527,0.025437082338490034,0.029661183887657212,0.05269998579533061,0.06253974271968535,0.04042160195107635,0.07180650884493692,0.08069047881979406,0.14275560128011458,0.1685243625110755,0.11206349407281407,0.0,0.0,0.0,0.0,0.0,-1.976523244981227e-05,0.001082122620731555,0.004688108287189888,0.0063867906503639925,0.002748787706563529,4.604240319106398e-08,5.7517536183531245e-08,1.0816753020916905e-07,1.3208236837298258e-07,7.908559867415434e-08,-0.0621725399848504,-0.04818689319846166,-0.019187201831421655,-0.010724968319476948,-0.03179824429283832,0.0055373676392178215,0.006274222611663972,0.010528881846223408,0.012238682451120756,0.008375955769656612,0.009631359278464547,0.013764893231511104,0.02962293288729674,0.037350825853844756,0.020549032955894483,-0.029270477296079577,-0.01971689119362031,0.0026785029837136766,0.011865391936394513,-0.007517077036932345,-0.14454731692810371,-0.11617733261018863,-0.022313553544909062,0.01226625330844347,-0.06108065014530194
1869,-0.07400345472142547,-0.0038937179962477667,0.14124328472808906,0.18578786657322427,0.08125048950868624,0.10674875495776069,0.11901741043872499,0.20914171260267286,0.24498549286051563,0.16543404689876234,-0.15166702456086098,-0.11738349906924792,-0.022291677331461104,0.002375889278918461,-0.06398182742775665,-0.25539764279312616,-0.16556504464105334,-0.02948862692577107,-0.004016155593269038,-0.07381107961077177,-0.16412205087879714,-0.07328195859783143,0.07380175855387872,0.1035576754187039,0.020560048416573027,-0.24947353827279986,-0.1605542343628069,-0.02872793199527376,-0.015550658279053083,-0.06838584907873675,-0.021526754003268735,-0.013318368795138152,0.00690709980876766,0.014431204399103432,-0.0029974283183384813,1.421221695030955e-05,0.003219035177572652,0.015158601864736958,0.021771746088221394,0.008397764848761292,0.02608906560007708,0.03042641097121015,0.05400512431853763,0.0640671196800406,0.04144593740215191,0.07289811042027206,0.08192941571434573,0.14503880021250434,0.17123358371490247,0.11381046349885873,0.0,0.0,0.0,0.0,0.0,-2.0256841460922076e-05,0.0011111400039577417,0.004809990681093318,0.006549480825983272,0.0028211479151245365,4.8044495823692914e-08,5.969404820752123e-08,1.1165333072727727e-07,1.3587117747708574e-07,8.186608244236069e-08,-0.06327524780031174,-0.049034028623063754,-0.019507122181736766,-0.010903374100159293,-0.03233584633208978,0.005763655026679997,0.006529941963608764,0.010953295227113146,0.01273570683231387,0.008713553690548496,0.00995619240324404,0.014225245606802585,0.03057870273291074,0.03855847915503087,0.021223808268967095,-0.027580085685089278,-0.01795800397427598,0.004425207550569559,0.013539946495005575,-0.005802833017545747,-0.13900143796384054,-0.10974157015960576,-0.020899777319336267,0.0027630200830932893,-0.057189922529436235
1870,-0.07558736468953961,-0.00443940178339813,0.14296680230132353,0.18856581732354902,0.0819252747781326,0.10864719807553211,0.1211794011702517,0.21302533000096904,0.2494797644123537,0.16849628455015037,-0.14552274737306686,-0.11067266657418541,-0.021927027953824188,-0.001403678782344255,-0.061509476496779535,-0.26053384319935313,-0.16916735111800849,-0.0306431991874262,-0.004478918174607041,-0.07599485039992815,-0.16074273588590782,-0.07004055489133088,0.0772111047414942,0.1076942382039943,0.02411101421457252,-0.25439522511701856,-0.16393503328624498,-0.02993713006278158,-0.016257815397291615,-0.0706425295821232,-0.02228208792242942,-0.013849124902333535,0.0068683064936061215,0.01459356868569413,-0.0032871794486570138,1.4469214306657591e-05,0.0032858213388669297,0.015497537857124597,0.022239511434264322,0.008572498504778037,0.026701005071416487,0.031135259352958425,0.05526581060351181,0.06554005942531581,0.04243289130815555,0.07391326300993736,0.08310012037838085,0.1472497414076461,0.1738823836763074,0.11551088919001498,0.0,0.0,0.0,0.0,0.0,-2.0736243371144404e-05,0.0011385985306676216,0.004926709576459752,0.006709246557164975,0.00288932367054501,4.979286453357553e-08,6.174775464996838e-08,1.1483231613322206e-07,1.3956655939254634e-07,8.437613927547574e-08,-0.06445081523116883,-0.04993561911920765,-0.01985629793504835,-0.011100387400800193,-0.03291644056407218,0.005991029362234732,0.006786472021330427,0.011380682747713698,0.013236702602615322,0.009053544319119011,0.01021477860631107,0.014589440713126301,0.0313948221582766,0.039573504452475955,0.021774862254785757,-0.02539953967325185,-0.015685896343496143,0.006795694485530757,0.016005954413301368,-0.00365038806121463,-0.1355292633781234,-0.10492963117377939,-0.021103726027017523,-0.0025512829503462845,-0.057553591611162115
1871,-0.07656867840775752,-0.0045279101541087635,0.14443540982194994,0.19085040554509036,0.08245867281034341,0.11049945286542052,0.12325781421009029,0.21681736085542774,0.2539681865241569,0.17142710843341863,-0.11415707166876864,-0.08178749749020923,-0.0024975891192786674,0.01885460463348096,-0.03890476106187675,-0.26496623935004177,-0.17236270643986806,-0.031990564762872466,-0.005247439118227001,-0.07824967986622329,-0.13523821221465424,-0.0449933440701223,0.10168102549991097,0.13361907918567667,0.04834724902849369,-0.2585792762919257,-0.16672129037798378,-0.031176268875971826,-0.016953853145807527,-0.07288188713026165,-0.02301274464761837,-0.01434340454405013,0.006831614712208277,0.01473442630764313,-0.0035752499372161835,1.468055268329502e-05,0.003346196333716453,0.015793378964657753,0.022682529418539255,0.00872860086697044,0.027248724585361768,0.031770129844672666,0.0564349516014875,0.06694007415067667,0.04332938511040222,0.07493499256197926,0.08427350335009087,0.1494683130554518,0.17650272448278845,0.11717264597617721,0.0,0.0,0.0,0.0,0.0,-2.118783983656166e-05,0.001162736048159697,0.005035977340100357,0.006855676322812154,0.0029524706671341513,5.2163107107077835e-08,6.44433822608649e-08,1.1887319866089904e-07,1.4415335048750836e-07,8.763390136339589e-08,-0.06581197991202649,-0.050973798344838894,-0.020273296934276618,-0.011334332625032398,-0.03361389039542986,0.006221284251929529,0.007045172189247099,0.011819769538723879,0.013747196567760663,0.009400691852623426,0.010445642358210393,0.014922343611557325,0.03215409546474792,0.040528689639347984,0.022291632055064993,-0.023244808464933125,-0.013521679513331596,0.00907652298347526,0.01839775391348398,-0.001604023693932125,-0.10638125868019199,-0.07722371613402047,-0.004435713005202992,0.016083057600767225,-0.03792740869556907
1872,-0.07440550702034741,-0.0028669307266993038,0.14561559060514107,0.19272092735417462,0.08303747348379414,0.11231051542230157,0.1253177707821581,0.22057538923100944,0.25844944463753333,0.17435673755524797,-0.09029528084013418,-0.060685808550210274,0.011036070004519774,0.03141317834184165,-0.0219493289734534,-0.2665475962468814,-0.17373293717382465,-0.0336374204593623,-0.00666762248336346,-0.08037135044981822,-0.1121813048013324,-0.02490051993242902,0.11940664285738807,0.15282566738089062,0.06606457459106142,-0.25859997642687865,-0.1672927054431038,-0.03249540490074641,-0.01771985397927533,-0.07446962087585848,-0.02354763141873323,-0.014669886655611785,0.006764142864567809,0.014808789418199084,-0.003809329606581032,1.4671622209076822e-05,0.0033735816692308717,0.015945929413100305,0.022935780867488865,0.008801018204401734,0.027710949407164984,0.032333716306166674,0.057527447899244896,0.06824114295321872,0.044124987533916,0.07601263671565572,0.08548889419092061,0.1517290942864421,0.17919256685799984,0.11890051863386428,0.0,0.0,0.0,0.0,0.0,-2.160511789875796e-05,0.0011846762634548965,0.005132713944949365,0.006994213322391727,0.003007549131543048,5.485586075662585e-08,6.735989949051427e-08,1.2326647415260676e-07,1.4910744806904962e-07,9.125478460738138e-08,-0.06733489318002017,-0.05216119376253281,-0.020764768905422525,-0.011606224597956934,-0.03439977043132725,0.006458579353806397,0.007314100167859224,0.012271253533248264,0.014279007928929263,0.009755819286379409,0.010549413996626117,0.015095728443780133,0.032642819759526244,0.04116443472993633,0.022593206707496195,-0.021596923079096133,-0.011855142195818999,0.010891300903668782,0.02029403513909248,2.4673827264416596e-05,-0.08407561154382844,-0.05640506423145083,0.007778499556684835,0.027518935683392802,-0.022848068377170877
1873,-0.07550859841856267,-0.0033850276864920426,0.146138522542541,0.1940851156048816,0.08281624673094966,0.1141586349491819,0.12739288450856745,0.22443258574988967,0.2629403474703766,0.17729686188935806,-0.1995124734840958,-0.16199625927272146,-0.07833126634964455,-0.061088597770445736,-0.11463909309027437,-0.2709413635531616,-0.17723029445839242,-0.03561746112055908,-0.008225343757624338,-0.08361925684351473,-0.21319678276464754,-0.12418650130746318,0.02750710110985539,0.06431954411247556,-0.029875677238660976,-0.2620178781319569,-0.1696721084410456,-0.03417062555641051,-0.01867255192163587,-0.07691903539683323,-0.024441564051339685,-0.015307619071256006,0.006626102983781803,0.014896341908266138,-0.004214044895038264,1.4917611759505066e-05,0.0034340529768071963,0.01623795390624679,0.023327269480166626,0.008958242636673708,0.02813531802015214,0.032820777731059514,0.058502603676671684,0.06944223117850858,0.044843793926320444,0.07719555572129089,0.08680295746602562,0.1541197962174992,0.18200588450768365,0.12073054979059242,0.0,0.0,0.0,0.0,0.0,-2.199076102288636e-05,0.0012044163496121437,0.005220041331219179,0.007119884580837216,0.0030568272435759066,5.695297790634338e-08,6.975256316062216e-08,1.2708507378885386e-07,1.5359164672846448e-07,9.43282575306136e-08,-0.068951730496753,-0.05342122254264335,-0.021287135505226346,-0.011900216282276666,-0.035247043832597635,0.006697454765011833,0.007584223484780292,0.012727448965053113,0.014816473255886297,0.010115143973399458,0.01072521842091161,0.015345182913400791,0.03323382453644036,0.041895581934056667,0.022975717239557658,-0.021905480095101286,-0.012121794039484804,0.010798341977493183,0.02033583332570646,-0.0002049680359917663,-0.19452127134046673,-0.1592251871771382,-0.07951808450347193,-0.06384439326752156,-0.11487160649160928
1874,-0.07942756522887845,-0.005941601803775401,0.14695765476068387,0.19585343103936328,0.0823509848769293,0.11607890202326676,0.12956340735603486,0.22836656436505892,0.26753623217799544,0.1803260850996088,-0.3291071464720256,-0.28210850535357407,-0.16808897724338553,-0.13796138710821276,-0.22213060784259878,-0.2784196080568701,-0.18292380631573357,-0.037601403136645555,-0.009338757840285417,-0.08711256395427808,-0.3375420141491425,-0.2396204009592461,-0.06740540125449268,-0.025339827078225338,-0.13782319749012692,-0.26909209541858303,-0.17484212630580448,-0.03575487174486423,-0.019594238612882182,-0.08002269734910941,-0.025601424841687134,-0.016192263234467458,0.006504144117341392,0.015013625285447954,-0.004687818623824154,1.5394284334731695e-05,0.0035269000128208823,0.0166678611257222,0.023937082074401213,0.00920483472466585,0.0285342886408752,0.03329115542729404,0.05944863997872711,0.07060612744137187,0.04552406195142235,0.07845822977600181,0.08822822669635595,0.15662023562139088,0.18494694957461794,0.12268958116300335,0.0,0.0,0.0,0.0,0.0,-2.2367613896853793e-05,0.0012232396001712702,0.0053029255875069875,0.007238524815478881,0.0031060433764335225,5.955591551359541e-08,7.26743836022501e-08,1.314797020436097e-07,1.5882484308636113e-07,9.794940055124726e-08,-0.07066369466565209,-0.05476672521511532,-0.021817939314890365,-0.012225632371438573,-0.03615495167539516,0.0069327303565395425,0.007854070826859568,0.013189475572117618,0.015362114565604006,0.010476048509275797,0.011015249422575223,0.01575974127650264,0.03410025772093726,0.042970794306306216,0.023578326155273416,-0.02346211766159018,-0.013627732980900243,0.009492682921146715,0.019260734791403666,-0.0015552147904962631,-0.32333622637445825,-0.27882112722691627,-0.16774558069446843,-0.1390265049349994,-0.22101960303180346
1875,-0.08066983095999478,-0.006718780912246382,0.14829699009314085,0.1980698157233693,0.08264655121612902,0.11811606391296033,0.1318448592849638,0.23244564602277065,0.2723267776950695,0.18347867195722223,-0.3076296800347901,-0.2633662841140193,-0.14405182550471127,-0.1153465684090436,-0.2035770621318007,-0.283398365587892,-0.1865730285634034,-0.03922065706217412,-0.010292081767652205,-0.08985850368970846,-0.31855619546570857,-0.21903422537204797,-0.047111367164903675,-0.005879565337457397,-0.11591658960894641,-0.27328208577111907,-0.17804131431475342,-0.03701022186137098,-0.020260389970194928,-0.08218665893491547,-0.026446035864404877,-0.016799426738734535,0.0063756686724768695,0.01510134910038364,-0.005015990603707681,1.560981580588203e-05,0.0035839886243135034,0.01694645855488419,0.02434677466574834,0.009350215048345057,0.028943367317049495,0.03377906013986599,0.06042903407258788,0.07179119290274466,0.046213036524422935,0.07980356999920622,0.08975713125475515,0.15925375406793418,0.188032475207432,0.12476655761709925,0.0,0.0,0.0,0.0,0.0,-2.275151712231086e-05,0.0012434714892289804,0.005388048489913366,0.007357544632982322,0.0031560353189182266,6.235700015676435e-08,7.576571261357435e-08,1.3633527159850846e-07,1.6427982193576552e-07,1.0188302767769013e-07,-0.07243031399009342,-0.05616169882952938,-0.02238218728723902,-0.012543412760673897,-0.0370709081833233,0.007167680671060285,0.00812371312444663,0.013655026349671686,0.0159121058212086,0.010836576362338875,0.01123943220719382,0.01608328530724585,0.03481453515914504,0.04390300018833678,0.024063036914179034,-0.026331189022958452,-0.016415427833251263,0.00708720506030467,0.01698705599974325,-0.003986788422394483,-0.29856221842186514,-0.25717704392723256,-0.14119232751661803,-0.11329284143172304,-0.20030661225851498
1876,-0.08032213608083576,-0.006494343169618965,0.1495682309794869,0.20012394903283987,0.0832005820049384,0.12024490548154423,0.13420009152656961,0.2366118782834765,0.27721976000509807,0.18670860626120878,-0.24668592442397294,-0.2085687969558596,-0.09465835966356113,-0.06369973919688458,-0.15457018130143785,-0.28666435401008816,-0.1895432612154073,-0.04103405528640609,-0.011548217524211453,-0.09253113883869536,-0.26210696318033155,-0.16490238758136924,0.00289325249205899,0.041511300595971565,-0.06252646832560958,-0.2756443964562138,-0.1798682636678307,-0.03818355908442836,-0.020987022502212387,-0.08402041614222713,-0.027210332648003682,-0.01729901623609771,0.006212745801908677,0.015069413689608133,-0.005334301864758316,1.565941913638257e-05,0.0036162141510042434,0.017129113445595954,0.024615511745313835,0.009440928777994382,0.029345238794045506,0.03426410021083872,0.06136923822425202,0.07295579226955458,0.046906082518393795,0.08124944203218736,0.0913756274155416,0.16203338585156343,0.19128164340865064,0.12697050951464772,0.0,0.0,0.0,0.0,0.0,-2.3130961827624728e-05,0.0012630359438026,0.005472968519821522,0.007476729826332062,0.003203835385381612,6.526800718488688e-08,7.904348005778697e-08,1.4137877706540068e-07,1.7003374800804256e-07,1.0599668367287938e-07,-0.07425499423440268,-0.05759535521347985,-0.02295105264781639,-0.012849904905648097,-0.03801378170914786,0.007402355765408251,0.008390773499971483,0.014117816895558272,0.01646077228262629,0.011195976695773092,0.011394138897222409,0.01630034602911006,0.03536593876245695,0.044632003084109306,0.024412455828875766,-0.030031238350817634,-0.019917096080098565,0.004081965580338177,0.014106460048686036,-0.007001845910640538,-0.23317724619113786,-0.19851969968305969,-0.0894875772304491,-0.05705206404972661,-0.1478985156251691
1877,-0.08163543230675194,-0.007474145145008954,0.15078964144561788,0.20228182150667948,0.08354271348680614,0.12238893638736172,0.13658836836779162,0.24087427257385235,0.28217436344236296,0.19001905249583417,-0.19828781866429976,-0.16488336497328837,-0.06035773317314739,-0.028852823533482924,-0.11417372229478369,-0.2917365578277572,-0.19343747113498538,-0.042863455557538635,-0.01263462104039178,-0.09543305228467647,-0.22045385156118302,-0.12291498212115466,0.04141842822877758,0.07831526707996977,-0.02197332987904079,-0.2796718770271644,-0.1830087409417113,-0.03947087711501358,-0.021719636678199903,-0.08631674355444069,-0.02813895398030097,-0.017941964094758456,0.006032533273491429,0.015109808952660038,-0.00572358833619481,1.5883766111057555e-05,0.003670678047479888,0.017396497324618527,0.025015517523395828,0.009584825902699485,0.029740083965285817,0.0347361254212731,0.06228866104862245,0.07409839843006892,0.04756944567582498,0.08273361376759555,0.09302649088045895,0.16489432685392721,0.1946372838734283,0.12924708055872067,0.0,0.0,0.0,0.0,0.0,-2.3503804030854897e-05,0.0012817420259989278,0.005556127986524806,0.007593779184992898,0.0032498804985091464,6.815272979911642e-08,8.237550476011173e-08,1.466321091586793e-07,1.761509221686813e-07,1.1029119163783595e-07,-0.07611798798045205,-0.05908927879800055,-0.023538647474927083,-0.013183128700814981,-0.038991070495070015,0.007625135668000463,0.00864505578506426,0.01456628082474552,0.01699662474189754,0.011539056942263506,0.011611763149940989,0.016605255355581022,0.03604659711446972,0.04551854521647791,0.02488070410367776,-0.03339299394654556,-0.023037212176704496,0.001541172532741311,0.011650585830852555,-0.00958544473910403,-0.18119152588080145,-0.15270216626554978,-0.053234456756889925,-0.021210374390691265,-0.10428305593116588
1878,-0.08336403275276658,-0.008495629639950918,0.15232014789431067,0.20481764197169738,0.08418188646705244,0.12458820352685473,0.13902635832997218,0.24518435641590827,0.2872545210720942,0.1934243627228749,-0.16248112405160203,-0.13267014183628334,-0.03689820417738705,-0.00713385988044552,-0.08302428630070491,-0.2974369989288175,-0.19777388354434494,-0.04438700803694855,-0.013419432145278846,-0.09826881114131565,-0.1886467903166755,-0.0932102286179917,0.06982433744752115,0.1068530854622527,0.007629373810173156,-0.2844145412176971,-0.18666383234987788,-0.040737625411233463,-0.022360618485467144,-0.08861536767483158,-0.029044764888063623,-0.01857362759705347,0.005969933663515772,0.015243507938648175,-0.0060462963064138245,1.623111764775464e-05,0.0037414138418695652,0.017739666816183258,0.02551005349977585,0.009775120232959362,0.030139823190605586,0.035198309774563265,0.06321209057438873,0.0752401024182376,0.048248972776063236,0.08427341813599527,0.09474676083364592,0.1678628002244526,0.19810353640456976,0.13158999563413204,0.0,0.0,0.0,0.0,0.0,-2.3879305611689153e-05,0.0012996183005009809,0.005639741094039587,0.007711023467420879,0.0032973735969289283,7.117109067017456e-08,8.578429184496445e-08,1.520353249098374e-07,1.8235979338550986e-07,1.1463374714076133e-07,-0.0780300047118388,-0.060574183120937486,-0.024127394455474693,-0.013519503516425321,-0.039996299366454026,0.00784059508408054,0.008888040041756149,0.01500878826610412,0.017524119535907594,0.011877013800048044,0.01189479380184947,0.017021119990590507,0.036894141432425594,0.04658945951830033,0.02547730521360709,-0.036590094658874396,-0.025961480712292335,-0.0006334112591255466,0.009441292658151077,-0.012026010847755977,-0.14145770380235181,-0.11752452080601453,-0.030747911083546207,0.0004476214755957175,-0.06952951852309472
1879,-0.08545813464697141,-0.010203529535023369,0.15357688733808858,0.20717278899667696,0.08418408784691161,0.12683165004831262,0.14152156829830698,0.24960346569093514,0.29242075116938326,0.19689156453109136,-0.1296871569565991,-0.10235045025232992,-0.016327744583482472,0.012829398079887096,-0.054791453917102974,-0.30368969857068157,-0.20274417511116977,-0.04639337676355208,-0.014394314102590393,-0.10163881928509842,-0.16145457850544384,-0.0665360415357404,0.09656821725830074,0.13435655103402122,0.034473447100129166,-0.2904060630332723,-0.19083685130994996,-0.04219819678835846,-0.023216030586576435,-0.09129133933099101,-0.030163678099267763,-0.019361182686049003,0.005831379721248366,0.01528204511891081,-0.006492626781539977,1.659965017306344e-05,0.003819763292244581,0.01810149848288977,0.02603411361501381,0.009975812757727442,0.03057090639012893,0.03570056787837022,0.06418249322362599,0.07641022497640648,0.04894959537574411,0.0858323452483775,0.09649711749141428,0.1708848598743038,0.2016561258876649,0.13399047523267688,0.0,0.0,0.0,0.0,0.0,-2.4267478005066616e-05,0.0013200548170373303,0.00572667417046166,0.00783545734514616,0.0033474257531027436,7.427197658445022e-08,8.928614028414929e-08,1.5757346873977934e-07,1.886230075380251e-07,1.1910790856335049e-07,-0.07999596506877897,-0.062101769305145174,-0.024729854369815958,-0.013873169510395843,-0.041008805451781045,0.00805007854097125,0.009130447939510098,0.015445983006435734,0.01804860907160025,0.012208478630824936,0.012161294943973692,0.017408715197229474,0.037715006554417396,0.04762311742870803,0.026045471513051584,-0.03948146686033824,-0.02837757462045902,-0.0023298795609680155,0.007742565621527548,-0.013946835605458428,-0.10484297184478428,-0.08487975974472946,-0.00993413444713404,0.021292198015569717,-0.038147624388877074
1880,-0.08782729583077163,-0.011729996798799495,0.15405634192681497,0.2086718798833359,0.08332776168075182,0.12914181933497854,0.14408821755680343,0.2541509087586236,0.2977142020362387,0.20043267971546988,-0.11478328255352592,-0.0876932708753437,-0.008221697010663158,0.016799813541204505,-0.04231736762887982,-0.31034107063103056,-0.20826955157942642,-0.049099437779704165,-0.016382790783624986,-0.10594688191562582,-0.1497386276107342,-0.055673152396251986,0.1073393960079289,0.14721275618881716,0.04487692222037436,-0.2960720494864247,-0.19487233251284752,-0.04419901988858723,-0.02437947569690184,-0.09447433392161012,-0.031581057961159606,-0.02038780618739353,0.00547596228396072,0.015183151881153061,-0.007181013165329239,1.6886407759903886e-05,0.0038887881031004906,0.018423538477933866,0.026507477919864308,0.010151665221940604,0.031038686776049998,0.03623497857635486,0.06518614421129103,0.0776365065334871,0.04970418806441399,0.08741821407102995,0.09828861115095822,0.17397636870536828,0.20529814234154709,0.13643033641600447,0.0,0.0,0.0,0.0,0.0,-2.467467480975781e-05,0.0013408553392179803,0.005820192219655157,0.007964930390922532,0.003400800748291621,7.744491922854753e-08,9.280752342282245e-08,1.6328135220828643e-07,1.9547023547149308e-07,1.23659487350355e-07,-0.08195033995152103,-0.06360410097179471,-0.02531302549533463,-0.014208025889556969,-0.041990955981302404,0.008258643071581438,0.009368887319867323,0.015879123381002214,0.018569504633351726,0.012536933030568532,0.012356624367995174,0.017686544290053556,0.038376408036492844,0.0484781277885052,0.026484313743904316,-0.04015860128865892,-0.028661904224214843,-0.002425249220232143,0.007704567090633634,-0.014062204945935661,-0.0890260887029291,-0.06979444003870028,-0.0007454705742455398,0.025192543517141987,-0.02489124580646957
1881,-0.08912459821424915,-0.012539876798140533,0.15472921139989435,0.21020806808459366,0.08289520852525839,0.1315375682170339,0.14675644290640905,0.258831447559038,0.3031778795412698,0.20413026756469904,-0.12039934831496979,-0.09238943949350151,-0.016200181157300243,0.0036376473784477423,-0.04839405529027729,-0.3162230105636474,-0.21315711500599113,-0.0518367881134655,-0.018159589939135665,-0.1100462890409771,-0.15643247265616347,-0.06270802456501037,0.1006151615452925,0.14220829215569675,0.03720453291036616,-0.3005698227675999,-0.1986075073617904,-0.04636301800023578,-0.025546671333543332,-0.09792987926784455,-0.032989711476418715,-0.02141881161076453,0.005159733556033925,0.015125256081711108,-0.007851504919351772,1.7171474775486838e-05,0.003955665992501243,0.018746405531892465,0.02697793079540045,0.010329485052173463,0.03153192153352937,0.036805469119134994,0.06622654016057247,0.07890419093138934,0.05049056505181854,0.08907138969429074,0.10015314020373388,0.17720074387855037,0.20906380912942724,0.13900516833220708,0.0,0.0,0.0,0.0,0.0,-2.5094811217164112e-05,0.0013628662560687898,0.005916077561865038,0.008096351130087016,0.0034565635860609946,8.055136838637256e-08,9.638514784172274e-08,1.6926380483996795e-07,2.0235468053224974e-07,1.2832025997656428e-07,-0.08384567034914767,-0.06507101463753329,-0.025879483639366933,-0.014541181304650659,-0.042946585377053606,0.008460235669716492,0.009598457009688123,0.01630074133631892,0.019076968053473694,0.01285641517593539,0.012578972904656224,0.01799859464625823,0.03908655242170404,0.04939917042415821,0.02697182280476606,-0.037939980553311485,-0.026299045895471683,-0.0003025621849006466,0.009783270102651048,-0.011790706288610158,-0.0976581779651759,-0.07633386734323075,-0.008868758909356693,0.0101460592417441,-0.03354108557606494
1882,-0.08962015623129027,-0.012267633674635299,0.15567642502187026,0.21220919346486256,0.08309115729251676,0.13401945332397772,0.14951745767327645,0.2636650365881814,0.30881169346896176,0.2079286086459137,-0.11332912526587625,-0.08586917348098196,-0.013800874230719715,0.006290027076159115,-0.04513092275654866,-0.32159876981834695,-0.2176691200268208,-0.054299426049270565,-0.019840176899506894,-0.11381503129856473,-0.15185635630455216,-0.05856725936427976,0.10566619089404546,0.14889803008485988,0.041254279945265274,-0.30448880440984283,-0.20177487204174757,-0.0481987635633658,-0.026565766947761985,-0.10073617443773517,-0.03426320210790575,-0.022329175677903268,0.00489774026003606,0.015139597290489401,-0.008429996294150116,1.7410802281585595e-05,0.004017325325257825,0.019039848156535366,0.02740348969693067,0.010485955280616415,0.032023543908228876,0.03738522120598556,0.0672822865157982,0.08018463180745339,0.05129009972708209,0.09082468287330443,0.10211833069170223,0.1805719051142527,0.21300485107984032,0.14168807318203364,0.0,0.0,0.0,0.0,0.0,-2.5519934239905405e-05,0.0013855305451091133,0.006014984872923876,0.008233337402054399,0.003513563189110484,8.372579177224415e-08,1.0003258158637653e-07,1.752674880818341e-07,2.0939448844720274e-07,1.3306983694563478e-07,-0.08567695005026962,-0.06647969834784076,-0.026418088210879247,-0.014866056472468811,-0.043858215828722916,0.00865471401433424,0.009819951769518154,0.016713950571640823,0.019571354358598587,0.013161738041982174,0.01279107857346585,0.01829775003858387,0.039775625270564274,0.05027276987125314,0.027428635591888136,-0.035650909623485674,-0.02407401128350357,0.0016907784315441149,0.01194305200195242,-0.0096578263183335,-0.09265273333885583,-0.07139266975445174,-0.008121920649777905,0.01033527790642705,-0.03293919331279489
1883,-0.08792345504042282,-0.010634461943959802,0.15670870490873923,0.21397838086022164,0.08348753971219053,0.1365127194660943,0.15229602325559075,0.26855167377008093,0.31452546716526947,0.2117894391815907,-0.11745163271372537,-0.09007399284664486,-0.019610790719760834,-0.0006716797767260608,-0.05066081669677077,-0.3245379401312322,-0.22060703203328277,-0.05656711477817187,-0.02176309872904333,-0.11728115927165644,-0.15499171983328386,-0.06251550031896044,0.10165162525996821,0.14591159717181984,0.036139213393630756,-0.30516973969828703,-0.2029642124608874,-0.04994015146398051,-0.027517329593639707,-0.10308814852281885,-0.035329128944863446,-0.023141383230076282,0.0045398472392492156,0.015057205005053639,-0.008999305699902661,1.7411278594784415e-05,0.004044283493161905,0.01919195780811329,0.027636987816488632,0.010553446745681025,0.032529184187016696,0.037973443328624665,0.0683581896009323,0.0814801283047239,0.052099589776317706,0.09258995996382642,0.10410698849514785,0.18399229020825375,0.2169955618997636,0.14441007963178853,0.0,0.0,0.0,0.0,0.0,-2.5950775162911833e-05,0.0014084446124793,0.006116371599163486,0.008370456894094032,0.003570939693245237,8.77495234808141e-08,1.0448810394389129e-07,1.821689505422888e-07,2.1742708138473116e-07,1.3876197518336074e-07,-0.08746030310263199,-0.06786862194502614,-0.026947414693868157,-0.015168568634315888,-0.044755525944934524,0.008839454659001936,0.01003118677446325,0.017114530844774364,0.02005930332768857,0.013461925887773457,0.01289907501946664,0.018446760251923943,0.0402411623205421,0.05086061268893583,0.02769607164282664,-0.035261573860043124,-0.02364726840025219,0.002197382565483759,0.012589019015326169,-0.009195868466603335,-0.09710276527902849,-0.07610369082900349,-0.014767852062379797,0.0033796877064602203,-0.039784471455308765
1884,-0.08619813967673186,-0.00968086178706597,0.1580836508303603,0.21598312203312847,0.08389447442524844,0.13898188956687255,0.15507250416433346,0.27344385366999857,0.3202857643374236,0.21563488558716554,-0.35116279274466927,-0.30460764250895983,-0.18728547048282854,-0.15576557122302814,-0.24321438871217954,-0.3283134209301791,-0.22408734589701138,-0.05868777351347832,-0.023254237938733092,-0.12050377105568583,-0.3630284318208564,-0.26522053845028876,-0.07577701509860764,-0.025140075942918165,-0.15688925320581704,-0.3071988799557352,-0.2052819272538327,-0.051670341935656144,-0.028469621701310375,-0.10566993805276514,-0.03637286675004094,-0.023948854165109036,0.004271727232287747,0.015052396150243065,-0.009506994389064492,1.756055402582099e-05,0.00409016559644623,0.019410883245538336,0.027956147892812984,0.010667611189531898,0.03304547933466161,0.03857612274880434,0.06946452178100168,0.08279614159800873,0.0529379959476309,0.0943214182994488,0.10606225222856762,0.18741711786917017,0.22100743147633337,0.14711623612439523,0.0,0.0,0.0,0.0,0.0,-2.6392022276663242e-05,0.0014318746647209548,0.006219010435701402,0.008509881115834042,0.0036307722675801763,9.202001563641793e-08,1.0939262899862902e-07,1.8981816480113572e-07,2.2624450084447852e-07,1.449541558056204e-07,-0.08924389560828119,-0.06921455884398463,-0.027457951768747654,-0.015447914125095673,-0.0456345627076829,0.009026145942500475,0.01023966985786421,0.017511899056945543,0.020534761214239763,0.013755530164328091,0.013081440926445536,0.01870359260995788,0.04084652872549894,0.05165775297947545,0.02809048365777124,-0.033266830806438136,-0.021615118984177135,0.004194831316310316,0.014594075468535573,-0.007303260526223575,-0.3367588943129904,-0.2933584718107836,-0.18197013791240774,-0.1526679332837247,-0.23550672308650847
1885,-0.08661744747501754,-0.010001707118579263,0.15974723857838546,0.2185425096222902,0.08451800916969535,0.14153402230865078,0.1579305977093822,0.27847791494861635,0.32619906272637395,0.21959950237530118,-0.6170151640776906,-0.5451794313620046,-0.355561996074514,-0.2995662548411443,-0.4490749820335557,-0.33368815732067963,-0.22814518905853126,-0.06055288833249981,-0.024453628170875954,-0.12375343891132325,-0.6086281324410211,-0.4947932549272281,-0.25503123538651346,-0.18967100980134696,-0.3617905989019937,-0.31147282509015844,-0.20885790495598575,-0.05317241438834347,-0.029331971737823887,-0.10837547192442572,-0.037508802857287846,-0.0247934862384446,0.004048550458165789,0.0150583493103738,-0.010024291776124301,1.7876390643584314e-05,0.00415734695066289,0.01972149635596816,0.02840824167845655,0.010842842654267318,0.03358670682942808,0.039210279081816804,0.07061288022480987,0.08417328811702794,0.05380717539736299,0.09610189500338391,0.10808014346131116,0.1909323893284219,0.22512854088025142,0.14988155013215618,0.0,0.0,0.0,0.0,0.0,-2.6851118194516858e-05,0.0014564003251100284,0.0063259366963853755,0.008656518473907254,0.003693514857766851,9.5835927216659e-08,1.1371550139792523e-07,1.9705961087116016e-07,2.345620044890424e-07,1.5069720387903492e-07,-0.09102695884118331,-0.07056216963863635,-0.027970984405127793,-0.0157505180886982,-0.04649464856504894,0.009204757277140175,0.010443488826298959,0.017900712737941565,0.02100621603300225,0.0140424898502579,0.013347201126363655,0.019102115001531868,0.041654581614173174,0.05267411815808896,0.028661075147067994,-0.03151667726207422,-0.01980063005930249,0.006040097908826859,0.01649601879181963,-0.005593851128581282,-0.605673398273747,-0.5369122430008966,-0.35146788870803447,-0.2969494174847039,-0.44307595865341504
1886,-0.08665738327499613,-0.009482711393867476,0.16197124808203126,0.22190787041019885,0.08571522770068377,0.1442042659828251,0.1609263191215528,0.28369967858526013,0.33232234286006873,0.22372635484833459,-0.6440477839570957,-0.56617749001558,-0.3600016282771179,-0.2997828016799251,-0.4618724792896163,-0.3388377984461599,-0.23194464667149975,-0.06207805586332981,-0.025356801152540524,-0.12670671958557855,-0.6303759749104223,-0.5098739619880857,-0.26331661696620795,-0.1958270022236986,-0.37175713123755455,-0.3153156653864518,-0.21172241238591416,-0.05444213873062664,-0.03004305579948114,-0.11050250612877563,-0.03856080937481722,-0.025527919162081806,0.00383066847989034,0.01509385193251234,-0.010441416711212287,1.8096935633297924e-05,0.00421076504466829,0.01998460386796818,0.028781077373296566,0.010980882925522947,0.03416263540413221,0.0398746553136241,0.07180085258358238,0.08559641631144084,0.054711819902876935,0.0979873709338746,0.11021192157668158,0.19462625286828764,0.22942924221565625,0.15278658187948913,0.0,0.0,0.0,0.0,0.0,-2.7326993235284098e-05,0.0014818903941809,0.006438365165180365,0.008809157050898436,0.0037594862652709825,9.937543484276916e-08,1.1792644770511765e-07,2.0410721949887447e-07,2.4271059715222757e-07,1.5625281178412298e-07,-0.09277422967316329,-0.07188893260266867,-0.02848127831155387,-0.016031218204444198,-0.04735662532877605,0.009375750467617846,0.010639283013734275,0.01827991314042201,0.021465600414284414,0.014321017709159934,0.013604769774746376,0.019462141343119035,0.04243327528133165,0.053661302494811526,0.02919986799416408,-0.03320677607657625,-0.02143890416535499,0.004684567338037581,0.015366268686850985,-0.0070042983591599405,-0.6308765152032966,-0.5558870828990886,-0.3551379224439549,-0.29562174403890784,-0.4545454456965121
1887,-0.08677777427396448,-0.009113835538731817,0.16422908658489763,0.22517941930912957,0.08705381652824884,0.14699567813785983,0.16404359332976612,0.28908437609837523,0.33861530556511177,0.22799403760683146,-0.6241272997681507,-0.5460601155877118,-0.3307626063088212,-0.2713745235474606,-0.4378132726662597,-0.3436509520868466,-0.23601179331900868,-0.06375530433572725,-0.026253520241278076,-0.1295317688283138,-0.6081508410885502,-0.4854162023661886,-0.23589233454094213,-0.17126243166713892,-0.34418314800497096,-0.31927109570828693,-0.21507875626391693,-0.055831818441963284,-0.03081480428497218,-0.11281265728043742,-0.03964228578130336,-0.026272311463483806,0.0036792194008798376,0.01519549064348226,-0.010884136538702464,1.840111565321342e-05,0.004277556456967342,0.020295967043877924,0.02923619174320106,0.011151630873305332,0.03476559528074212,0.040567251722418214,0.07303009767519049,0.0870528372886198,0.0556588435707679,0.09996678414235921,0.11244913445947674,0.19846444551936102,0.2338848410724219,0.15581385059609038,0.0,0.0,0.0,0.0,0.0,-2.78186874855014e-05,0.0015088511049289603,0.006553648752185789,0.008967160861468976,0.0038283846057010525,1.0352079767426844e-07,1.226658274727706e-07,2.120067457993728e-07,2.5199433439378855e-07,1.6251639181842524e-07,-0.09451817710382658,-0.07322768518967139,-0.028983055212489294,-0.016307536194151203,-0.0482211753073173,0.009549825081308678,0.010834881774227029,0.01865302625875266,0.021915584004198248,0.014597271719246609,0.0138898635459529,0.019876489612740123,0.04330123566788506,0.05475857686472522,0.0298017893730438,-0.03642620068360264,-0.024473430558185336,0.002200080779237752,0.01306508634662221,-0.009629972703948362,-0.608040669533776,-0.5325932662979272,-0.3227768613347145,-0.26446103895543976,-0.42778648260974406
1888,-0.08965702964389455,-0.010853801051935862,0.16586360700840677,0.22794665520168653,0.08680313674469872,0.14991896509202798,0.1673161308295626,0.29468682125959195,0.34515409385920837,0.23247514915877923,-0.5611985086357287,-0.487226729885141,-0.2734568103511868,-0.21896214647352122,-0.38076098722036483,-0.35181481923462676,-0.24281605252886385,-0.06636418531377644,-0.02765569504104966,-0.13415734599481452,-0.5509506004292655,-0.42656292954411734,-0.1805538287368562,-0.11893230023889488,-0.28517300698477743,-0.3265960069908219,-0.22107496233089213,-0.058140683151460995,-0.03209010282871149,-0.11677447609456218,-0.041384794532410576,-0.02758586779210606,0.0033778364372253253,0.015265612625345254,-0.011669581384259626,1.8997194529476804e-05,0.00438547753942962,0.02078579878138481,0.029939876699785286,0.011436809949570824,0.035377467711410954,0.041280961598416946,0.07429768648255514,0.08854718583855628,0.05663708658320068,0.10205159269764695,0.11478729620678793,0.20247520617277268,0.2385529994110242,0.15900910368415008,0.0,0.0,0.0,0.0,0.0,-2.8325369466401017e-05,0.0015365694443520111,0.006674122891672135,0.009130514749930185,0.0038987816287844304,1.0793515000951566e-07,1.278954808221197e-07,2.2030755701593547e-07,2.6187343692517425e-07,1.6924450150238318e-07,-0.09624880555538715,-0.07454456113346797,-0.02949370203112433,-0.016583639885226906,-0.049075500103234616,0.009717308624850587,0.011024112057345001,0.01902535348666144,0.02235964199800199,0.014868871032996878,0.01425593296286591,0.020388977553493517,0.044348306671148405,0.056055493737548166,0.030540209542234478,-0.03963726469905182,-0.027330980186657913,6.273900364561538e-05,0.010909475850433463,-0.012082508384234029,-0.542260684757301,-0.47099768454886437,-0.2624521935757613,-0.20897479539615307,-0.36813778680391585
1889,-0.09229221764194055,-0.012182700669227494,0.16743076888675423,0.2310051356548879,0.086953509313034,0.15296404148532772,0.17072025722540796,0.30050965332610524,0.3519358340091375,0.23711928490085385,-0.451294151026214,-0.386810090222269,-0.18353402280474512,-0.13465246587955956,-0.28617904547450834,-0.35973496619095924,-0.24899311233582685,-0.06907453423821464,-0.029202240850317158,-0.1387625354243864,-0.4489006999250585,-0.3267253400064392,-0.09142265655550535,-0.035603289877301776,-0.19041898486977005,-0.3338896850919837,-0.22685721708908083,-0.060403916409448845,-0.03342471032509875,-0.12075395532833619,-0.04315071460057971,-0.028901423570199366,0.0030327783812582497,0.015284084422826671,-0.012447845494478142,1.948306365986884e-05,0.004480349846056887,0.021249158666129996,0.03060036400760533,0.011693741536362004,0.03600311979105332,0.04201886457774147,0.07560312772430501,0.0900881680392346,0.05763776561428345,0.10423480642658262,0.11724773980451708,0.206671348076193,0.24342507900460617,0.1623278850044634,0.0,0.0,0.0,0.0,0.0,-2.8846011699349176e-05,0.0015651823445947007,0.0067975272178613785,0.009300280464092588,0.003971275459429449,1.1255412154248255e-07,1.3325783929825233e-07,2.2916565024515873e-07,2.723293339111206e-07,1.7619624616054974e-07,-0.09798031795683478,-0.07587196242663762,-0.030008479058013363,-0.016862905001925194,-0.04992700215582237,0.009885396323839717,0.011212423261317852,0.019390213340437275,0.022794967719684766,0.01513794348575137,0.014590126630169918,0.020871688815324828,0.04536318719760301,0.05733489290720101,0.03126470936853977,-0.042147277221896276,-0.029566764574306424,-0.0015016699303031455,0.009366612973485199,-0.013924947491049958,-0.4293588338680947,-0.3684545948243848,-0.1716792544146437,-0.12342329418971752,-0.2713818682573539
1890,-0.09326776859164508,-0.01260448389581234,0.16921960251970825,0.2341498545775153,0.08729661130970698,0.1560751133461936,0.17421019446445304,0.3064946745782556,0.35889288079870146,0.24187359499351618,-0.37916562822872774,-0.31958102100485947,-0.1337879647668261,-0.08676286476532978,-0.22118589627887253,-0.36666035820218507,-0.2548183434198708,-0.07162749095309337,-0.030840847814156146,-0.14317515960439292,-0.3803545393340052,-0.25966828155910343,-0.03365092707271798,0.018772927825641314,-0.1279678378676371,-0.33933453975293876,-0.23147508702452532,-0.06251480676763814,-0.034512280646382565,-0.12432707749361155,-0.04479115668920944,-0.030204044581802404,0.002658827487997086,0.015331235674506644,-0.013202534665404528,1.9841131685652436e-05,0.00456389641941998,0.02164412214743634,0.03117096769377635,0.011912313199859765,0.03665085151222168,0.04277839143681931,0.07694378894817747,0.09167900080770107,0.058672192999754666,0.1064966334588186,0.11977400656993364,0.21098815419091507,0.248470556391377,0.16575813007908913,0.0,0.0,0.0,0.0,0.0,-2.9382250891380236e-05,0.0015947653916988998,0.00692441964454118,0.009474842506045316,0.004046935052200847,1.1730076255286467e-07,1.3880515943548552e-07,2.3829899983339882e-07,2.8281397427508855e-07,1.8341826319875367e-07,-0.09973335158301157,-0.07720015766906894,-0.030518742198659698,-0.01713639256802806,-0.050761455012884815,0.010050934209294836,0.011399263721967557,0.019753646785123487,0.02322923689305903,0.015404346393044346,0.014910890310289039,0.021330692184498786,0.046333972808735295,0.05856404456253188,0.03194512807067727,-0.043752058933374305,-0.030877478280380722,-0.002333369069532057,0.008593023606967752,-0.01494920931044407,-0.35589422375708846,-0.30050802579307995,-0.12365208323642539,-0.07508161000831197,-0.20500162646769773
1891,-0.09382554097809263,-0.012543195767388961,0.17078521576900646,0.23703054740540894,0.0876204076142924,0.1592395469730729,0.177757955496062,0.31259382515247053,0.36604184661894423,0.24674321738037447,-0.3309155640129232,-0.274076478915272,-0.10133104989661666,-0.05954500350510698,-0.17604118222086645,-0.3727586066010343,-0.2602086309682226,-0.07454763636031222,-0.03270644050117582,-0.14756715764388192,-0.33291462888340384,-0.2128781388151175,0.004528400084233167,0.054710515306361146,-0.0854929108732923,-0.3445364903792346,-0.2361119224164004,-0.06479131423662202,-0.03594016001397256,-0.12782703120561473,-0.04655615810958752,-0.03153263776647772,0.0023017637453749524,0.01529433088002449,-0.013999710494275135,2.0134037488575775e-05,0.00463988478036147,0.022003530709627492,0.03170031468674021,0.012103486672418381,0.0373139152280607,0.043554730903359117,0.07831567290568862,0.09330728103442777,0.05972414457763728,0.1088053317740955,0.12236355140443109,0.21541129648286306,0.2536399424009653,0.16927705730879666,0.0,0.0,0.0,0.0,0.0,-2.993130627964387e-05,0.0016251021741276485,0.007054852009593349,0.009652592806388378,0.004123363626401642,1.220924794532399e-07,1.4442841326536824e-07,2.476921634399284e-07,2.936883125860584e-07,1.9081111391963343e-07,-0.10144439498589358,-0.07849589044195217,-0.03101962613289321,-0.017425780880295595,-0.05161841561888043,0.01020423528803214,0.011572797101685833,0.02009622671409942,0.023648900810413015,0.015659149784449877,0.015171569633640188,0.02171140052954393,0.04721305925773358,0.059678076904576986,0.03253545342612006,-0.04235437016998681,-0.02933028484537761,-0.0008592785103013469,0.010067433741215428,-0.01337777606270775,-0.30808718358276743,-0.25609863575251335,-0.09320049044246874,-0.0504787219230895,-0.1616407800475287
1892,-0.0911040565200338,-0.010235555463056215,0.1733801489931528,0.2406664330937513,0.08899692612248004,0.1624854695753285,0.18140318617984616,0.3188675206168524,0.373314906147266,0.2516990872477809,-0.27377626328357785,-0.22079749633963497,-0.063305050524193,-0.023039272570905607,-0.12743539997358794,-0.37614883613504635,-0.26307186140480976,-0.07677843346427984,-0.03432013830045535,-0.15088352209266395,-0.2749782032471183,-0.15810566257359893,0.049690004746750505,0.09909727507847015,-0.03701812110846356,-0.3463957913578564,-0.23800996386565706,-0.06653611777687805,-0.03694922361129113,-0.1303555271121828,-0.047972088525159794,-0.0325551778365881,0.002033863903946371,0.0152036894468872,-0.014571604423983753,2.0146394728790733e-05,0.004674332403576393,0.022184752622327844,0.03195791981444413,0.012189740177702156,0.03801706052679046,0.0443623932425932,0.07974873047422235,0.09500201182058443,0.06082246579940892,0.11114582368591788,0.1249995017353003,0.21994800213012522,0.2589360596547921,0.17287766429275367,0.0,0.0,0.0,0.0,0.0,-3.0503922446998807e-05,0.0016563819274095272,0.0071900831699378874,0.009837700638421314,0.00420444177512755,1.2695023974270012e-07,1.5009945928686652e-07,2.5735632161590144e-07,3.0514552744049697e-07,1.9837794582672662e-07,-0.10312591881339635,-0.07980607556521943,-0.031508139594827476,-0.017711876630471433,-0.05247007181423903,0.0103571835709713,0.01174386902067408,0.02043886584014374,0.024063906179288625,0.015911456237167942,0.015369462867723947,0.02197522974114579,0.04790045131093646,0.06055379251873287,0.03297759886218381,-0.037622643794247866,-0.024829799392649836,0.003122502059233949,0.014210814572797839,-0.00915030782044402,-0.2542540972622762,-0.20778881249150516,-0.059964192622624084,-0.017476383853051346,-0.11725268447576502
1893,-0.08859284648555722,-0.007904553441273013,0.17616653804940172,0.24441166597783112,0.09080221423765092,0.16573218158649092,0.18504528508465068,0.3251954193000554,0.38073362959297186,0.25670365521318383,-0.23971734671120798,-0.18925531498376696,-0.04357265843924019,-0.010519225198974202,-0.09949721373679976,-0.3801390244260149,-0.2663112242936112,-0.07850640658745818,-0.03541244436737499,-0.15368153689789354,-0.2408750986012065,-0.12619243877576075,0.07483159081979042,0.12424677949977182,-0.00894576055196966,-0.3488638793001058,-0.2402337917431544,-0.0678607660436623,-0.037688379338561,-0.1324030355495297,-0.049126533929060634,-0.033346653225306944,0.0018052267472123637,0.015175446676469521,-0.015067403702786687,2.0192408934496667e-05,0.004710217398770611,0.02236834843460056,0.03223195154785475,0.012270135962398742,0.03875155417418832,0.04521592227458178,0.08124325744676716,0.09676734704891712,0.061978792505294096,0.1134418792171802,0.1276025514876152,0.22448136473185937,0.26425797873601664,0.17645679580400725,0.0,0.0,0.0,0.0,0.0,-3.110187193759847e-05,0.0016897945070004524,0.007332938816766553,0.010031527631081446,0.00428940247343166,1.3182587504961917e-07,1.55816059385615e-07,2.673133846621213e-07,3.168604206813722e-07,2.0607846732949206e-07,-0.10483957840593022,-0.08112687350887963,-0.032004883776655356,-0.018010365251984732,-0.053293563103993566,0.010516179907308664,0.01192656383180145,0.02078902513940788,0.02448899097483963,0.016171633787119673,0.015601271641032704,0.02229829005654411,0.04866519344255634,0.06153581215870896,0.03348429697404087,-0.03214469344072492,-0.01940731938503785,0.008390577611091486,0.019319321665720222,-0.004136162947361095,-0.2255285760022396,-0.18221726094497162,-0.045108159811088636,-0.009185151201169889,-0.09437303605040764
1894,-0.08943908433243941,-0.007809055108329649,0.1787953525163332,0.2484169365934702,0.09208971996284966,0.16892836268457861,0.1886211003220581,0.3315235732232459,0.38815333252175155,0.2616995084536924,-0.2144003363426996,-0.16590990751591805,-0.03181991655778464,-0.003936586207764075,-0.08096884862240102,-0.3869421214433879,-0.27163979977835456,-0.08051401056246969,-0.036526778366591954,-0.15733507285512088,-0.21890020521378256,-0.10638115506425601,0.09249645810607712,0.14247802179868815,0.009124328744305063,-0.3547287471062721,-0.24504992838869497,-0.06953182633330844,-0.03866525700828849,-0.1355408470948381,-0.05069986989849791,-0.03451202321347527,0.0014972753389217936,0.015117232500705461,-0.015768448784889755,2.0545558575677368e-05,0.004784403529084758,0.022724416870307473,0.03273642992093188,0.012466166672126442,0.039479699372735995,0.0460625744013866,0.08275487920287654,0.09854557372702753,0.06313749918437851,0.11571220641886186,0.13015036730836724,0.2289932101322965,0.2695688191719991,0.17998937637829404,0.0,0.0,0.0,0.0,0.0,-3.1703745173474905e-05,0.0017231252892416398,0.007476411094646684,0.010226463189669232,0.004373832743626841,1.3687443293328908e-07,1.6176134109533987e-07,2.775920709836157e-07,3.286062099131833e-07,2.138546832850814e-07,-0.10658605943039029,-0.08244894594251438,-0.03249877445248504,-0.018279342558534827,-0.054119408658922424,0.010691362707289962,0.012122956150935537,0.021154536557450792,0.024924536263738015,0.016447294663042827,0.015953880947791547,0.022830833635691754,0.049730630733720894,0.06287289797108755,0.03423335838474373,-0.025903341666447487,-0.013444029826504118,0.014548220250025657,0.025521094077245583,0.001428023757225307,-0.2069917694890179,-0.1646725475046429,-0.038482452417190005,-0.006762453809677816,-0.08151220824572991
1895,-0.09153724457477981,-0.008462371956286853,0.18072586441997363,0.25166211624999124,0.09243498049689178,0.17206443334072333,0.19212693872175687,0.33779152316129546,0.3955690744450211,0.26664052604224103,-0.20615783820746225,-0.15762942602692187,-0.033390002433133614,-0.011263547949017573,-0.07799682607835542,-0.3944334954964425,-0.2777419935864504,-0.0831800278148827,-0.03812097171886675,-0.16175021864676864,-0.21381068345904258,-0.10254041826855875,0.0955658739013203,0.1470481420673301,0.011926441304679836,-0.3617521561396143,-0.2506547898370212,-0.07182148569073733,-0.039833369455732015,-0.13940796114291726,-0.05261468975397955,-0.03594464959984845,0.0012002790045756919,0.015130753474330398,-0.01660125422442691,2.104316704246699e-05,0.004880756660671545,0.023163350838719735,0.03337981801585302,0.012722967029497061,0.0401659835798916,0.04687113782781034,0.08422139195608178,0.10028946908595106,0.06425757280164746,0.1179166644062734,0.1326464147922469,0.23345869959639468,0.27482279589449105,0.1834930095494332,0.0,0.0,0.0,0.0,0.0,-3.229226296022677e-05,0.0017552305759439245,0.007616564790876726,0.010417412001653912,0.004455257762380578,1.425907734049265e-07,1.685432041481858e-07,2.886615980104179e-07,3.4146431399812146e-07,2.2265277834258122e-07,-0.10828158049623943,-0.08374918914329027,-0.03299032865419548,-0.018557638174058033,-0.05495238183640956,0.010878379325986325,0.01233367768768793,0.021535824152048074,0.025377086506852928,0.016739750675270837,0.016350728533868288,0.023382608264206753,0.050879565726541655,0.06429222869425419,0.03503561145587293,-0.022062229440528946,-0.009909865066865694,0.01833979103733998,0.029558772397337594,0.004667080749583428,-0.202580528533289,-0.16059531610116565,-0.04146909101130935,-0.019473722320201368,-0.08197254038082116
1896,-0.09097029120754549,-0.00745882798966713,0.18270953827238104,0.25487099267334573,0.09277899422345924,0.1750872800969187,0.1954705032249626,0.3439511488685632,0.40283966014070494,0.2714160722798938,-0.2042289653566478,-0.15564536583918703,-0.03908788726238692,-0.020029150826165347,-0.08169505359587367,-0.39913544478274404,-0.2823539064006483,-0.0857823298874808,-0.039941346864677,-0.16552134997097726,-0.21260251098547991,-0.10341607893415064,0.09312474656335125,0.14637150845494565,0.009104700580365766,-0.365229522084577,-0.2542529127280501,-0.07387345010843789,-0.04099691507524612,-0.14256562373391907,-0.05431859986961811,-0.037217792499873954,0.0008788571276032172,0.014998967356676291,-0.01736483873639815,2.118081463376408e-05,0.004928658026348912,0.02341257174302725,0.03374798632853746,0.012836309193629929,0.040766204836956435,0.04759191570935294,0.08558784644634253,0.1019355918350245,0.0652876662040428,0.12007575248925896,0.1350943293710825,0.23787021079803383,0.28003179786382326,0.18691393252548422,0.0,0.0,0.0,0.0,0.0,-3.284393124005771e-05,0.00178505312000798,0.007745694621949941,0.010597024143161498,0.00452833957521058,1.4858118755491438e-07,1.7558408515151687e-07,3.005237162463137e-07,3.554089878065981e-07,2.319139503413294e-07,-0.10999105542133066,-0.08506517879027184,-0.03347262271657821,-0.018832969315259313,-0.05577791491329237,0.011065028589278571,0.01254513788844031,0.021916401714135218,0.02583080767450726,0.017031945309882373,0.016559972461677626,0.02368429330911654,0.05162660861859955,0.06528674754967799,0.03553613772399901,-0.02317872930485172,-0.011018810639106796,0.01719967964793976,0.028740019309949686,0.003418404957173682,-0.19957546028244952,-0.15772071485017392,-0.04459393633185086,-0.027399167705198797,-0.08474016270909077
1897,-0.09156176121852172,-0.007601600346760525,0.18421684233229427,0.2577397610668634,0.09287249618132118,0.17794660757973488,0.19869930823646784,0.3499229378011803,0.40994694273546656,0.2760060812693963,-0.17522500802860147,-0.12948706549538022,-0.02358348037571472,-0.002589390584260327,-0.06375118719830586,-0.4051662588745995,-0.2879591967791092,-0.08865037093346065,-0.04183292987486469,-0.1698158014048916,-0.18866677421778294,-0.0821592186212276,0.11319763950512543,0.16799512406724482,0.02881109410406125,-0.36929900502342494,-0.2581356004991188,-0.07612503014744641,-0.04216917048266296,-0.1458887219261667,-0.056183121672627276,-0.03865541159618545,0.0003429277947052598,0.014864759500219787,-0.018253709443560865,2.141135627497288e-05,0.0049885815047685435,0.023705855233902565,0.03416469856418112,0.012989444493049774,0.04128451928067208,0.048205731344225754,0.08683786048135857,0.10346733962345729,0.06619366631145476,0.12217895845526035,0.13749455055903798,0.2422600034405768,0.2852269390378503,0.19031210342222232,0.0,0.0,0.0,0.0,0.0,-3.335331787722797e-05,0.0018115994042630387,0.007863410130891549,0.010760339257878566,0.004593514586197748,1.5427054576637284e-07,1.822143210932599e-07,3.1229594371449184e-07,3.6937797286845017e-07,2.4085791605646397e-07,-0.1117026169317167,-0.08636547091127694,-0.03395815289135005,-0.019100067427586426,-0.056611123600643826,0.011242405792872653,0.012748843811502646,0.02229591766873589,0.02627762136933606,0.017319262062897252,0.016813434888657528,0.024024936841871132,0.052449994014318366,0.06633912786166407,0.036081262039426625,-0.026709426430568315,-0.014531657007132494,0.013728130119812611,0.025474843396323686,9.006358024023632e-05,-0.1669244814773111,-0.12869670887257814,-0.027883391411131806,-0.010209677123524462,-0.06357442915926939
1898,-0.09420161565503378,-0.008815921675788575,0.1851174295643219,0.26060624528261866,0.0923097235542207,0.1808359330852751,0.2019449622194432,0.35599498604267854,0.4170795376134084,0.280637121753598,-0.14723087797882276,-0.10528945146449352,-0.008590933721765776,0.01245911019583712,-0.04537522269768385,-0.41353372099948593,-0.2947824643371167,-0.0918331569557699,-0.04383448948894729,-0.174851502265285,-0.168731590670804,-0.0631008529862885,0.13291426647331797,0.19076509073346995,0.047577658859524585,-0.375995446089807,-0.26394359013112356,-0.07882734128652713,-0.043536891490209645,-0.1504833245500235,-0.05844942036887715,-0.04035225185133859,-7.015063721818208e-05,0.01488667538574379,-0.0192831661982537,2.1945387966066924e-05,0.005092009659513882,0.02416867425225472,0.0348340722267699,0.01326432232028163,0.041828733844986234,0.048830338468229366,0.08810263827126436,0.10499541265533403,0.06710233940609127,0.12433010091816102,0.13991054964451138,0.24665078631738763,0.29049966942592753,0.19370248801257595,0.0,0.0,0.0,0.0,0.0,-3.386489004333611e-05,0.001836881525933834,0.007980103589415694,0.010923960885103872,0.004658860873656242,1.6049252903143415e-07,1.8944166668058686e-07,3.248525698421495e-07,3.8415528252638657e-07,2.504751274506713e-07,-0.11344509920672384,-0.08768798773857614,-0.03444149557545748,-0.019365014778082872,-0.05743480274917255,0.011421545005238811,0.01294972455173545,0.022669784767206883,0.02672641007257558,0.01760610630774921,0.01716972301259282,0.024558096726575676,0.053537758621017444,0.06771880977253333,0.03683790577223821,-0.030495998884744854,-0.018175778927396507,0.010314856898379552,0.022366058090177637,-0.0032165373510321654,-0.13461813666181363,-0.10101376745703065,-0.010970898214969315,0.007861058178346689,-0.0417984128511819
1899,-0.09880770181969678,-0.011462896280189296,0.1855667707442204,0.2620808481600006,0.09041509493672885,0.18389646131052406,0.20535759238887197,0.3622037758609268,0.4244310967635489,0.2854666803327395,-0.12398669197664426,-0.08533706636597005,0.00329160645192829,0.023485435669383988,-0.03041635386067855,-0.42332087422340126,-0.3031094265028574,-0.09595718321297585,-0.04653713149019991,-0.18137233584804585,-0.15407160132529688,-0.04972574214792278,0.14829102281423284,0.20859835494511708,0.06113192379146744,-0.3836870460559318,-0.27095087581739075,-0.08220586802485429,-0.045241302992513395,-0.15600506654475885,-0.06126494636089129,-0.04259118744628521,-0.0007213557732791667,0.014833129292956902,-0.020652398496292725,2.250461252590423e-05,0.00519742827972202,0.02467477555585851,0.03555963726810882,0.013561391001824413,0.0424353133541305,0.04953831442651559,0.08944382598605645,0.1065933581898314,0.06808741469538415,0.12658363704839481,0.14243905002903437,0.2511660434495777,0.2958902674017642,0.1971942295919218,0.0,0.0,0.0,0.0,0.0,-3.441090001792611e-05,0.0018662416825573473,0.008105507678003596,0.011096943950446555,0.004729820690789675,1.6692484726236279e-07,1.9700217121385802e-07,3.378720467776833e-07,3.993984920513577e-07,2.6056252390790263e-07,-0.1151362220952061,-0.08899170763668816,-0.03492679837574151,-0.019640354855003057,-0.05826570285238387,0.011606617004945413,0.01315784154069501,0.023059896621050985,0.02718989253241253,0.01790505878429514,0.0174977522561387,0.02503271072721106,0.054566594393368306,0.06901464879991207,0.03754864216922171,-0.034067113398509534,-0.0216154785022176,0.007307581773979587,0.01950988054852896,-0.006232208734695346,-0.1075511537267167,-0.07732108477835191,0.003511518038573341,0.022947072470753685,-0.023495260491580884
1900,-0.10361870159312406,-0.014474144413530805,0.18513207482025382,0.2638407591022119,0.08821145584538512,0.1871693216546139,0.2089839387898487,0.3687251530308299,0.4320755214187804,0.29052131576267276,-0.1088332487498281,-0.07238595002505865,0.009092703283448113,0.027881954292164692,-0.022137267958649114,-0.43459186325488064,-0.31257793618989443,-0.10077934687293134,-0.04989919252324193,-0.18851651693351912,-0.14728454979037042,-0.04340890379246837,0.15643535633770092,0.22008119803297813,0.06751449612496534,-0.3921074239841835,-0.2784689030829032,-0.08580882853361162,-0.047155875767226955,-0.16203034888157275,-0.06450910378534115,-0.045133297976717154,-0.0016113127330647644,0.014542679546198003,-0.02228450408633676,2.299936552371313e-05,0.005304010905906937,0.025160856382277327,0.0362743137481916,0.013831670980488932,0.043081742922714515,0.050295788357559726,0.09083236207175606,0.10825283209159714,0.06912684669049088,0.12895787574546622,0.1450774174617645,0.2558902383029731,0.3014572919479247,0.20083562638200847,0.0,0.0,0.0,0.0,0.0,-3.498373292535791e-05,0.0018971362488024988,0.008239293332938767,0.011279321354268814,0.004806177946995624,1.7352771332016742e-07,2.0479485217271274e-07,3.512787360602224e-07,4.153986394005676e-07,2.7086143102850026e-07,-0.11686778561026313,-0.09031328716618836,-0.035423766294919216,-0.019922295080978793,-0.05911828733488213,0.01180409920042582,0.013380168176259657,0.023465457857915505,0.02766586755183099,0.018215158455983614,0.01780531214990938,0.025455849987862503,0.055530507489271755,0.07023838432190785,0.03820627124209869,-0.03757568027988791,-0.024991103472905726,0.004509628930980216,0.016793009594235065,-0.008986626792605345,-0.08898004021880389,-0.06048116415019426,0.01145496283565195,0.029706081626833854,-0.011555435565350377
1901,-0.10687905361364575,-0.015785793718743956,0.1857418008598844,0.26560367066517626,0.08675387749382596,0.19051090803402787,0.21269997860888268,0.3753432865462919,0.4398611512138543,0.295685794310523,-0.09734826816892907,-0.06279234627460333,0.012841960753156094,0.03055945428589434,-0.016813719028975268,-0.4432465465279254,-0.3199103046280371,-0.10481045535513571,-0.05262406168535813,-0.19475035457580978,-0.14196560053661306,-0.038336255435120904,0.16246620894165406,0.22914635454832144,0.07177716514130009,-0.39853255076936894,-0.28417281213414375,-0.08897567882979825,-0.048780238170661315,-0.16692943637619295,-0.0675373221013894,-0.047385448461305664,-0.0022914730970180134,0.01437892691927877,-0.02365923274899716,2.333520860155667e-05,0.005389971542946639,0.02556580483306999,0.03685618769617835,0.014044700473375114,0.043745854456309435,0.0510684096860726,0.09226549954242788,0.1099555467554113,0.07019640134267753,0.13136731183323774,0.14777994038015033,0.2607005366175939,0.3071268409903527,0.20453665214364786,0.0,0.0,0.0,0.0,0.0,-3.557088705435557e-05,0.0019285779085929248,0.008376185389830704,0.011466558364611731,0.004885144067245623,1.8024158783211806e-07,2.128973664023948e-07,3.653863116478549e-07,4.320769335489559e-07,2.8144129915933337e-07,-0.11866929440455459,-0.09170785282700886,-0.0359633200025714,-0.020215259596650006,-0.06002897519410867,0.012013515078758781,0.01361453415316121,0.02388316131011001,0.028157691761975242,0.018541255771684063,0.01810526555551366,0.0258747302250716,0.05649217623919987,0.07145971158452524,0.03885120116536063,-0.04130800295072907,-0.028417220249717243,0.0017427148301405674,0.014148257767720928,-0.011806050128912619,-0.07390836874814719,-0.04630688971335483,0.01845533690024089,0.03419379245875602,-0.0036459870099197975
1902,-0.10782279673775416,-0.016201969469568492,0.18694326955112922,0.2681833205133599,0.08604746013978529,0.19387805211747736,0.2164665217581256,0.38201793091343766,0.4477641671224003,0.30093388716137043,-0.0913515912230745,-0.058457942609306174,0.012592728343440706,0.0298610653529836,-0.015773433176078717,-0.4503370911366626,-0.32696586334720973,-0.1083157897665762,-0.05468616797449877,-0.2001215969751472,-0.14073898550130975,-0.037003553117947216,0.16503193843780312,0.23392841270156256,0.07233209024372882,-0.4034841766508037,-0.2892536007955566,-0.09163971271359622,-0.0502264003195979,-0.17096428008125703,-0.07013229538599298,-0.049304375228868096,-0.0028479579306362277,0.014242259158723179,-0.024893309817692662,2.357582592894884e-05,0.005462977971560377,0.025914726613000864,0.0373477494044994,0.014223087103512621,0.044446736532686944,0.05188674380814737,0.09374558252078762,0.11173495068583197,0.07132217546360453,0.13373101435662574,0.15043493242272085,0.26545528829799153,0.31277877359986683,0.2082295377982069,0.0,0.0,0.0,0.0,0.0,-3.618121092912285e-05,0.0019612532156219583,0.008518682781374028,0.011660620054213236,0.004968454567500305,2.0335950263528806e-07,2.394662184929127e-07,4.033839143350989e-07,4.7468521170134234e-07,3.1333841101808715e-07,-0.12057933169068512,-0.09316233323959484,-0.03653972979363068,-0.020546759016638178,-0.060989587466922235,0.012250581829087134,0.013883515898177157,0.02434509283557419,0.02869543139123373,0.01890289088715239,0.018403253469640588,0.026305053457786127,0.057459105222763804,0.07268566215759498,0.03950577705603939,-0.04454259432551173,-0.03120103453900961,-0.00032756284914969673,0.011902432895494136,-0.014137101868553964,-0.06473983498905772,-0.038198033460607565,0.021159575322992747,0.03487666597668651,-0.00029801971418229323
1903,-0.10854741776760937,-0.016626947543704886,0.18745269339221537,0.27068247783285787,0.08511273007965606,0.19730167265133797,0.22030994297367465,0.3888318609674962,0.45583028372518697,0.306288476783086,-0.12026999083997089,-0.08621392722958175,-0.015406432712514418,-0.0007871862626674902,-0.04383940990002379,-0.4574796086402778,-0.3339413343533569,-0.1122353233685289,-0.057544583185007894,-0.20602427456888908,-0.17023339292474843,-0.06683816409607546,0.1379372678054741,0.20920018957042338,0.04281825889993013,-0.4089237381406268,-0.2941642292832956,-0.09458720690570285,-0.05189954905233182,-0.17524278462446716,-0.07317100010953492,-0.05154662742469637,-0.00356330926875374,0.014013143764170285,-0.026299319978057643,2.377496096572011e-05,0.0055251085099372295,0.026231620051070523,0.03782066599944829,0.014377291278898155,0.04520034170351614,0.05276910540172372,0.09530035330973935,0.11359505838174497,0.07250886683155285,0.1360503137025162,0.15308520903024267,0.27022378902103544,0.31843537593042853,0.21191576262856515,0.0,0.0,0.0,0.0,0.0,-3.682266813191981e-05,0.001995883115556153,0.008669373357600737,0.011865789491621221,0.005056448371838716,2.5171714840487514e-07,2.9660409311349704e-07,4.84375345441398e-07,5.648999171827453e-07,3.820555190606363e-07,-0.12254496948204868,-0.09468727438612479,-0.03712552247585933,-0.02088283735944104,-0.06197897409803389,0.01253956834303145,0.014205551879769388,0.024870256845116935,0.029308243750102228,0.019328568939613558,0.018669733265388695,0.026689936796776125,0.058364846020797036,0.07382004142412067,0.04011024012038514,-0.0450623560270745,-0.03137218813472404,-0.00026112274549056546,0.012008785209530836,-0.014045422660922334,-0.0940057441202132,-0.06683607376705662,-0.004959386901912023,0.0036749302115209534,-0.027419671463687692
1904,-0.11096614710910455,-0.018278871582936482,0.1878058268126931,0.2727638893853025,0.08361540672203643,0.20082295609696402,0.2242537348697113,0.3957837479769094,0.46403457015184424,0.311759010544549,-0.13830904708348313,-0.10459464427839875,-0.03170546696531279,-0.015893575489751018,-0.06307687236122426,-0.4666077075319001,-0.342887995472398,-0.11650043334240591,-0.060559785801442764,-0.2126876841843519,-0.19278451018528095,-0.08727567419907627,0.12117501777567058,0.19379851047093513,0.022804248149932316,-0.41553539641063114,-0.3007492246978861,-0.09786066249860963,-0.05366240039655734,-0.18077124064054267,-0.07653250195359156,-0.054049867710612653,-0.004389025660252752,0.013766761659928893,-0.0278838300638065,2.4192282177431237e-05,0.005616647700378676,0.026663162918113686,0.038433573262289335,0.014620895532935298,0.04603010419771414,0.05372778276794206,0.09697746634255854,0.11558372937246161,0.07380653132431364,0.13835639943711575,0.15570335283251296,0.274963871889492,0.32407868186464756,0.215592680528293,0.0,0.0,0.0,0.0,0.0,-3.751245638104065e-05,0.002033705954783391,0.008834416120683418,0.01208978242303416,0.005155199161005055,3.154084173778034e-07,3.723018507442992e-07,5.974600105525906e-07,6.916215934273725e-07,4.7638875606835766e-07,-0.12455387045123938,-0.0962193990510035,-0.03772443262380338,-0.02119071270542003,-0.06300193693118827,0.012857545986809962,0.01456226252258548,0.025445451707744756,0.029976121964473468,0.019800916564787087,0.019067634422582913,0.027256390641711103,0.059537656034689974,0.07530390662008649,0.04092715127651181,-0.04103490709910495,-0.027439161686037727,0.0033016090635280505,0.015615309221967293,-0.010316303551412746,-0.11619117425585988,-0.08802281278617448,-0.02439812596336011,-0.01349562582787623,-0.05125994545527865
1905,-0.11587342166041661,-0.021280732293133372,0.18838340232009929,0.2761150479101485,0.08185469822211436,0.2044759022302868,0.22829135353344898,0.4029674599631761,0.4724469407329256,0.31738261310376836,-0.11343663564689667,-0.08337296330837664,-0.013221550253385794,0.007403322452627563,-0.04487176808976912,-0.47853253628341835,-0.3526641972479453,-0.12090156996512183,-0.06316418965556969,-0.2197304851847558,-0.1768192809501481,-0.07079702586642934,0.14169935812218637,0.2162815021935799,0.041634542738855966,-0.42556164507714234,-0.30919562530276656,-0.10141803401204287,-0.05552009958232156,-0.18665269418213892,-0.08013420850111934,-0.05675547309662664,-0.005217767922155362,0.013655675438862916,-0.029539646980325067,2.4849413699401358e-05,0.005744224584852309,0.027239333132299502,0.03924208800873405,0.014963905105823079,0.046945043748712875,0.05479299600361539,0.09879049258829338,0.11772985838566076,0.07521966613392995,0.14065743439038486,0.15830708933158796,0.2797142639992036,0.3297369746192916,0.21926945879908655,0.0,0.0,0.0,0.0,0.0,-3.825813543730257e-05,0.0020753280637857857,0.009014825952805434,0.012331678925878192,0.0052627914681431555,3.932063982279814e-07,4.6578737897902986e-07,7.401500159608349e-07,8.531983310635262e-07,5.93795598118008e-07,-0.12659881928992495,-0.09778203002124797,-0.03831632782096753,-0.02152499662937866,-0.06402509381207408,0.013191114015939538,0.014933394031220591,0.02605051306573044,0.030674559879364148,0.02029563435517965,0.01960936341909147,0.028033314668985624,0.0610616433335486,0.07721817379153063,0.04202589234240724,-0.03773297875471763,-0.02404780892015406,0.0065006782329460775,0.01879129703162859,-0.007209913076169404,-0.09354435712566143,-0.06985569191600509,-0.012030946349074161,0.005876399086405953,-0.036231629555401025
1906,-0.12110037283153167,-0.0248895394838793,0.1883342879517475,0.2788044428775475,0.07983173178997252,0.20828790081092038,0.23251544545244848,0.410387511776135,0.4811248391252239,0.3231867180086162,-0.08560049599891958,-0.059117270573809194,0.007717231118578257,0.029659041952537255,-0.02216278133404938,-0.4904975716815371,-0.36346282460000856,-0.12567804920720546,-0.0660256374934568,-0.2273376313026758,-0.1571395052978611,-0.05144689179585537,0.1650547490304783,0.24190408445892,0.06215175401139532,-0.4351912536763463,-0.31767625189463045,-0.10526398959222881,-0.05773717891452626,-0.1928940153351883,-0.08411709222501725,-0.059774436584165695,-0.006037120406029196,0.013522743677621463,-0.03138176950337984,2.551007537252844e-05,0.005874266988699718,0.027870673621386968,0.040104056933055916,0.015311202135268341,0.047935615827889855,0.055928104779137275,0.1007043233325839,0.1200040709643322,0.07672635003099451,0.14308692760290503,0.16102249556851309,0.2846223158442158,0.3355394832828883,0.22305509432801285,0.0,0.0,0.0,0.0,0.0,-3.90459283986575e-05,0.002119333935363457,0.009203916116063625,0.012591675665618918,0.005376887394836367,4.913048976817969e-07,5.854779700957037e-07,9.264580858528898e-07,1.0650971697730488e-06,7.45370192166949e-07,-0.1286894159844836,-0.09941963430146131,-0.03892433682856433,-0.021865351301147657,-0.06506382140278968,0.013526327721949196,0.015316173423611629,0.026678868622998696,0.03140563249134047,0.02080750473363872,0.02012424705135334,0.028785492663219153,0.06260518640257616,0.07911532523284434,0.04313040472334535,-0.03514479876937838,-0.021472603822532098,0.00908529169717138,0.021430058463321935,-0.0048872220137017395,-0.06658447597623479,-0.048563734069406436,0.006089367487449403,0.02715817189220147,-0.014565495527153173
1907,-0.12953108201439345,-0.030302034574149556,0.18781737692066547,0.2807137303117306,0.07601722930456667,0.21233693614053828,0.23702572018254908,0.41822165090146024,0.4901952630847684,0.32933842152732384,-0.09884126752326189,-0.07121055068683475,-0.004361045902526068,0.013165448975450572,-0.03286356374536027,-0.5058935826632144,-0.37649834564763,-0.13184001504594717,-0.06955618770666494,-0.23694312784648205,-0.17695435582508662,-0.06926540434871564,0.15245158500823106,0.23271849938624709,0.045749511768686746,-0.44829188638082185,-0.3285694437280713,-0.11025925410222227,-0.06031844262500431,-0.20094827877994548,-0.08904183786328858,-0.06361617417458824,-0.007123888997916785,0.013516115389167305,-0.03366537742863453,2.6438762660295797e-05,0.006047626131656414,0.028651880099867674,0.041261448376161795,0.01576842566867423,0.04896392961646045,0.05713617457687366,0.10275163937035205,0.12238957876666952,0.07832379209590166,0.1456876034366342,0.16392862060755312,0.2897635730565875,0.34158031989865373,0.22703190084023625,0.0,0.0,0.0,0.0,0.0,-3.9879120925122186e-05,0.002166597274393816,0.00940434850287986,0.01286169250892381,0.005497651286382959,6.22058396666827e-07,7.430087232962548e-07,1.175208601386578e-06,1.3474602785872068e-06,9.462010712187715e-07,-0.1307655510983953,-0.10103270133255553,-0.0395468545795074,-0.02221884221639596,-0.06610635591942285,0.013883009903575895,0.01571482081185513,0.027336664355151714,0.03216213977492139,0.021336697776037302,0.020721699813237345,0.029646741663733125,0.0643070015058849,0.08126822079669087,0.04436954920247925,-0.03264223123200213,-0.019095921234353146,0.011608738050212543,0.02406992070662735,-0.0026455192375656224,-0.08221832211462836,-0.06404599848588469,-0.0071680583342862,0.009891952490455044,-0.027888562519625827
1908,-0.13651756912982313,-0.03458656995846751,0.18823760716581756,0.28368018830255537,0.07388298682614808,0.2165467680997661,0.24174247993453057,0.4262724160052312,0.49962784454181824,0.3357358016053019,-0.1295883897589641,-0.10008948271666851,-0.02994847639158913,-0.014219690845547734,-0.06001405525370665,-0.5201493931730835,-0.3886593203253095,-0.13690896841573935,-0.07228012083120258,-0.2454770942060154,-0.21211149026061013,-0.10219917374702256,0.12625351644425903,0.2092498281904618,0.016039419776346153,-0.4606295885115712,-0.33923203738313024,-0.11459209136959932,-0.06275327535878143,-0.2083369831010698,-0.09345911997504229,-0.06699027670102375,-0.007989672951063108,0.01341831455459647,-0.03568157397992212,2.729710001223769e-05,0.006224912475036304,0.02943948870864735,0.0423914185813553,0.016213160565083276,0.05001845830140434,0.05835393365063901,0.10482382758844284,0.12482801553374587,0.07995194654957542,0.14840312022828062,0.16699647293113165,0.29511989519151244,0.3478771914295847,0.23122173732652512,0.0,0.0,0.0,0.0,0.0,-4.073028362628727e-05,0.0022145312511314646,0.009611488321631802,0.013137650582850179,0.005621506311484443,7.940718100738006e-07,9.509710054572565e-07,1.502818313366674e-06,1.7201824902230766e-06,1.2109683583302968e-06,-0.1328916562278712,-0.10266220274011534,-0.04016974914656967,-0.022571632730106365,-0.06716448354935584,0.01425997796339684,0.01614053575313357,0.028034759831943507,0.0329628249239682,0.021899486751473383,0.021389688599969328,0.030589954330336244,0.06622182695177857,0.08365527183008778,0.04574482212747215,-0.031510685739732494,-0.018021291356663093,0.012846765118823588,0.02544261053046377,-0.0016674012669760886,-0.1154994460716447,-0.09383388833742759,-0.0322057653262432,-0.018719878570602866,-0.05703457044321682
1909,-0.13938944820762644,-0.03548405321648016,0.19034344114802518,0.2877857157864205,0.07408120745030006,0.22082808080467412,0.24654651698144175,0.4345241940220477,0.5092554711296736,0.34231277981995123,-0.11530707173161259,-0.08729721677587846,-0.018044172044693954,0.0014252672034294077,-0.04920962910420547,-0.5314760785547272,-0.39763593752971194,-0.14030500257634262,-0.07407205773267281,-0.25157852471690234,-0.20299383798090562,-0.0914997627864938,0.14064426727147947,0.22526730332721226,0.028776673990363766,-0.4700862873583006,-0.3470571322215082,-0.11751669951097211,-0.06431253036061348,-0.21343758546057667,-0.09688546834150841,-0.06947384079082762,-0.00864291172376541,0.013231469521270339,-0.03710394140352977,2.772161177368358e-05,0.006340050162912819,0.0300037322111442,0.04318766982488715,0.01651609659381926,0.05103878775435863,0.05954855823097403,0.10690077991400458,0.12726864179123543,0.08157811233520806,0.15118569932769357,0.17012217820158065,0.3005966011337413,0.3543276603969668,0.23550819756350336,0.0,0.0,0.0,0.0,0.0,-4.158521817472416e-05,0.002261972543497807,0.009818775563237906,0.013417996705604965,0.0057434904190278215,9.843617308784961e-07,1.1809669690176542e-06,1.8701430916221311e-06,2.144236729992855e-06,1.5053166468176856e-06,-0.13503127121770872,-0.10429463925092988,-0.04080407789368659,-0.022905770292287502,-0.06821127891976106,0.01465818028663565,0.016592646519984044,0.028774441436777345,0.03381320102498296,0.022501902191587136,0.021979388374868448,0.0314241207856459,0.06800079041614222,0.08586917602821613,0.04698955454044587,-0.03145610850217593,-0.0179076603295145,0.01305493609674819,0.025872330398866997,-0.0015900950210644702,-0.10036232766974022,-0.08127517488763679,-0.022669634225578026,-0.0019299911565224819,-0.04621419271507765
1910,-0.1447664886887161,-0.03807654655842346,0.19180304623940794,0.29167770587903497,0.07298590338674742,0.22523489415303832,0.2514566995038598,0.4429779295466765,0.5191628954395872,0.34904950122339984,-0.0823689537502883,-0.05722250457415547,0.008049626768312453,0.03080913010146217,-0.02145032590341502,-0.544649351546999,-0.40860142212303624,-0.1447927060787743,-0.07674437185143887,-0.2589563589314801,-0.1772447122289953,-0.06629994643770752,0.17008106135704093,0.2579661998875779,0.05598832943815906,-0.48148169399378904,-0.3561864427221131,-0.12117123567766229,-0.06618349155579378,-0.2198371466495876,-0.10093855427384402,-0.07252133257483162,-0.009514641594279127,0.013160305337617665,-0.03896411094168558,2.8317737836552354e-05,0.006475236428841983,0.030662619453361392,0.04410905527008647,0.016884891792045453,0.052078409783045426,0.06076642633561548,0.10902099005285941,0.12977080064273316,0.08323047113546558,0.15403066603739143,0.17332863850138527,0.30620205583225557,0.3609215707213367,0.23992129440544202,0.0,0.0,0.0,0.0,0.0,-4.246020036163908e-05,0.0023112575571623746,0.010032342614392946,0.01370467450612473,0.005867507136273325,1.2136398085701829e-06,1.4584144334245836e-06,2.3135303670030075e-06,2.651327837318643e-06,1.8595512204293255e-06,-0.1371096720164774,-0.10587216547772586,-0.04138098265524617,-0.02322971186995953,-0.06922238346943915,0.015077348037335098,0.017067114011946757,0.029555111082521145,0.03471398876317299,0.023131256055582236,0.02258324269094907,0.032280781075157985,0.069841357808391,0.08813826563043614,0.04827024163862956,-0.03380995806241326,-0.020107158802089995,0.011089598334208065,0.024083044616407548,-0.003601528838129929,-0.06322132047263579,-0.049952219681810614,0.005966383478264178,0.029689474672239046,-0.016368642662985204
1911,-0.14775793623249284,-0.03978450735773388,0.19391326746754048,0.2961954854150595,0.07305318764882182,0.2297153343319348,0.256480684782385,0.45166404288832873,0.5293041803210711,0.3559477418236255,-0.06653650546675362,-0.04174941330431722,0.020639384511793066,0.04146834868058997,-0.0067936123379802,-0.5560600429390679,-0.4180193090888754,-0.1484660244516657,-0.07872981367604442,-0.26531401567901425,-0.16562240200900077,-0.05438844046252502,0.1860787834481173,0.2772277913178759,0.0699870506782806,-0.49160012355435934,-0.36467571888333017,-0.1244837398186401,-0.06797401493155966,-0.22535996565597077,-0.10470799302816268,-0.07542852851575661,-0.010302020782336663,0.01310983277961432,-0.04059996348717472,2.880962770593593e-05,0.0065998354346183214,0.03126483075365876,0.04496901890087594,0.017210869266796915,0.053098551166982304,0.06196711003434035,0.11114344373288315,0.13228161839512995,0.08486500552357483,0.15696626269529146,0.17661937684614473,0.3119521896918919,0.36768832218533265,0.24444731307469303,0.0,0.0,0.0,0.0,0.0,-4.33395817972954e-05,0.002360194700206782,0.01024300632207535,0.013993921702036618,0.005991413980132628,2.1775219160026552e-06,2.5353729197928915e-06,3.7656953620104813e-06,4.236219232576724e-06,3.128132835432979e-06,-0.13895660751618985,-0.10731263867749644,-0.041897261343798224,-0.02352900370672393,-0.07012406670953045,0.015528782522221571,0.0175792158464023,0.03038669694798988,0.03566643822111668,0.023802102663644187,0.02314763696293191,0.03310808916104425,0.0716096805557783,0.09033198749296399,0.049490746626668664,-0.03752275275088275,-0.023749170311255927,0.007898187693015318,0.021025098574421683,-0.006773712043535891,-0.04233826663159478,-0.031330740182166604,0.018054236287004734,0.044054367397336765,-4.252992113739078e-05
1912,-0.1474865850833465,-0.03932099934530221,0.19715412432368914,0.3012722369195689,0.07467090496398365,0.23433554211551974,0.26160326550842555,0.46053569181984866,0.5396754061684528,0.3630053884517819,-0.11846948997359226,-0.09070609084583658,-0.02484972764852843,-0.010176035662274222,-0.05168984869604167,-0.5647269705280712,-0.4252326802783497,-0.1515069442649247,-0.08049477813519654,-0.2702076473099492,-0.21476247860115708,-0.10084800199668405,0.1435359084696366,0.23575013705265568,0.02466420662279188,-0.4988227167577015,-0.37097409468203496,-0.1268584793824619,-0.06923906483758821,-0.22948171430209796,-0.10804110719825494,-0.07783615612183258,-0.01083685859734008,0.013190287153628657,-0.041982031856957494,2.899998243039738e-05,0.006675550994735633,0.03169398369804868,0.0455981359092917,0.017419955438511086,0.05406737672874811,0.06310233473588464,0.11322672305546128,0.13474693518583244,0.08644294372498251,0.1600519074014774,0.18007709764008367,0.317923838822407,0.37472727000218614,0.2491969178116059,0.0,0.0,0.0,0.0,0.0,-4.4202345760238e-05,0.0024069597135624662,0.01044946552238317,0.014275764870360638,0.006110784095862179,3.6110467478820384e-06,4.219091379107507e-06,6.17232934951438e-06,6.909281336415782e-06,5.1683453151667624e-06,-0.14060220465311704,-0.10860316590777176,-0.04235382943562095,-0.02378914870288853,-0.07090902771075586,0.015979528218852884,0.01808838887211209,0.031231316645612208,0.03664383144179037,0.024484917709227623,0.023584080149695257,0.03375464732588678,0.0730979254782338,0.09220526671700488,0.050491512191994145,-0.0419828856559402,-0.02802956140521372,0.004304646908554264,0.017688050992464843,-0.010336135805056068,-0.09307872655255486,-0.07591508844987137,-0.020444395573379685,-0.005294197103820028,-0.03857703507022625
1913,-0.14881365968276952,-0.040380055508521216,0.19998128647105526,0.306326499264232,0.0755191558830199,0.23908819974014503,0.26685084880858817,0.4696330438221668,0.5503012820850727,0.3702188718426339,-0.22373402332143819,-0.18873965509454713,-0.10458338948156122,-0.08323993113897903,-0.14303245590142438,-0.5751863992345128,-0.43393806593007284,-0.15524079088065765,-0.08256781224531606,-0.2764521508868413,-0.3136264046061449,-0.19305401380368528,0.058444233911818994,0.15279004207006164,-0.06485875170697583,-0.5080433753315022,-0.378609627940192,-0.13001687001588536,-0.07082130233095423,-0.23488659591280353,-0.11176314868665156,-0.08064115758585387,-0.011550427259982307,0.013253002877736062,-0.043574064277121044,2.9470149889735193e-05,0.006792586007118217,0.03224644409622615,0.0463990910329163,0.017723813027226407,0.05494810905696303,0.06412104046278323,0.11520194740246738,0.13708326206498453,0.08789680052715809,0.16341297969074792,0.18376748349079128,0.32424085980620726,0.38213094419456906,0.2542206537449432,0.0,0.0,0.0,0.0,0.0,-4.5020120913093434e-05,0.0024509790168745224,0.010642442825557085,0.014537972758106364,0.006222770529871288,4.988376046833071e-06,5.840538033848189e-06,8.596011311448767e-06,9.628411721456727e-06,7.1823041993443065e-06,-0.14215125920740476,-0.10976903027202438,-0.04276447239447159,-0.024026224763158698,-0.07161572792825402,0.01641596646473809,0.018587772800046858,0.03207146456115121,0.03762136656069529,0.025160764768439904,0.02405845272362757,0.03443864482464657,0.07463591230727694,0.09418503776373238,0.051528242039881406,-0.045309701292115534,-0.03097917088799129,0.0019241623761021955,0.015392774432862704,-0.012784677476122002,-0.19950537086028278,-0.17008525385078818,-0.09560811203716053,-0.07816287940491926,-0.1290151563367845
1914,-0.149038804141621,-0.039194346568771514,0.20468193887203012,0.312698710778574,0.07840751363656583,0.24377652860982932,0.27210610922429085,0.47880496213534596,0.5609773503276224,0.3775321008234517,-0.2378424714531755,-0.2015994170439284,-0.10994470550167847,-0.08537574997970196,-0.15301617693337174,-0.5842568151900285,-0.44046346505722933,-0.15729350420312632,-0.08324792574938893,-0.2802755635009845,-0.3256672917316305,-0.20210540826335238,0.05452004656344882,0.14775772325566044,-0.07064500386865191,-0.5161649053920534,-0.3850156196712108,-0.132016628901407,-0.0720165235746602,-0.23860609277868516,-0.11431582271938545,-0.08240954900797254,-0.011965478618330543,0.013234647033761069,-0.044546282216627,2.985395149249475e-05,0.006899946971103381,0.032735741404428614,0.04714584323596727,0.01798630517485937,0.055690418264472845,0.06502244970498139,0.11702856858921994,0.1392980529689402,0.0892084920147301,0.1667988026464775,0.18757378392234983,0.3307734461637962,0.3897789120868515,0.2593967353599279,0.0,0.0,0.0,0.0,0.0,-4.578149092335407e-05,0.0024909962373228936,0.010814320958855119,0.014784189883296652,0.006322135260936253,6.9394554566303225e-06,8.192107418794632e-06,1.2122438416660059e-05,1.362837663045271e-05,1.0100951159313507e-05,-0.14367335614514,-0.11088803815797711,-0.043146077526100404,-0.024270420459963648,-0.07226800917090188,0.016862668499676554,0.01910058834629561,0.03293853818672209,0.038626545979931176,0.02584846312053469,0.024612701632308356,0.03522866279357766,0.07633826455284232,0.09634847305908327,0.05270485440119757,-0.04620801949526409,-0.031647765725689364,0.0015855934460555726,0.015032408198406544,-0.013167251005565463,-0.21232816508271954,-0.1822919246605852,-0.10067855182210214,-0.0789884250395431,-0.1393319826585659
1915,-0.14407856291904986,-0.033631412437203155,0.21160703091162567,0.32091249434611047,0.08471276388229076,0.24840976916551968,0.27730701248317385,0.4879940682249233,0.5716880189680859,0.38481470384662564,-0.1686455571596658,-0.13840921024559036,-0.05079928227136866,-0.02105005967693481,-0.09390329586902946,-0.5885584077522091,-0.44285007690686656,-0.1571074202268827,-0.08269205771225946,-0.2806815113934537,-0.2565380455630892,-0.1344280639658688,0.12161051631318195,0.2154630800729762,-0.0012855135155012425,-0.5199793354390903,-0.38752328649073225,-0.13221442721665044,-0.07206619562175472,-0.23940500402914489,-0.11514416002269345,-0.08280421220537704,-0.01205505887956133,0.013267978132081833,-0.0446519087774681,2.9791824449976364e-05,0.0069344266059726415,0.032953225112474144,0.04751170526454219,0.018082331183125855,0.056432030415650876,0.06589076279799672,0.11876165786726586,0.14142985805439115,0.09047716257064053,0.17019975031608914,0.19141049009080738,0.33741649514485766,0.39754185081928334,0.2646561639176308,0.0,0.0,0.0,0.0,0.0,-4.6517787004548325e-05,0.0025287628985869105,0.01098472720143736,0.015023570029966564,0.006415224611363429,1.0138802660250582e-05,1.2091135119578746e-05,1.8099818421174104e-05,2.038151307177613e-05,1.499478860721987e-05,-0.14513532592454362,-0.11196507467285438,-0.043517961786319836,-0.024454424747653462,-0.07289403799083416,0.01731458825074131,0.01961624120059763,0.03381726769032032,0.039657282649189544,0.02654570546004921,0.02507329177569716,0.0358901241134364,0.07784273080359448,0.0982699699305204,0.053727187626845634,-0.04238731721662885,-0.02772359095445781,0.005220294485082967,0.018653947825397744,-0.009556020796485723,-0.14413946567466718,-0.12261020662397101,-0.04774467606332221,-0.01654471486636033,-0.08300404713274408
1916,-0.14137306296901014,-0.03053807839008924,0.21739440591766293,0.3280045309708164,0.08859607713911719,0.2532877832826177,0.2827507326742853,0.4975015175877963,0.582807517430087,0.39236556572473913,-0.11235940696967206,-0.08578219869103917,-0.0040910379654490545,0.026007664498609577,-0.04258260231027102,-0.5949120968639995,-0.44738416093535716,-0.15859552577050826,-0.08344024643814334,-0.2836290301616795,-0.20085244221144716,-0.07982577013806001,0.17695873880571883,0.2722621613195152,0.053525784670436546,-0.5247829602180822,-0.3911605964812709,-0.133685361403663,-0.0728944668044734,-0.2420434605212985,-0.11733750314081325,-0.0843688871789718,-0.01246122613907356,0.013230312041239277,-0.04551223672988099,2.9887542759774255e-05,0.006989990780233884,0.03324286008294995,0.047937674403716095,0.01821473873246953,0.05731868799148031,0.06690902765830206,0.1206812009222146,0.14374089998646217,0.09188072597968569,0.17367443162059526,0.19533322975581446,0.3441874366334169,0.40548994687422335,0.270026958419634,0.0,0.0,0.0,0.0,0.0,-4.7332336334809606e-05,0.002571154122345717,0.011175345052509793,0.01528421533078192,0.006523546996277602,1.5132952759889267e-05,1.818009703917529e-05,2.7662915160738403e-05,3.129880276004635e-05,2.274168808802197e-05,-0.14656298577178029,-0.11302469348076638,-0.04385690588725964,-0.024633354615574355,-0.07352726042813124,0.01774584608646883,0.02011351266068912,0.034686554354784946,0.04066363384597582,0.027223114718683068,0.025522032606681733,0.036496553309720695,0.07927329988073889,0.10008726972244851,0.05467599638093609,-0.03450226833997015,-0.019977588026117016,0.012954674311580594,0.026157534144286645,-0.0022903915821568034,-0.0939141682316901,-0.07762367031380331,-0.01295935111127978,0.021697061838102782,-0.03853584683659656
1917,-0.14352630119105964,-0.030857275397674997,0.22112862498998798,0.3338602166472459,0.08988921882270873,0.25838442855134,0.28839788953631695,0.5073601929345641,0.5942711770040919,0.4001423908186589,-0.07838829099063617,-0.05190451221508975,0.025680698561605986,0.05010212035883193,-0.01024710672976717,-0.6054603808721735,-0.45568705162310635,-0.1621883310709952,-0.08547301596066217,-0.2895867762248156,-0.1680032364361731,-0.0476892632102118,0.21186756299259132,0.31057115796048507,0.08622530261671457,-0.5339003264896127,-0.39844228697030454,-0.13734518654218403,-0.07443734038438818,-0.2475662693341515,-0.12112236279270147,-0.08721314283868951,-0.013151415282841026,0.01332606616369578,-0.04727153208990097,3.050648365629761e-05,0.007108961244328223,0.0338075128176412,0.04878130853488439,0.018538435073158024,0.058337172965994534,0.06810140358591807,0.12278610432464146,0.14623362432854334,0.09346212169267576,0.17721857934762797,0.19931686566202308,0.35108984135226295,0.4135994874728208,0.27548702200730746,0.0,0.0,0.0,0.0,0.0,-4.822999972626573e-05,0.0026195384971470985,0.011384662517682767,0.015569649001404484,0.006647823204585344,2.2087719499655944e-05,2.676897844744223e-05,4.142061927238628e-05,4.70521092162296e-05,3.382812337892524e-05,-0.14791485144036157,-0.11397127532506618,-0.04418943252565635,-0.024851441688189965,-0.07412471315169744,0.018162895147961537,0.020592780891909888,0.03553401706955346,0.04166140157541676,0.027883896510732926,0.026107877689235424,0.0373604367158232,0.0810732111462246,0.10235849920274935,0.05592156841410546,-0.025877138438351353,-0.011685426075601765,0.021638335450526822,0.03496700804233932,0.00552218494489138,-0.06752861260887694,-0.05296884074510776,0.011551705942773648,0.03781696941599432,-0.015211336593800763
1918,-0.14419834645195007,-0.030551099410675842,0.2258612452710725,0.3405913416224291,0.09217727617179591,0.26335263705526324,0.2939970114953407,0.517211774042831,0.6057848458977192,0.4078806758041589,-0.06414790188708928,-0.0377872565071651,0.035402723727431765,0.05488074070660634,0.0028399891513036374,-0.6156118126472618,-0.46368960745343185,-0.16495130902310437,-0.08655009586730876,-0.29481577042978035,-0.154416492104718,-0.034841651967086745,0.2280304916353512,0.3308960463758774,0.09933154968521694,-0.5433709247590116,-0.40578800690693095,-0.1401465395067479,-0.07609063069942268,-0.2526506032170303,-0.12449075734598258,-0.08962740337161287,-0.013690120203608226,0.013453761437241989,-0.048640011896505776,3.1185419563285204e-05,0.007244131828901518,0.034439158434415536,0.049661952640666515,0.018888032140859445,0.05938842081088962,0.06933713360154993,0.12497646588335146,0.14883152716044157,0.09513470059156594,0.1806560544127696,0.2031826199372438,0.35798302628467743,0.4216575875857431,0.2808693941747247,0.0,0.0,0.0,0.0,0.0,-4.9163808482693455e-05,0.0026705653763118508,0.011604976345250243,0.015869680571920942,0.006777958951465459,3.004834764901885e-05,3.6656181442417625e-05,5.74065920583429e-05,6.541384727164917e-05,4.6659796967525856e-05,-0.1492461476808767,-0.1149356213697607,-0.04451941992162983,-0.025046117572023796,-0.07468270021006888,0.018554443682625425,0.021043284499398858,0.03635867544677609,0.042640852618822896,0.028517170018858028,0.026801259671509595,0.038374227956531524,0.08313940562899445,0.10495470372601173,0.05738102760153065,-0.019545090781641506,-0.005181466285410816,0.029018745393591013,0.042970226854760964,0.011847198440265121,-0.06039768406018666,-0.04745244878790503,0.017583630544572855,0.03555108001127542,-0.010043838952269395
1919,-0.13635031431774533,-0.021988959613359244,0.2348274569319469,0.35074479576103534,0.10054655795861295,0.2681378939147193,0.2993783727249325,0.5268570514785653,0.6171973414059193,0.41541189630112996,-0.07903443163984142,-0.05138726522363559,0.018446377706978545,0.03409631368302799,-0.010130029002529892,-0.6161423480358449,-0.46352962499743466,-0.1632715269631723,-0.08489463128391626,-0.2931240935355297,-0.16039394893572012,-0.03989998958824615,0.2218675147122597,0.3261732583062908,0.09237539290294344,-0.5452006147438205,-0.4067544816223164,-0.1396282649421601,-0.07567362818276856,-0.25222523242206496,-0.12460037857884806,-0.08949194702896429,-0.013652218258985082,0.013385821020256287,-0.048403034111085756,3.090563705446799e-05,0.007242409014656891,0.0344974092479342,0.049789049718609354,0.018877530313637834,0.060567963986544036,0.07070679883398803,0.12732583644085216,0.15161846229134823,0.09696317318388517,0.18382681940283965,0.20681690708520037,0.36458745199658826,0.4294594324355623,0.2859949348036587,0.0,0.0,0.0,0.0,0.0,-5.017169522404414e-05,0.002726166784281857,0.011843458521174193,0.016195636354956692,0.00692010332700114,3.810587057788579e-05,4.6735422268206925e-05,7.379310562232973e-05,8.434524539265947e-05,5.9708953398071704e-05,-0.15053155455090256,-0.11585721355952108,-0.04483756584978756,-0.025225304813306152,-0.07524959958250664,0.01887454983085751,0.021410915264918864,0.037091043878349994,0.04350854228986745,0.029055145705299146,0.02740137955501722,0.03922543648048873,0.08501228573883507,0.10731307670128626,0.05866435753715759,-0.017629357499130593,-0.0032267305339132176,0.031204993603267266,0.045682825983513885,0.013461292781699108,-0.07833421837580724,-0.06358477367807874,-0.0012635398720764921,0.01259868435588515,-0.024916294125155405
1920,-0.12794457397400516,-0.013825814165939655,0.24391921607384415,0.36102431767903437,0.10906961094694079,0.2728510865355102,0.3047109697513526,0.5364521949839839,0.6285280664212776,0.4228841754945051,-0.08692283478143611,-0.05914815180738829,0.008039620172364604,0.023141409869768585,-0.019430107114736996,-0.6159902149391968,-0.4625738554129482,-0.1614012511183679,-0.0832862533553672,-0.2917059774914581,-0.1612629324210495,-0.04068080327961621,0.221467061968731,0.3274798463489008,0.09138030934996973,-0.5468395038428284,-0.40720327028800835,-0.13882094279306142,-0.0753185590938438,-0.25155937049253685,-0.12456179642365448,-0.08930974463784581,-0.013544218071232296,0.013316825236935248,-0.048118700619514274,3.067084969354709e-05,0.0072360211004523336,0.034541029002781075,0.049924788949645894,0.018873561344617353,0.06185161552063661,0.07218848038786627,0.12984941742617792,0.15458519913664606,0.0989246662707688,0.18691511991120602,0.2102989448538198,0.3710762599251082,0.43720212588137736,0.29098312707996676,0.0,0.0,0.0,0.0,0.0,-5.1243372225653055e-05,0.0027862068294398873,0.012100727219371749,0.016541942280131845,0.007073537791705971,4.567970515571321e-05,5.620830623929794e-05,8.943391858243936e-05,0.00010265281777965342,7.216476807164426e-05,-0.15178164866824193,-0.11682818595989909,-0.04516168345380743,-0.025444062538258285,-0.07582913812755107,0.019131199721962002,0.021719198214465576,0.03773140682647399,0.04428542726262155,0.02951787344901014,0.02803123762884479,0.04012437873846246,0.08695321668293891,0.10976392390358453,0.060008923875855574,-0.0203396634555871,-0.006268915651130804,0.027866594772915882,0.04266515507230747,0.010187044449085594,-0.08363603390362526,-0.06813967820215282,-0.009761480396874722,0.0070167930089259515,-0.031177361542895354
1921,-0.11802840579280394,-0.004448183860558148,0.25390045762625335,0.37220122840773456,0.11809787793422397,0.2775361477220274,0.3099228620078645,0.5460432909875449,0.6397709559196342,0.4302680721996005,-0.06680232842346637,-0.04090411272233154,0.022929788481074933,0.04033055039942885,-0.00457584306498456,-0.6152648307592659,-0.4605675900245442,-0.15930313693505485,-0.08111694579963236,-0.28921322883521366,-0.13451388817407434,-0.015110869966497449,0.24679866285700264,0.35490526194149663,0.11653799621252314,-0.5473093788013935,-0.40688441509784,-0.13783671566230674,-0.07491711062768293,-0.2503866635378644,-0.12428447650228085,-0.08873095609525478,-0.013194285575822966,0.013439906470357536,-0.04758816078859947,3.050458781193318e-05,0.007227343222725722,0.03457795469928574,0.05001302815541591,0.018874192794672562,0.06316202170505442,0.07370399758446147,0.1324538742852934,0.1576352770081396,0.10093966670945335,0.18995430820803508,0.2137625134590512,0.37745435994419746,0.44484184243206637,0.2958826009082606,0.0,0.0,0.0,0.0,0.0,-5.235078243384194e-05,0.0028489391103953816,0.012368247576753016,0.016904267438684173,0.0072304958846825355,5.243933365969301e-05,6.454933594873236e-05,0.00010369583463377286,0.00011948157916172153,8.327791103331333e-05,-0.15309405484256475,-0.11782888477925597,-0.04552237735242531,-0.02563400900661103,-0.07647286885927779,0.01937603746890561,0.022000075996453244,0.038343634709769175,0.04503763869781124,0.029942151219385905,0.028656754238079937,0.04101967481683375,0.08890367615719737,0.1122166283393775,0.061349328916996564,-0.025342326344735835,-0.011376914860193873,0.022519318530799536,0.037436506442815855,0.005264128927490952,-0.056994235654698605,-0.045114236573516216,0.010627103538636808,0.030157032649363952,-0.011302000137220419
1922,-0.10381509022632661,0.008324888153907294,0.26553453827755763,0.3840103817942166,0.1297629371240282,0.28209186502243205,0.3149042956682991,0.5554341711684221,0.6508265937958565,0.4374934754619483,-0.048820275592225196,-0.02399816631375362,0.036882371506740626,0.05494079018332781,0.009792924847386393,-0.6094540402725825,-0.4550916432193881,-0.15520522650219185,-0.07786084053658,-0.2839887111952347,-0.10373864272395683,0.012977647360829434,0.2729810359904445,0.38356479190665915,0.14340678940173066,-0.5427238623089755,-0.40297976618628617,-0.13554698052883046,-0.07370448478413474,-0.24685566196976488,-0.12253560450699752,-0.08711356759271772,-0.012605000634200924,0.013664595242438723,-0.046475519480001615,2.990582534477085e-05,0.0071545440166507915,0.034329787752872445,0.04969511993740281,0.018678274302397033,0.0644674080452687,0.07522719323640323,0.13508173466764195,0.16073949979696053,0.10297862622101711,0.19276496659649917,0.21701147573706223,0.38363132847532744,0.45222553066840065,0.3005639161754241,0.0,0.0,0.0,0.0,0.0,-5.3477440894656074e-05,0.002912479745849646,0.012638532308444826,0.017272083897910347,0.0073897602559903726,5.9025664619748164e-05,7.291388860294214e-05,0.00011822201141514627,0.00013637661634594323,9.43773615359614e-05,-0.1545054509251322,-0.11886443088909106,-0.04592340746498525,-0.025868069885528894,-0.07713542338310628,0.019617066385609026,0.02227901736691606,0.03893736170943854,0.04577467597486019,0.030360248604430293,0.029181730759313084,0.0417849661726958,0.0906252308945493,0.11443107866033674,0.06250773672545548,-0.030846003850082505,-0.017036951930063726,0.017084696095202072,0.03193266421118144,0.00014274939024675555,-0.03222971717018832,-0.02326492077385398,0.03260004935036022,0.048932007609761505,0.010076107471194775
1923,-0.10088841921890407,0.011343460064501504,0.2726319081597483,0.39305430568059685,0.1345276438692451,0.2864875242477566,0.3198766467652648,0.5646096635237945,0.6617975615432092,0.44462197811698323,-0.03775956636619348,-0.01355707227134197,0.04551535844003066,0.06319687986046843,0.018919256104813584,-0.6145433699043371,-0.4585591390661129,-0.15579424345343867,-0.07723047870951025,-0.2860538411369585,-0.09054746506760049,0.025418966425846845,0.2890823136629826,0.4026891014282979,0.15689603053755538,-0.548524133867853,-0.4072208072696229,-0.13734826856223312,-0.07463671576805754,-0.249931370380793,-0.12385813660088547,-0.08801927295901077,-0.012442583376068345,0.014196895037774736,-0.04689580799972468,3.08166554597261e-05,0.007291446821833284,0.03492868362314727,0.05050491501913079,0.019059762956028105,0.06573446227193441,0.07671344682732928,0.1376991525663387,0.16385190085917342,0.1050079191371961,0.1955005096362057,0.220188098604776,0.38965553161060434,0.4594438072877949,0.305082764856243,0.0,0.0,0.0,0.0,0.0,-5.4602834066347316e-05,0.0029753445604326035,0.01290728603448331,0.017639739469486146,0.007548672507583166,6.713197281712283e-05,8.310163559616335e-05,0.00013561458326791053,0.0001568102603497019,0.00010772600588051216,-0.1559823597990987,-0.11994410265916512,-0.04632170164329121,-0.026096228570951938,-0.07783439186442517,0.019906539075227173,0.022603517951161427,0.039578754117065115,0.04655541652392985,0.03082255662793721,0.02995900846675704,0.042901345425574014,0.092930215426569,0.11731811769423746,0.06414081530019725,-0.03588191787107653,-0.0219239819481297,0.012379245611100514,0.027225036065120074,-0.004257460797776676,-0.015420843185679056,-0.008065390123467658,0.04648415397384306,0.06032961542600763,0.023078575264784778
1924,-0.10130257123539352,0.01177623038221631,0.2778724210515958,0.40091549470857457,0.1371189856484766,0.290782054907612,0.32468547487566524,0.57378111289234,0.6726116271730819,0.4515207111392472,-0.06321734993938298,-0.03785857789921018,0.01986336231012773,0.034602732868107916,-0.004589916226301283,-0.6222707967263389,-0.4647231344925887,-0.15779803718979724,-0.07762571116159032,-0.29006484344643657,-0.11591168271654731,0.0013223558860392022,0.27011669974473396,0.3854111483667421,0.13412627682299477,-0.5570049594193007,-0.4141215688008018,-0.14022253699151901,-0.0761203507552967,-0.2548763831226981,-0.12607272895830887,-0.08962404466669728,-0.012487499997497336,0.014793264480212048,-0.04768265471905454,3.199757811735158e-05,0.007493481420755869,0.03574541531362776,0.05168432070726468,0.019543249412007406,0.06690097203366732,0.07807595822614838,0.1402227298692254,0.16685988329184714,0.10693372753632643,0.19822885047130348,0.22326076000600745,0.39567837573841325,0.46658041850129756,0.30953182886172886,0.0,0.0,0.0,0.0,0.0,-5.568464104290199e-05,0.0030344355578524208,0.013163910347080745,0.017991820991502885,0.007698667008346245,7.700876867256491e-05,9.528233686534457e-05,0.0001563104362671405,0.00018108275216782423,0.00012376916604491287,-0.15746022627302597,-0.12105862164122504,-0.04674644304788513,-0.026330031689021503,-0.07857342275532825,0.020215930890730635,0.022949825914316952,0.04024060553863482,0.04734692340026007,0.0313067924717923,0.030727622950420634,0.043987168269211084,0.09521107580207526,0.12019619988140419,0.06573686087392053,-0.03890506054665136,-0.02457715441141262,0.01002287493003874,0.024938461039667605,-0.006481561251313646,-0.039165343192984224,-0.029812011866187742,0.023414921965775035,0.031629259276265406,0.002176984222488158
1925,-0.09821981493876213,0.014994536691861512,0.2836638194862513,0.4082448301861867,0.14109448771042268,0.2945634770721056,0.3290672410253591,0.582468910150739,0.6828679983527273,0.4580062090689303,-0.09524937444748377,-0.06852366282082503,-0.00903210748311331,0.005076971219437574,-0.034064695155719873,-0.6261844254509195,-0.46800843828384137,-0.15867051852518807,-0.07775027774692486,-0.2919309893371057,-0.14398185693105764,-0.024067333832428938,0.24619196357044476,0.36260061014870193,0.10854839851819564,-0.561548066758316,-0.4171583023218972,-0.14145315609610723,-0.07670150689340809,-0.2571937652457412,-0.1275498757165766,-0.09061778471505656,-0.012575747388354213,0.015028461370566314,-0.048240547736613945,3.2292339419665044e-05,0.007560755124307225,0.03611955713076423,0.05221482618242477,0.019729614689861116,0.06788831662651856,0.079249142176576,0.14256621129214211,0.16967491722944264,0.10863914234652397,0.20076530363876552,0.22608316456710617,0.4013297984052538,0.47344503862169574,0.3137984704314247,0.0,0.0,0.0,0.0,0.0,-5.6683426193498915e-05,0.003085306050647005,0.013399992168275953,0.01831451608008329,0.007834171360326263,8.822900700363137e-05,0.00010928077883569565,0.00017991312861859605,0.00020867351901047486,0.00014210706906035744,-0.1589140744697269,-0.12218755193720846,-0.047172842423895564,-0.026573823989328678,-0.07931249079592986,0.02046952814625857,0.02323676676215025,0.04083247723415505,0.04807780897546852,0.03173068206555041,0.031236604206426124,0.044726025655521286,0.09697678053134955,0.12245622396193256,0.06691201723534893,-0.038566251211760244,-0.024036154309434166,0.0106853836592037,0.025616802312888192,-0.005813747091899502,-0.07364951550737618,-0.059035740525783226,-0.006305397552229149,0.0011634316990211074,-0.027219712333520933
1926,-0.09644386409944036,0.016882028671454444,0.28849119632724,0.4148157602327376,0.14412353840269432,0.29776589577301255,0.332682877472004,0.5903794156742358,0.6922479271725388,0.46373907812261095,-0.12702933407125272,-0.0991634013226587,-0.03436708817233928,-0.01831591182604941,-0.0624552697303394,-0.630927757383948,-0.4719817694747534,-0.15989187382369197,-0.07840559061692855,-0.2942813721148388,-0.1721269354803411,-0.048721775138240525,0.22301251667940403,0.34031660798505,0.08338699027417838,-0.5655007528821732,-0.42048436312501775,-0.1428793122943603,-0.07739899091544153,-0.25952626077741936,-0.12940939440827764,-0.09187984242234148,-0.012920190790582032,0.015022637801613562,-0.04898335073962445,3.2442525486034134e-05,0.007615081384984236,0.03640554496569509,0.05262504496790529,0.019861802575331152,0.06873452225017729,0.08024059923167601,0.14463773925395243,0.17221377292960466,0.1101271101002281,0.20288484816242594,0.2284901152238515,0.4064265979630201,0.4797715332720524,0.3175441312645023,0.0,0.0,0.0,0.0,0.0,-5.758339015216941e-05,0.0031325449974024416,0.013605340785836794,0.01860142314748267,0.007948469148291228,0.0001015361910540488,0.00012589026930440828,0.00020750594291807988,0.0002411990442426043,0.00016377067380036152,-0.16043905356364227,-0.12335533857106958,-0.04760702606212531,-0.026833924345325482,-0.08005428722127889,0.0206644577508017,0.023469743798236513,0.0413500591679859,0.04872744956083692,0.0320954325392455,0.03175121810148238,0.04542695355325678,0.09869168062257985,0.12465338807445185,0.0680354897270213,-0.03482763384031835,-0.02020806543313413,0.01472373917568372,0.029600141164822943,-0.0020244504464376986,-0.111138531717414,-0.09252294379625121,-0.037084667484928446,-0.025937643409732217,-0.05999763799748689
1927,-0.09786398300839626,0.016346112247751163,0.29103624197423433,0.41926611414534126,0.14485665285198634,0.3006934900595474,0.33605883382879037,0.5977160900329671,0.7011226827240176,0.46908106163788343,-0.14877779045177472,-0.11912396211381376,-0.04821685839359702,-0.029896359612032738,-0.0798514022109852,-0.638712484686265,-0.4776724810520521,-0.162437678766559,-0.07958358728485547,-0.29855281400245043,-0.1921163689124145,-0.06601192354915753,0.208506611473238,0.32688654073001383,0.06743245330054481,-0.5719710697160361,-0.42556172826373695,-0.14546743051776814,-0.07858822254229442,-0.2633183886377859,-0.1322029096515946,-0.0941037911504477,-0.013651095806878774,0.014880073947981314,-0.05037953261166635,3.2695323137292516e-05,0.007679473400641429,0.036733248321820816,0.05311701053402032,0.0200411873795618,0.06946994138710938,0.08112066017163917,0.14655222325694323,0.1745697547208419,0.11147942067871394,0.20485738172345974,0.2307619431713906,0.4111949344575695,0.4857903535771475,0.3210118613596887,0.0,0.0,0.0,0.0,0.0,-5.841856153953045e-05,0.003174103458548693,0.013791421033976643,0.018870761264983334,0.008048245052968203,0.00011575629968710767,0.00014357037137999252,0.00023737968385818305,0.0002763150518721218,0.0001871219877657837,-0.16196576852808586,-0.12455762245451427,-0.04803698852320963,-0.027077325018911757,-0.08080666830012734,0.020844536191185658,0.023677889485380032,0.04183174282634584,0.04933553535918884,0.03242910948553984,0.03231493026177591,0.04622968178730703,0.10051328322602314,0.12696882518256275,0.06925124316678094,-0.028897316266701417,-0.0141455261523779,0.02110031001345165,0.03612869387799469,0.0038061263594200874,-0.1396745398612078,-0.11859406100355079,-0.05686591302494204,-0.04178062781705802,-0.08377726909890901
1928,-0.09995762614902123,0.015267359626727164,0.2930892302110816,0.4237419728628445,0.14500750263258,0.3035677225748449,0.339402831292894,0.6050162939843614,0.7098462146933946,0.4742300267494814,-0.11269164197169464,-0.08556390698281233,-0.014586552434303134,0.005740886395435864,-0.04765162284029428,-0.6469147619512814,-0.4844086404754289,-0.1654537439289911,-0.08135943099571928,-0.30325246709725173,-0.1591060548177858,-0.03362276171542352,0.2434351589414174,0.3630206823277073,0.10194415638026069,-0.5785572417545206,-0.4311262712534943,-0.14794240388919477,-0.07987424103637165,-0.2670310041744739,-0.13559876218008465,-0.09663096848092075,-0.014521676625181347,0.014536555274388418,-0.051976139541644976,3.294485030613415e-05,0.007745198714706073,0.037064038612170835,0.05360007077168344,0.0202145102994729,0.07027465125324181,0.08207176617549373,0.14850508234494855,0.1769610401086659,0.11289027921305567,0.2067568009215759,0.23295090387641396,0.41595331048645107,0.4916320641602946,0.32438968352153164,0.0,0.0,0.0,0.0,0.0,-5.928262013346056e-05,0.00321650924701809,0.013982823004768798,0.019139810860509504,0.008153152663949146,0.00013063662281646127,0.00016214914949799514,0.000268925667083864,0.0003134176575078575,0.0002116170317618677,-0.16349728819346637,-0.12573688752787138,-0.048486354036610176,-0.027327674236404236,-0.08156433565005694,0.021018178834996733,0.02388216564285196,0.042291756664972396,0.04991945184077434,0.032758204977813565,0.032945413971161686,0.04714707469342008,0.10251448381861132,0.12953307708410103,0.0706144947106564,-0.025191532715320857,-0.010342602775951141,0.025312481670582972,0.04053702815213747,0.007416898722129134,-0.10549235338310402,-0.08819247706528897,-0.030650185742695436,-0.0065324251376052385,-0.056406701899111365
1929,-0.10275677258326489,0.013517591081005607,0.29454615764562375,0.42685530590499693,0.14455132345622468,0.3065913856506113,0.34277458816332296,0.6123084582317995,0.7184894668254216,0.47935499676699667,-0.07419926385055524,-0.04794564472151283,0.020480947418564713,0.04130339752824555,-0.011954749187975029,-0.6559237547436693,-0.49213930663826405,-0.169250769499517,-0.08337197282149947,-0.3090759206769387,-0.12437856760574362,-6.719019517600341e-05,0.2801223081391424,0.40313071053574956,0.13749570027253877,-0.5859276189129413,-0.43709243583932833,-0.15080852038724749,-0.0813277618808559,-0.2717488154200848,-0.13940065130086815,-0.09971482476913027,-0.015720438164511692,0.014000350009483142,-0.05394601698847165,3.312137053728191e-05,0.007797662328055877,0.0373320250833153,0.054014777851151,0.020348792147946694,0.07123225812354601,0.08318580477103235,0.15061605482436274,0.17956020913507265,0.11444405701020288,0.2085156125090739,0.2349654848181561,0.4205004850342732,0.4972610697030426,0.32757528639312095,0.0,0.0,0.0,0.0,0.0,-6.023089432858697e-05,0.0032660760043433557,0.01420168888418516,0.01944175228647821,0.008275412293440733,0.00014848084864395284,0.00018436922905550323,0.0003061790682671881,0.0003571785693982241,0.00024075627808563613,-0.16501368178128512,-0.12695822051364447,-0.048942864747312735,-0.027549084587639685,-0.08232593484467943,0.021193054275543872,0.024084208253949205,0.04275439775028829,0.050495677580079626,0.03308197152878503,0.03362322837887865,0.04812233527263216,0.10461761871141133,0.13218137160859889,0.0720538403228268,-0.024795912106935613,-0.009861768804195667,0.02591456354713524,0.041509375111945364,0.007764762043914615,-0.06524926420974987,-0.05117507500153266,0.0028497042738879455,0.028656405136677925,-0.02268953435982923
1930,-0.10470753477054785,0.013007538889791713,0.2972747889834937,0.4311646364205775,0.14515409574037663,0.30960847952527953,0.34611727161329053,0.6192397780885706,0.7271022327530539,0.4844677597370367,-0.052211882338966516,-0.025940876593903345,0.04045830055367667,0.05972709940300775,0.009241820720350274,-0.6641437648935381,-0.49851114677409425,-0.17184519979009816,-0.08471451842324655,-0.31311904296292103,-0.10398771143126996,0.019558987610807706,0.30365836133983537,0.43003804569985293,0.15841908809010444,-0.5917794694442117,-0.4427423244623464,-0.1529813189859646,-0.08249659081965165,-0.27562783787819056,-0.14214870863602277,-0.10189882869805553,-0.01662752201935661,0.013484093946672075,-0.05543630469676931,3.3260385156224985e-05,0.007845117397368684,0.037573175348571075,0.05436438912183918,0.020469544111978176,0.07227686105746824,0.08441644820266678,0.15288477304060438,0.1822736029721202,0.11613799385431396,0.21018584223107767,0.23679687452724246,0.4248034957566473,0.5025573439974789,0.330589618108616,0.0,0.0,0.0,0.0,0.0,-6.124019498384846e-05,0.0033167965129599253,0.014431031973998426,0.019765599029459083,0.008410451279562324,0.00016991111404812196,0.0002110753042191733,0.0003507705755724146,0.00040953155347240965,0.0002756353834851915,-0.16656645385221647,-0.12817112406208697,-0.04939474341329496,-0.027817507354909912,-0.08310303267917821,0.021353933869242926,0.024268208079620546,0.043183783979504585,0.05102418456962189,0.033386338694301014,0.034339545522659616,0.04914759278260337,0.10681919547712783,0.13495273036740005,0.07357540342617191,-0.02474974035768723,-0.00985598258317798,0.026183831644848898,0.04196305462007287,0.007785175017522813,-0.0436702606037644,-0.02945597342842534,0.029291375193391936,0.04478082540320651,-0.0024902883153558562
1931,-0.09491099276461697,0.022610840125938343,0.30511461629956693,0.4394318641169171,0.15318423593453004,0.3126286705110341,0.3494617641813707,0.6262633082672768,0.7354596859723518,0.4894817018807899,-0.04221134999825223,-0.01623061831892999,0.047445124058947075,0.06558061587262108,0.018136717391582645,-0.6607324692331084,-0.49473752138655797,-0.1688378100142082,-0.08262765049890425,-0.3091069033228758,-0.08464536056301207,0.036617245586672564,0.3200386242850053,0.44823133553509437,0.17417576251692138,-0.5889627692373994,-0.43928150244147623,-0.15057082171848524,-0.08114843868155033,-0.2727152638550582,-0.14097116888839595,-0.10074773216605859,-0.016583979237665736,0.01304612808190705,-0.05470618701320479,3.235311871155211e-05,0.00773910463620763,0.03716316361073018,0.05381843700220409,0.020185552063028127,0.07334380916637538,0.08566028149623599,0.1551717046692334,0.18499528876965393,0.1178558160594359,0.21184111613223597,0.23860840099182284,0.42904736982898845,0.5077607662287045,0.333547552923572,7.592087113576643e-07,1.3598088350091467e-06,3.3803936804320446e-06,4.180972239931322e-06,2.3202121186973685e-06,-6.22582678488084e-05,0.0033696411305552208,0.014665875034162158,0.020089240537172166,0.00854654784371578,0.00019504205915568782,0.00024223688503138618,0.0004028224886792367,0.0004706420296584828,0.0003165317754938232,-0.16815887638918922,-0.12935557647722729,-0.04983579117031157,-0.02803353642533833,-0.08386183291267456,0.021535891191392105,0.02448171986911818,0.043637117898991544,0.051566650337439957,0.03370473242734057,0.034707179155125056,0.049671431955432666,0.10825367177534674,0.1368798542448126,0.07450065935490362,-0.026183313230147724,-0.011400309603809677,0.02478993060833033,0.040852602257767275,0.006356226155105807,-0.03217891849923161,-0.019434411376731058,0.03914736673271203,0.05011726986075714,0.009813625143986177
1932,-0.07743463271377854,0.038073879303289426,0.31737004654954004,0.4509780388927242,0.16659251862632046,0.31572720367514623,0.3529033333258533,0.6333464567536056,0.7439292038817984,0.49470124573336,-0.07501721757181942,-0.04771365407577479,0.014174480168870364,0.02987789362112789,-0.01153267265318416,-0.6501722661671375,-0.4843630672835156,-0.16209068910764526,-0.07776177848551584,-0.3003593641379272,-0.0990461805862444,0.021515978610973277,0.3004988312476293,0.428152063264678,0.15565159585146415,-0.5802264588722736,-0.43083294630626245,-0.1453543894000761,-0.07855827087758054,-0.2651061748387815,-0.13705784713948532,-0.09756641956602018,-0.015647170110781938,0.012934776506665363,-0.05247607085475285,3.108839720552303e-05,0.007556953095844212,0.0364623603539766,0.0529495533428305,0.019706415241874886,0.07435771334328754,0.08684068674524408,0.15742210159959946,0.1877031056634946,0.1195398136431998,0.2136675974136383,0.24058319666214223,0.4334196974974067,0.5129218286978662,0.3366353607160266,2.687543307460624e-06,4.800639097526931e-06,1.1887905006784518e-05,1.4623894831698992e-05,8.185064869803323e-06,-6.325452407891833e-05,0.0034212528154421856,0.014896406588102033,0.020404228893499465,0.008678227002757704,0.00022355365170787233,0.00027762385213932623,0.0004616309782339992,0.0005395032470203384,0.0003627100155787343,-0.1697133228153958,-0.13057389887281426,-0.05027518567811703,-0.028246646718825787,-0.08460921233462468,0.021743388592941677,0.024710813267235843,0.0441112030139044,0.052124910960917606,0.03404789292602763,0.03491466414772876,0.04993375102826529,0.10932053178530605,0.1383087023887334,0.07508558769948515,-0.029919307597017948,-0.01524510941896831,0.02111790919540484,0.037198798004799166,0.0028791501726543388,-0.06192251792792653,-0.0484905175159675,0.009404720782019458,0.015653998380588216,-0.016905751127902366
1933,-0.0651372100104912,0.04956638900014332,0.32794086048832133,0.46124670858931793,0.1770279086849398,0.3190365137930457,0.3564727185725911,0.6405995756260658,0.7525790789442867,0.5000231961331808,-0.1523988584111666,-0.12117045367464048,-0.05093533072575311,-0.033382854003134566,-0.08102622128621248,-0.6416479820725896,-0.47811866255936014,-0.1581249523274915,-0.07496332354022953,-0.2947409252886034,-0.15938526128037278,-0.03541652909992236,0.24220398126008214,0.3679270670451328,0.09723406922431846,-0.5748199230855415,-0.4260334913252906,-0.14238717429366826,-0.07709022211002275,-0.260656226538703,-0.13452751051769468,-0.09548102509087456,-0.01512847917052807,0.012780251718441344,-0.051088636367987314,3.0459670396252482e-05,0.007446769403497649,0.0360445484687605,0.05239481805600681,0.019430719451988217,0.07533428663168146,0.08798306038854133,0.15963785723921095,0.19037833971105617,0.12117853328664308,0.21565228461228592,0.24285731480098,0.4379112851226342,0.5183458880436246,0.33993327970021225,5.270997107083698e-06,9.424826390710033e-06,2.327408062822326e-05,2.8522732710516052e-05,1.6058209784811797e-05,-6.423799671999299e-05,0.0034720789985468094,0.015120987935946375,0.020714499857854302,0.008809321727724834,0.00025466907177268503,0.00031590748359194387,0.0005256691788581359,0.0006140267122010084,0.0004127538172643808,-0.17126832979399056,-0.1317407328094225,-0.0507262081722206,-0.02850055395154251,-0.08537438097633843,0.02194637718840227,0.024940762865721777,0.044591068322398876,0.05269731754738331,0.0343929629901107,0.03523601693692684,0.05039294208823924,0.11055701768606496,0.13990948821179394,0.07585622633931421,-0.03399962882460848,-0.0192035383929342,0.017323461472437806,0.0334912144488636,-0.0006712879962317846,-0.13914846898711045,-0.11704509977641593,-0.05356436461639857,-0.04309933328939697,-0.08050041752577146
1934,-0.06223704330385071,0.05274124468554615,0.3334893993069307,0.46786931714542457,0.18065462855872474,0.3225508521003921,0.3603034294517389,0.6480422977425164,0.7615575777688552,0.5057376085201262,-0.1770395861747148,-0.14476764792479563,-0.0686813147122257,-0.04889004075078874,-0.1021334551520059,-0.6443180006293096,-0.48031919808177187,-0.15930367934883954,-0.07532091968998052,-0.29631807418087286,-0.1783674476584186,-0.053432192868697645,0.22606901008851293,0.35221217009272443,0.08081180978404334,-0.5776293403832096,-0.4282731965575909,-0.14343186637900582,-0.07766044750250857,-0.26220283378937725,-0.1356246347332794,-0.09620193709357387,-0.015625771218710508,0.012476258242938857,-0.051734990605650344,3.072398619057202e-05,0.007470455127445707,0.03607821954772892,0.052490106601821795,0.019482249870364846,0.07633599644649333,0.08915316817863247,0.16187584573044655,0.19306465909895648,0.12283952072320864,0.21783176994315445,0.24531610298231016,0.44267924130883923,0.5240175590504758,0.34351558149217,8.262459406774244e-06,1.4806041824462246e-05,3.66795007842874e-05,4.493122622286318e-05,2.52486231102707e-05,-6.523229910094434e-05,0.003524037652173677,0.015348529484678403,0.02102806472467691,0.008940199627976531,0.0002883378489648295,0.00035749880453068837,0.0005959001096087857,0.0006968354432767627,0.0004676030191024898,-0.17285914411408906,-0.13290515956485502,-0.0511545610081676,-0.028776865628576127,-0.08609573133971433,0.02215633487438264,0.025173609730325574,0.04506170758452267,0.05327273547096449,0.03474090993167639,0.035739271888685996,0.051153007953120125,0.11223031635564171,0.14205092973772407,0.07696614618809908,-0.036354659995874596,-0.0214468857485056,0.01534295674211613,0.031482353884292796,-0.0026577609693809482,-0.16172924838997219,-0.13829846710246538,-0.07029778012306792,-0.054800401611385614,-0.099863177491515
1935,-0.06584465353639213,0.05048381681839856,0.33595895305144113,0.4728509396074,0.18057397222616006,0.32637854699709906,0.36448854276473874,0.6559026844252548,0.7709459909231448,0.5118403262215345,-0.12975188761336706,-0.10111004916095546,-0.025756096351536594,-0.004900346144914146,-0.061053749650024684,-0.6536824040496199,-0.48787806245601584,-0.16340969793282653,-0.0774855339420092,-0.3021480581341295,-0.13716102828050258,-0.012290479318936912,0.2700414432003047,0.39643515884154973,0.12426065966995203,-0.5849800124619376,-0.4347620925589172,-0.14687041160417028,-0.07939412181474621,-0.2673677455704833,-0.13896610080308283,-0.09890568119534573,-0.016648245218851113,0.012073604090585917,-0.05356491923779949,3.1472897044371435e-05,0.007564808538587573,0.03647076221644722,0.053011698049908504,0.01974900814725388,0.07735556786571218,0.09035640479853452,0.1641342094703904,0.1957988730700711,0.12452145193639269,0.22030422017952098,0.2480947129488287,0.44787124729730104,0.5299815293220492,0.34739777442983,1.160683684386426e-05,2.07918525954499e-05,5.154890540174383e-05,6.317716897331324e-05,3.5437537071725966e-05,-6.624798398699031e-05,0.00357820226216908,0.015582208130102337,0.021346903149859923,0.009076602859531555,0.0003264587561252428,0.00040464595991379176,0.0006750157214486459,0.0007898477659835395,0.0005297546889555848,-0.17438531418152348,-0.13409046764143848,-0.05160571144629112,-0.029008191209018083,-0.08685947821298698,0.02235055934373658,0.02538835529717725,0.045515333529399835,0.05382340412394763,0.035087423883332025,0.03642836660947858,0.052135543486322614,0.11423648306053619,0.14460918214373888,0.0783706123455582,-0.03530080013455256,-0.020088779745350463,0.016835061245736013,0.0330441498948956,-0.0011184511660083172,-0.11333375329327751,-0.09514343938248189,-0.03234149550052402,-0.0086172247567422,-0.061745612033845515
1936,-0.07107033817690148,0.04698085548816248,0.33766622423920256,0.4776181673156925,0.17955433495169623,0.3309035390376521,0.36943108993063745,0.6646527676280877,0.7811220609067464,0.5186855386386588,-0.08122016688249842,-0.05371726785623551,0.019857925313687345,0.041160883484979385,-0.015798887070326933,-0.6658525907738736,-0.4979753322485277,-0.16840249796983225,-0.08046661227103005,-0.310007521458466,-0.0952366036182423,0.03029979412904887,0.3178366130523208,0.44760567980338084,0.16910926009440194,-0.5951482709509489,-0.44372053408979134,-0.1512941800762189,-0.0817909592264033,-0.27430099357005366,-0.14357478385358707,-0.10251731680861063,-0.017879342553906157,0.011873212767575827,-0.056023847065684335,3.244555031783818e-05,0.007703421514362884,0.037094380770741356,0.05377474680926695,0.02011413092514821,0.0783824994291008,0.09154551148245278,0.1663893651944825,0.19852826776016305,0.12621472188017668,0.22348692142072799,0.2515254527307356,0.45378921551998,0.5370107978081997,0.3521181258841905,1.5216599863752598e-05,2.7173065987769897e-05,6.762668070789281e-05,8.30548353471554e-05,4.6367471492031356e-05,-6.726635481446849e-05,0.0036313638151066396,0.01581542826603755,0.021669391597501742,0.00921077116623209,0.0003719418547706881,0.0004609934185606681,0.0007690664525054811,0.0009004740523655382,0.0006036980490094039,-0.1759252564184682,-0.13524030307433776,-0.052060278036844605,-0.02928515763739365,-0.0876209882338719,0.02255996977415904,0.025627595509343147,0.045983403279294316,0.05438445023642122,0.035441693534885854,0.03721054090788237,0.053240246946555,0.11649302288856926,0.1474493337556753,0.0799659242350263,-0.02828568488719244,-0.012879178371059204,0.024528420327090884,0.04087270221856047,0.005853718793582066,-0.0700106184763357,-0.054569133474398,0.00691972423420583,0.02850423220125542,-0.024823168169161476
1937,-0.07683655459050515,0.042945811646788526,0.3393173706116994,0.48248260585025826,0.1778955483325691,0.3361376780743139,0.3751225113122743,0.6744604115390423,0.7924244666266789,0.5265565930510097,-0.05027494326168676,-0.022817225369135205,0.048669522221147135,0.06914611818907712,0.014203041004905877,-0.6805176523359806,-0.510157541447283,-0.17438922614069344,-0.08374729504932779,-0.31924890600891737,-0.06965802722765083,0.055200210162260094,0.3497034997535459,0.4845440414617622,0.19642997736135248,-0.6078934994620728,-0.4544950561272007,-0.15644422869380217,-0.08440012598557489,-0.282033345624793,-0.14905759855020465,-0.10686689303214127,-0.019374751078719433,0.01158118284694668,-0.05890068564704655,3.345942726272743e-05,0.007869218315106195,0.03779502122869062,0.05480657919799214,0.02052572458150236,0.07938542689113018,0.09271305027181508,0.16861929949141935,0.2012208927455876,0.1278749064851758,0.22740257023495367,0.2557257204497896,0.46070493911191335,0.545011933720046,0.35770422982600714,1.90174581029682e-05,3.394479092173698e-05,8.467879241483422e-05,0.00010415721566749946,5.792954599302455e-05,-6.827179219746238e-05,0.003682894931329421,0.01604546213851614,0.02198944216118454,0.009342889824727713,0.00042602649181175514,0.0005277268086675041,0.0008797522668874817,0.0010298094396791037,0.0006906209808834145,-0.17745680185002152,-0.1364750307227739,-0.0525453615258754,-0.029565979806692073,-0.0884219091755873,0.022799930918148047,0.02589617841419719,0.046486462634089204,0.05498381508423616,0.035826173152434075,0.038048154940166765,0.054428956457638136,0.11890736373183314,0.15046299736092092,0.08170013199491744,-0.02073513150346518,-0.004558513557824793,0.03404833768628347,0.0508700158881901,0.014023183548125527,-0.04806392157733137,-0.032618438379066104,0.032689351822790494,0.04434005086733017,-0.004149574904689261
1938,-0.07466652311466107,0.04495132258251162,0.344269431772846,0.489543901968708,0.1812519092013088,0.3413993381814497,0.3808730935024784,0.6844184024105124,0.8040036357905397,0.5346700560737964,-0.03271379238019715,-0.005650571039652554,0.06262090004481592,0.08270162332655008,0.030485728082542067,-0.688606366473717,-0.5164499985732819,-0.17688911878052002,-0.08562104577191591,-0.3236591984918708,-0.0505299504774114,0.07249585073610429,0.3714187041548629,0.5093831022226841,0.21477312623394873,-0.6139905753131302,-0.45918234548683706,-0.1585246723843409,-0.08538283195598881,-0.2854439202210794,-0.15237379259096784,-0.10950501998901725,-0.020338138023622238,0.011230290318063519,-0.06069932926380592,3.3454180092047444e-05,0.00789710584990073,0.037937640626857304,0.05506518299342084,0.020590759758636258,0.08034828939548797,0.09384130681507424,0.17082111875637565,0.2038845196833147,0.12948768810237496,0.2311847701173879,0.26007999338862037,0.46778614540982333,0.553275818484407,0.36350201485656986,2.301792239806781e-05,4.098685788435099e-05,0.00010254589487752545,0.00012646610932968532,7.00861081909003e-05,-6.926365740820747e-05,0.003734783182755624,0.016273741577785023,0.022305906623190413,0.009471586026540368,0.00048570104068960344,0.0006017728551804974,0.00100303545164963,0.001174746352642289,0.0007872717915340121,-0.17902030153561338,-0.1376614072374916,-0.05296865709981835,-0.02983132019081695,-0.08917156083527855,0.0230662377958614,0.026195751290863465,0.04703006779902028,0.055632928196591346,0.03624956170754852,0.0385724359815229,0.055177164664786976,0.12071275505960288,0.15278219557414247,0.08290834301700636,-0.01669478505288731,-0.0006855096928436676,0.03880563457309153,0.0562931164709878,0.017881562302884936,-0.03408705364962199,-0.020613525511053814,0.04257656200810691,0.05285221987722009,0.009612920783864269
1939,-0.07153786383965709,0.04796328615558065,0.35041223990850384,0.4970407673465684,0.18554330043421874,0.34652045599009895,0.38651216337092414,0.6943886768773877,0.8156426199982532,0.5427017194206725,-0.01712510220463423,0.008950508427808656,0.07400692945525245,0.09446949686445347,0.04353684213400716,-0.6946041020213068,-0.5212046644736303,-0.17877659713407718,-0.08647892767897057,-0.32685316924781244,-0.03289307587028229,0.08819862848884641,0.3909612992906893,0.5318742869443056,0.23139066620701287,-0.618338746533108,-0.46295505982081636,-0.1600447128811533,-0.08613007483959757,-0.28808010995530564,-0.15480853332812333,-0.11132379642912313,-0.020998431709811194,0.010918333997867409,-0.06188558440742885,3.3452167117115276e-05,0.007917723353633848,0.038081945367840264,0.055280401543288796,0.020643380671585852,0.08136224303168325,0.09503318896139883,0.1730767978469811,0.20659158019209023,0.13117573843454333,0.23481996059864887,0.2641571693338712,0.47484584684854914,0.5614498560797714,0.369204127987452,2.699576710810202e-05,4.828549167487276e-05,0.00012113633940829417,0.00014993281167248343,8.273107179007644e-05,-7.028607432056675e-05,0.0037878014314643095,0.016509624433394206,0.02263345136727763,0.009607083672142299,0.0005504604052675402,0.0006814920275160233,0.0011366799827644439,0.0013311767714712448,0.0008917615704041624,-0.18060850569753029,-0.13883130201753668,-0.053439995780075446,-0.03009400155880673,-0.08994908699843332,0.02334498276664005,0.026511816972738647,0.047590104455670634,0.0563036315482467,0.03669740022720855,0.03910358174096375,0.05594740525809565,0.12255408190643786,0.15511147675698678,0.08410634390076635,-0.015070459774180261,0.0009096601836264453,0.041081925003179746,0.05908633915427798,0.019500815904012432,-0.019216447600704015,-0.007844330637917448,0.05094326338938421,0.06290490738943824,0.021990146218734213
1940,-0.07523625812210483,0.044744686345381736,0.35242318647239557,0.5020728409213527,0.18498503574603148,0.35153061924919915,0.3921460358140153,0.7044323068319576,0.8272295818508748,0.5506754949096604,-0.0041587364256783915,0.020924714604851635,0.0831896639534159,0.103852066022972,0.05370255762208773,-0.7075146847285557,-0.5320562480271425,-0.1842041075095385,-0.08957938227161685,-0.33535817052137706,-0.02558142424098079,0.0949489481529074,0.4039557211882406,0.5495410941596768,0.24056761401713306,-0.6291107236263129,-0.47157295968879626,-0.16434118449017132,-0.0885021221306028,-0.2947965772041512,-0.16029284321709522,-0.11568475869559212,-0.022523190939191345,0.010463617826780664,-0.06470435949428294,3.4027246204065115e-05,0.008023392172106032,0.038562147009631315,0.055944266063515206,0.020923960326599815,0.0823565778098569,0.09621404291308183,0.17531716306724704,0.20930742159682625,0.1328246006725673,0.2383836865233682,0.26815497102234054,0.48187283689398547,0.5696449000730546,0.3748825288796844,3.1184108562137536e-05,5.5789905086449456e-05,0.00014055050402376232,0.00017438116108538023,9.563336976701112e-05,-7.130189112369381e-05,0.0038402482908749267,0.01674329372312341,0.02295939154715458,0.0097406941277991,0.000621134083155278,0.0007690728073906605,0.0012837216048041788,0.0015034273286601391,0.0010064694196552917,-0.182015754287942,-0.13995536205057477,-0.05388692969148644,-0.030314809882312027,-0.09063348023031653,0.023631508639373248,0.026832321246604285,0.04817495685535035,0.05698241631418384,0.03715337426748677,0.0398173539385013,0.056981326144831,0.124748105478993,0.15789614401949634,0.08564131701969813,-0.015280021639476714,0.0006782745127642036,0.04110550152651864,0.05953610257338928,0.019288507116943035,-0.005472856906681392,0.0034639607416127836,0.058746470105912954,0.07253643084599871,0.03187648859800321
1941,-0.08155898016884791,0.04002781120351363,0.353367536864038,0.5062841674039427,0.18363488025686026,0.3563099382671347,0.3974998654876097,0.7143468644722498,0.8387128427299909,0.5584736722529775,0.004124462292248522,0.028150560547655613,0.08780568953692237,0.10893332002590304,0.059038097277659796,-0.7222827117690552,-0.5438058931202351,-0.19036730161830928,-0.09335251629258595,-0.34450328751652665,-0.024513411733743617,0.09592307674781465,0.4110454356090927,0.5603548320578434,0.24434068420075178,-0.6394004833324061,-0.4817716864299293,-0.16870410454011345,-0.09081373605382927,-0.3017822867961284,-0.16673186867193968,-0.12074712339371187,-0.024189174871118133,0.010173174851871374,-0.06791912385872302,3.454101483924067e-05,0.008127678047240799,0.03902979450781537,0.056622165217802944,0.021182852637920004,0.0832199194035173,0.09724113942560061,0.1774288755984247,0.21184726278476823,0.13433275958134694,0.24180572005995216,0.27196819843851977,0.4887825157899118,0.5777732805649786,0.38042708553517957,3.538026031972437e-05,6.322181354377393e-05,0.0001598359921310923,0.0001988602946826666,0.00010841926249921177,-7.225158183844126e-05,0.003888542533083384,0.016960355726574183,0.02325309986442584,0.00986268465685295,0.0007015107127537633,0.0008677788576677882,0.0014490669443439645,0.0016982349252952873,0.0011356390329899505,-0.18325312165945187,-0.14089032504900653,-0.05414092419877133,-0.030486719620901367,-0.09116642337465686,0.023934836056750813,0.02717349404251735,0.04879016591145383,0.057700643557484804,0.03763673844515131,0.04044624633221553,0.0578812862284406,0.12676890266632082,0.16045110200723955,0.08700672545265942,-0.01757383469177754,-0.0015016079962090537,0.038692855018239304,0.05725620989474137,0.016932455853280102,0.00505685338414686,0.013005029310816948,0.06461231443350927,0.0795254083605485,0.03985296805703923
1942,-0.08738302748044387,0.03549636892813043,0.3550949032546523,0.5113929106694979,0.18259540159121534,0.36087552756370345,0.402632259361292,0.7239937767869736,0.8499850264673424,0.5660400444615611,0.009110172482293486,0.03210273143485578,0.08966372635010605,0.11065550747511023,0.06162202853258436,-0.7366215800421217,-0.555057630708204,-0.19558055825511902,-0.096195474047277,-0.3527483022950262,-0.027886050345822852,0.09445625061285474,0.4162607399206806,0.5691142638691056,0.2455555450989837,-0.6504315689338642,-0.49125069058867565,-0.17288363843577728,-0.09310241200874358,-0.30879628847758966,-0.17224066146388417,-0.1252656171670302,-0.025593433783903965,0.009857446960372518,-0.07066859833078896,3.525038244902679e-05,0.008264527128294874,0.03963761856468665,0.05750229224382532,0.021525774109124016,0.08410267543262576,0.09829679374909218,0.17950959892301202,0.21438904916534615,0.13584953082850862,0.24497808147034106,0.27553022122615844,0.49554346262659354,0.5856669547795907,0.3857375769063442,3.9508807848247826e-05,7.059392836615274e-05,0.0001788743128883572,0.00022323319553312014,0.00012106489232129382,-7.320370474882836e-05,0.00393590489972638,0.017176357341553438,0.023551876272632437,0.009984998936549612,0.0007956784115358302,0.0009835724554645184,0.0016420424245686017,0.001923232083614776,0.0012869016317669057,-0.18417911675736234,-0.1416158719966862,-0.054369679923486375,-0.030627599531270137,-0.09159269173767759,0.024256370888239315,0.02753461431668766,0.04943596961497991,0.05845601276079423,0.038145797301227025,0.04106314261090989,0.058742861208080074,0.12878126164306064,0.16297372007612393,0.08833951657065092,-0.020985455799419794,-0.004922269184007815,0.03493343527432592,0.0536030526526191,0.013444550402195969,0.012856473606819645,0.021335644690329104,0.06914746875519653,0.08489067461328974,0.04628805112863561
1943,-0.09178454707170482,0.03234772073768481,0.3578187171882399,0.5169597582926189,0.18255253419624073,0.3652559259670273,0.4075074807278463,0.7333896046899249,0.8610434032024661,0.5732159581960354,-0.03932133658707269,-0.014934029260927609,0.038478949145108375,0.05859490021738428,0.014126527888322013,-0.7501947807925028,-0.5653979838995943,-0.1996231907604297,-0.09831565611069062,-0.35965400057558217,-0.08324616977368404,0.04502469469741669,0.37114259229021074,0.5263152971678772,0.19701566190215275,-0.6620007017068967,-0.5003175976930487,-0.1765024261131825,-0.09533562851026353,-0.3151647677723648,-0.17736519010946214,-0.1291654535131593,-0.02668751772681172,0.009536813790537746,-0.07298870294157382,3.5988041756607187e-05,0.008400495027155019,0.040271426482330924,0.05834963389949484,0.0218967275468125,0.08503000231352711,0.09937426210621428,0.1816395333309666,0.21697672089323103,0.1374491496100375,0.24773234613511977,0.27882533244610985,0.5018109631900185,0.5930973183994328,0.3905577033178088,4.3615167736999544e-05,7.80200798550032e-05,0.00019852821458631807,0.00024823920246583916,0.0001340256645191101,-7.418176643090046e-05,0.003985349150705814,0.0173968978438566,0.023858483074292794,0.010111681725255709,0.00090762596189561,0.0011218077442003219,0.0018692077727114908,0.002189543643513067,0.0014660007020171793,-0.18500934799449864,-0.14223262653516422,-0.054492393224679254,-0.030687216598704888,-0.09189372170308277,0.02468436619880904,0.02802117812068185,0.050220864041781,0.059364941637574574,0.03878569586902666,0.04170937236611639,0.059668972972537676,0.13085103277695098,0.16558769743366883,0.0897511415853963,-0.025421718099507502,-0.009578507005464854,0.02996326237222292,0.04848185462350188,0.00896299991233316,-0.03080324900124752,-0.02151829493820164,0.022366801611805945,0.03436207338689773,0.005855986395813579
1944,-0.09212815011322319,0.032809851804111105,0.36219664722790057,0.5233629819288836,0.18480905494523692,0.3690298298379606,0.41189739558880867,0.7420194213027689,0.8713246000540579,0.579755785957208,-0.11111999243819581,-0.08420804588479947,-0.02449901998790651,-0.00557012031949612,-0.0514514478003806,-0.7586449434234662,-0.571775541323018,-0.2014230187694723,-0.09881172980212762,-0.3635356163940493,-0.15466182807544637,-0.018366425709849688,0.30882879435258237,0.464741538307568,0.13371560884350825,-0.6704966351204882,-0.5069545114048382,-0.1787429994140502,-0.09650936873475202,-0.3192510201643586,-0.18088181383111773,-0.13164142586294486,-0.02725345606157023,0.009520348592253546,-0.07440007979339486,3.647441518534443e-05,0.008510275520881884,0.040788441681180246,0.05910682658468721,0.022187032755737815,0.08591768420036695,0.10043416136311561,0.18371509734878216,0.21952835240550536,0.1389759461864245,0.24982703313041202,0.2814254731205682,0.5072838394335295,0.5997306721233296,0.39469000215537653,4.7999860048966316e-05,8.57778073300318e-05,0.0002188029400018273,0.0002745536156982461,0.00014746710528662268,-7.514387643801657e-05,0.00403510236733174,0.01761302837455016,0.024159158520514628,0.01023521868289208,0.0010410132844439906,0.0012863337995432564,0.0021371767865261395,0.0025026387111392145,0.0016782767042433284,-0.18577695348211293,-0.14271449631416144,-0.05460288323502147,-0.030798375680412368,-0.09218713881807501,0.02515614905473633,0.028544762177969123,0.051084241719671526,0.06034797724938164,0.03948658282020987,0.042413476574126044,0.060672092119566326,0.13303461108344056,0.16834430162163247,0.09124648597469798,-0.029021001831263066,-0.013438800981303095,0.02617964056812252,0.044591433495803634,0.005544760238497735,-0.10321013831697928,-0.08562723785010903,-0.03543990573197664,-0.025606719748358524,-0.057813227436193784
1945,-0.08259426336655566,0.04213840391942125,0.3708855623318087,0.5326802963694129,0.19305547601599088,0.3720468355501158,0.41524078123698516,0.7497016401464844,0.8805171994064417,0.5854429582192899,-0.1063870044712589,-0.07984203664521654,-0.019150076647630885,-0.002019144691966646,-0.0466669512419792,-0.756609611208474,-0.5693200441500815,-0.1980134777758817,-0.09620305106048693,-0.35969423543295376,-0.140025472509908,-0.00429996918428431,0.3205444245272954,0.47613524054339684,0.14746330006583627,-0.6705619339204443,-0.5059934901490935,-0.17738438547115778,-0.09555003082410671,-0.31751616917983616,-0.18011537684819748,-0.13082932545641013,-0.026800171227891537,0.009603922029668399,-0.07359049699145868,3.602692642283608e-05,0.008490993367983925,0.04076125240411996,0.05911461126971376,0.022122528077383942,0.08674354848849064,0.10140539811110745,0.1857030547505464,0.22197760678906567,0.1404213947644483,0.2513983498620951,0.28334054386388347,0.5120264959607109,0.6054752855355584,0.3979833446458213,5.258759841024354e-05,9.390470357892589e-05,0.00024007005442072067,0.00030195349188827494,0.0001616377022801012,-7.606874956333676e-05,0.004079990909458674,0.017821374190578297,0.024447281682369783,0.010356994306056525,0.0011936819535964815,0.0014725128665773746,0.0024367418716021586,0.0028503463917893294,0.0019173652522211037,-0.18642268503635487,-0.14313174095712683,-0.05468083667510923,-0.03081282263126229,-0.09242239773556771,0.025549464223217796,0.02898670997878197,0.05185990013694702,0.06125120450193044,0.04011198123585322,0.04298026822940481,0.061447344007346395,0.13493204907588707,0.17079072384393532,0.09247796799413095,-0.02829678875734339,-0.012416799577520916,0.027283220068691893,0.045819481025459054,0.006673659933604494,-0.09776321421168593,-0.08123154594494322,-0.0304543200058146,-0.021142431246145788,-0.05559087496865069
1946,-0.06753883021168575,0.056766911047283646,0.3819920843311876,0.5435258627840333,0.20496545249391152,0.37474780040325606,0.4182575972973508,0.7568878209509423,0.8892148997892364,0.5906631682279995,-0.06446466021455172,-0.03925413729374325,0.022224521190999873,0.04083322406613445,-0.006873962283483065,-0.7470817975908984,-0.5611791662289742,-0.19192366493265264,-0.09151643156635832,-0.3520647506110586,-0.08311988679102544,0.04985748631720631,0.3712447710305026,0.5278204668484036,0.2010040905110082,-0.6645618298664095,-0.4999195167696281,-0.17371896825580493,-0.0935173856471806,-0.31219973178137117,-0.17719667153398141,-0.12826083407376812,-0.025856396270605424,0.009762650609255977,-0.07154986048012363,3.507431161379535e-05,0.008370263905507845,0.04039499797351246,0.05859028406534949,0.021846334388062404,0.08756432330705081,0.1023850852708705,0.18768032198937695,0.224414079232154,0.141865153351877,0.25261783998562376,0.28476089267869686,0.5161683294840446,0.6105859029022586,0.40073771396761904,5.7572586618597214e-05,0.00010268213056627756,0.0002630625758731767,0.00033115491566905334,0.00017679213167836913,-7.698843284088824e-05,0.004125983410255234,0.01802552683892404,0.024734186809158527,0.010472706303895025,0.0013785028364823575,0.001689477787216463,0.002772065450899065,0.003237129183094058,0.0021899321403354597,-0.18700094117984833,-0.1434583501462659,-0.05473571521655269,-0.030953748322599537,-0.09258091955126707,0.025899793787702442,0.02939951205576324,0.05260816360021266,0.062120084987282,0.04069996380753557,0.043353682402472726,0.06194377284432361,0.136365394697329,0.17263674717136973,0.09336775220485417,-0.02463155256641291,-0.008202689263864027,0.03208311309566344,0.05079278942895785,0.010951598710092544,-0.056758622717358986,-0.04367232524495515,0.0014768031221570616,0.02020147915723998,-0.023382954191217206
1947,-0.06033502843997511,0.06289971082390043,0.38915351645130025,0.5519824299632861,0.21114307837882862,0.3774632934224064,0.4214246218417076,0.7638682770193433,0.8978347764789405,0.5958179647833983,-0.05000712589985078,-0.02334474281154979,0.03854142349253112,0.05739076294779781,0.009603858658071968,-0.7463401989602753,-0.5598514090809752,-0.19065089978167463,-0.09018336837991793,-0.3504582317123248,-0.0602439083502978,0.07187100271566167,0.3951589818258221,0.5528176143343387,0.22309089668633572,-0.6642210861015718,-0.49912311810316423,-0.17321113162889892,-0.09333258456404797,-0.31166139332346143,-0.17754382610730918,-0.12853167951481878,-0.02589215436129499,0.009609050790560819,-0.07161257576033861,3.4760691803633814e-05,0.00834186126499768,0.04029290434241307,0.05848496078377989,0.021757656536272374,0.08849405661797766,0.103465366416638,0.18978383178058716,0.2269715800975065,0.14342462185797922,0.25383410230118864,0.2862577360528746,0.5201323763156893,0.6154393316259574,0.4033265215215739,6.281897545233263e-05,0.00011203865168851683,0.00028726342460600596,0.0003619777086902652,0.00019288384613455817,-7.79626493950222e-05,0.0041776443932540035,0.01824898341889103,0.02504073407749013,0.010597751767199497,0.001596578620981259,0.0019443738841300477,0.0031542301784638787,0.0036687561973659942,0.0025065696478774983,-0.18752829083296246,-0.14381804378820234,-0.054845811681663866,-0.03100230449945713,-0.09273165062857441,0.026203434342750676,0.02974936548878276,0.05330021587600635,0.06292437242835683,0.041231708044010384,0.04386117533161468,0.06264327893350853,0.13806311626685627,0.17484081153755948,0.09447501058111976,-0.018212116647908356,-0.0016637996599766125,0.04006959688523851,0.05927110094038101,0.017707157486560557,-0.05042307754181776,-0.03499863063526729,0.015692193769052825,0.026211617191878728,-0.014135833274283392
1948,-0.06245292797519623,0.06193993952863727,0.39208386000854173,0.5572337103853541,0.212009460156316,0.38022440897909343,0.42454255638980115,0.7707886762548088,0.9062899069708729,0.6008231632901024,-0.04789072749975356,-0.020635102095797133,0.041806970042986696,0.06145081775564036,0.013005544429775464,-0.7534658853062554,-0.5654022572960845,-0.19296063641339212,-0.09105211583119611,-0.35416835707046684,-0.05811473555464992,0.07436923489861776,0.40224279685710645,0.5615809162022036,0.2264039458247874,-0.6711199661528622,-0.5040486546421306,-0.17558997981201935,-0.09470411595114266,-0.31566537855985255,-0.18122284795238652,-0.13128042352427569,-0.026917273427290365,0.00930594861575956,-0.07350068661833548,3.51681058862868e-05,0.00840704609988355,0.04056637446332212,0.05887950441676603,0.021918729931331874,0.08952194991819834,0.10464393632210639,0.19200986645704468,0.22963281489591875,0.14512729398419555,0.25504982364778656,0.2875774507937955,0.5239520652392555,0.6200977790260708,0.4057845921696661,6.834258287654521e-05,0.00012190504359959199,0.0003128718327428568,0.00039489356758561393,0.00020984478453808705,-7.899669305459772e-05,0.004232097134247477,0.01848696876630718,0.025369395423005304,0.01073520097553749,0.0018420348959150529,0.0022272902864829748,0.00358130258639235,0.004149404668134873,0.002858239670017673,-0.1880351120707534,-0.1440897653988024,-0.05490242594634932,-0.030969897212551098,-0.09285735719761623,0.026443994071387648,0.030035211122943863,0.05390623588612836,0.06364244280646063,0.04168237123451837,0.04471624881152745,0.06388497325218352,0.14053838878193106,0.1779442654828742,0.09620725237606918,-0.010800024090844554,0.00627479222583892,0.050004385247555905,0.0705080481803038,0.026294353060813007,-0.05773300076384427,-0.04211804809847178,0.011670964686425709,0.017939807335577936,-0.018431553770267936
1949,-0.06382761234975604,0.06191900883214854,0.3954310441550768,0.562915010140017,0.21343965987792402,0.3829668817904443,0.42757051689813863,0.7776245836262765,0.9145207974559372,0.6057509199561848,-0.028649637264185204,-0.0016241451522918033,0.06147862747375275,0.08218090139538471,0.031384030180139855,-0.7606518227576025,-0.5704636506182017,-0.1948416776610981,-0.09144180616805257,-0.35733155759475443,-0.03871927534498404,0.09221131046109664,0.4248755735629116,0.5869339233106177,0.24657044830564245,-0.6778280971152899,-0.5095928198279172,-0.1777719958279558,-0.09584690032276043,-0.319002008373522,-0.1841727685072774,-0.13360954577513534,-0.027905247798852676,0.00874817873919211,-0.07505393158109416,3.546950758094467e-05,0.008456704763514728,0.04080689115910927,0.05919837710865421,0.02204767079765802,0.09053459092159476,0.10582506233685193,0.19425028238249098,0.23229271936673526,0.14680868608788822,0.25627830794955175,0.288932310447746,0.5274865875288542,0.6244866928535038,0.4081984788674174,7.423735729200878e-05,0.0001324543327865685,0.0003401680893050149,0.0004300399370123826,0.00022805550097466595,-8.003768182601333e-05,0.0042870093619225905,0.018727337822066904,0.025700242571915034,0.010873605924205476,0.0021086685103819335,0.0025346204633893313,0.004049583664360877,0.00467912724464457,0.0032436943615708484,-0.18839159289421267,-0.1443369779289092,-0.05489750817318781,-0.03091948826150214,-0.09296703907126526,0.02663984249248475,0.030274197726664107,0.05445349637329615,0.06430703216984088,0.042074159467303196,0.04546239583024866,0.06499137025965337,0.14290646595500783,0.18088993275271148,0.09785841475399096,-0.006633965916315848,0.01085098479100618,0.05608270308804297,0.07729207563775493,0.03134075969369388,-0.04226738906072904,-0.02736454048897879,0.025838940272687544,0.03358984333416264,-0.0037521904628992904
1950,-0.06777849314531247,0.05986044547348057,0.39787222914732434,0.5665825837464288,0.21312645972324246,0.3858550740430385,0.4307526370174343,0.784674752277083,0.9227256175910927,0.6107174473483902,-0.007366901651736403,0.018642017107715136,0.08147527721225427,0.103050694624954,0.05080352012481339,-0.7715874008872942,-0.5778795874421131,-0.19749481955367948,-0.09290653174507578,-0.36236469172453056,-0.021723362991396798,0.10850112262409659,0.4478294023048909,0.6130693906476361,0.2659180169243772,-0.6878446613706415,-0.5168216838709545,-0.1805765204132203,-0.09749770854143786,-0.3240946997816284,-0.18789325430796525,-0.13652883921015957,-0.029205633883876248,0.007974634495766514,-0.07704199773460638,3.5952330482928754e-05,0.008538587546228292,0.04117948474085325,0.059706536685551606,0.0222651244577299,0.0914909666339447,0.10694435352513555,0.19641877949026143,0.23491550941786826,0.1484106211992973,0.25762703629757,0.2903960679923861,0.5312286406600919,0.6290485002197624,0.41072400447366175,8.060423283204678e-05,0.0001437395151673843,0.0003698068148830546,0.0004678394213706762,0.00024769504276186884,-8.103564577552027e-05,0.0043371535842868,0.018960032839090136,0.026019286564925012,0.011005410523169324,0.00239036940523458,0.002864090752557336,0.004556082360543854,0.005255454673734611,0.003655420225380011,-0.18888698950149724,-0.14473018226075515,-0.05501543676646354,-0.030937662838193016,-0.09315289840613342,0.026838021754264307,0.030520759682599794,0.054986473064307394,0.06495431754166857,0.042459651840276995,0.04630811049618619,0.06619860731702554,0.14544042600885954,0.18404173334453303,0.09962965546913627,-0.007012776699967244,0.010260690402147058,0.05591132131559405,0.07766327521668244,0.030740565928577483,-0.021697630681125873,-0.005944753536664464,0.0454145088059171,0.0565271810832704,0.01564634210664805
1951,-0.07500227201339284,0.056078271812694196,0.39832445404106787,0.570031114996762,0.211648523980548,0.3888915237032123,0.434042529394284,0.7917000237994258,0.9310657039518442,0.6158263243312193,-0.007099939919865552,0.018711467330519906,0.07899913430067604,0.10080767554045478,0.049932617248136635,-0.7830850805939866,-0.5869078439992601,-0.20185651748055733,-0.09475100376558288,-0.3691180203765837,-0.028893626804321053,0.10268328647850995,0.4476468209462525,0.6168161996988846,0.2622804995586916,-0.6986686744627656,-0.5251961119048545,-0.18393102157739966,-0.09911943616520527,-0.32970872776344473,-0.19318873964072616,-0.1408684901961757,-0.030928071545169227,0.00718366774399335,-0.07998099955045443,3.623608537325504e-05,0.008600021770917975,0.04146427803392012,0.060119365627874954,0.022416011103980758,0.09240129941407103,0.10802201607945144,0.19853480975084706,0.23743908038871023,0.1499799142962926,0.2590763360533345,0.29203877702012193,0.5351626370132339,0.6337254820687346,0.41339066867332486,8.743323951301751e-05,0.00015594086134860662,0.00040164088103117454,0.0005085717469458134,0.0002688731096280655,-8.202104151264012e-05,0.004387394162777897,0.019186645904165404,0.02633297132705375,0.011133630121708264,0.0026921894640250144,0.0032126028048337133,0.005097731555298683,0.005873067340047431,0.004093405881793346,-0.18960696846674732,-0.14529452874793466,-0.05518903768617875,-0.031069726853455246,-0.09352438485730866,0.027057613625838323,0.030780310043109677,0.055535345471715285,0.06562217124297673,0.04285086054441252,0.04714988539287952,0.06737938626769771,0.14798850454729912,0.18724605395403482,0.10141443196161795,-0.011746564009587367,0.004747481752944899,0.049808726498881704,0.07135675352777841,0.024963081720330682,-0.01586525059961058,-0.0027734963465996056,0.0483953854177403,0.05996406427594517,0.02109035826432758
1952,-0.08027701149580575,0.0538542916695837,0.39939587667891374,0.5736120974360137,0.21070502104325914,0.3921287409281746,0.437600799386944,0.7993434782689638,0.939910417309007,0.6213163285812645,-0.01686208163216405,0.008229655670976213,0.06606745963428481,0.08802214352996314,0.03856688255788494,-0.7926060421348492,-0.5954480846280645,-0.20545375386129358,-0.09699264783290623,-0.3752193602837143,-0.04606188024915506,0.0889094037692177,0.43779618440592766,0.6087106465383741,0.24992433866786998,-0.7063654456454501,-0.5308703546460719,-0.1864310331564297,-0.1002118476320705,-0.33362474010604676,-0.19875182706090316,-0.14519181518342328,-0.032752764405253515,0.0064661558585033824,-0.08295861573310222,3.595669638677866e-05,0.008566893960451181,0.041413756975740686,0.06011497123569211,0.022360400546671065,0.09337513618591534,0.10916379824520611,0.20072979595990242,0.2400830204563876,0.15160918129449757,0.26079495698179256,0.29395181591350067,0.5393468469747071,0.6386539314928485,0.4163437797174727,9.4633265310179e-05,0.00016885342213757032,0.00043537871803093196,0.0005519837001626813,0.0002912778004250736,-8.304224703884013e-05,0.004441243206037389,0.019423024907924642,0.026658738325997276,0.011269065090349632,0.003004063351715349,0.0035779849715893374,0.005672762394131069,0.006531369994848968,0.004555455006548341,-0.1906231463607222,-0.1461703320903666,-0.055531391991529004,-0.031231616702849786,-0.09405699748340135,0.027287742066117754,0.03104829867300381,0.056089151136158304,0.0662945768496295,0.04325509097120396,0.04779670784847752,0.06829379567144388,0.15011710010611318,0.18996144042579743,0.10285136444121061,-0.017343550369026794,-0.0008315798297396617,0.04310948993166342,0.0644126830148608,0.01882521225119781,-0.019033359132585703,-0.0071180863621482845,0.0412543448699807,0.05242915998911108,0.01648136097860891
1953,-0.08579673951836363,0.05075726203402225,0.40127601796879153,0.577886491807103,0.2103158206599309,0.396073972401874,0.44184368316619305,0.807515894294807,0.9493315859480472,0.6275148671218733,-0.016385769199030283,0.007749606374238283,0.06450456196928593,0.08571130954718031,0.03722008413246208,-0.8052029212255029,-0.6055854356525399,-0.20965775965408343,-0.09947864997373171,-0.38191426205679435,-0.05289973952195668,0.08466239915385836,0.43883416953557697,0.6115399940099999,0.24823992584067278,-0.7167696367598875,-0.5385479014790912,-0.18929526857709278,-0.10193201403180782,-0.33924180494462497,-0.20423143458282542,-0.14940924457041918,-0.03454208293211429,0.005712381478988038,-0.08582276508667636,3.621299049183635e-05,0.008627429461918372,0.0416520505814384,0.06043338232841271,0.022492007230256093,0.09451043503703428,0.11047734907418778,0.2031631761256135,0.24296971603588913,0.15345620909828006,0.26290692499307705,0.2961809397334036,0.5437380766129538,0.6440851929033532,0.4196749743244623,0.00010259308633963524,0.0001830467181346052,0.000471954792915961,0.0005985817829268392,0.0003154984326866127,-8.416515638229462e-05,0.00450073754585344,0.019683337598151045,0.027015081375687637,0.011421215972368124,0.003345444398179892,0.00396232367586591,0.006277244807838299,0.007230045314353107,0.00504455686960366,-0.19172896104783138,-0.1470697507149063,-0.05589351578127695,-0.03135409941926756,-0.0946941577863207,0.027571645334978797,0.03136856818263046,0.05670345576830953,0.06702182655751394,0.043706010926639324,0.04870970064187923,0.0695840933132759,0.15286080903481908,0.1933848457118717,0.10475931154863818,-0.021553435318753693,-0.004897077703262818,0.038290899646502834,0.05951834630240719,0.014576321171634436,-0.013605059969590274,-0.002891734826565963,0.04370409986856511,0.05522407576063858,0.019826611987466568
1954,-0.09112733711906981,0.04806715127355853,0.40383157114152696,0.5824142694330767,0.21025793064168785,0.40058905779546383,0.44680206021952246,0.8164612864583494,0.9596008965409105,0.63445971212137,-0.009504788272675245,0.014252874306074751,0.0710694341098147,0.0922235985047537,0.04348550953863015,-0.8186278863774847,-0.6156846884564355,-0.21374404589722398,-0.10156548606119296,-0.38842587726399586,-0.05088618559529295,0.08841761062615888,0.4480056163304595,0.623251149778292,0.2548251708568742,-0.7274550967440502,-0.5472904108181886,-0.19263485009812473,-0.10387159950189113,-0.3451675437619079,-0.20994373705320676,-0.1536228263987055,-0.03609306979684098,0.005030207072342332,-0.08863848508766377,3.6722287346131344e-05,0.008714938583359992,0.0420694655993573,0.060976200255261646,0.022727430189406192,0.09591560932455309,0.1121040003625603,0.2059580724366326,0.24624707601399579,0.1556223059356428,0.265172224192267,0.29867200842518526,0.5485055675507473,0.6496544538854436,0.42336165906086265,0.00011111199637824064,0.00019827587857086114,0.0005114884126268069,0.0006491057728507634,0.0003418595516155847,-8.545723597350437e-05,0.004573524613444817,0.01999043748969542,0.02743157714251816,0.01160460369111791,0.003717941462091898,0.00438652013538294,0.006938059209156059,0.007993517571191421,0.005580397248305027,-0.1930057171477673,-0.14812399057084782,-0.056386622808539004,-0.03154611786756843,-0.09537540213537105,0.027883577866243892,0.03172421535590925,0.057357471333076275,0.06779930535549887,0.04420590972655399,0.04976072104474868,0.07109056665973361,0.15595704714153458,0.19720707801413703,0.10694340633198965,-0.025082047397377565,-0.008303033352755411,0.034366928237086126,0.05540804659216112,0.011145396482514875,-0.0030123303794363752,0.008448204574418272,0.052934282673034364,0.06647415651932398,0.029461287761903442
1955,-0.09892660349612664,0.04365654427346161,0.40565337979802657,0.5865316203027805,0.20870967033551246,0.405379309282262,0.45202826357103576,0.8258066193497555,0.9703566683032222,0.64189027509771,-0.0005979130432318276,0.022930217864503305,0.08058307057056124,0.10229562243507914,0.05216775408501603,-0.8348502761199619,-0.6279779957510229,-0.21860707476460547,-0.10409566741441545,-0.3968394539346588,-0.04958890559920505,0.09285353162251157,0.4590654903673448,0.6379157955711283,0.26223647720594795,-0.7401331103114965,-0.5579122160778397,-0.196946998128067,-0.10590269699664713,-0.3521763646287723,-0.2168659462878775,-0.15908030293389333,-0.03795143225496372,0.004539634903153944,-0.09220506818524073,3.7378113688324414e-05,0.008833035731860395,0.042586218576273156,0.06169692971231079,0.02303219659474355,0.09750963398145898,0.1139821608472057,0.2090781730581748,0.24989067138164955,0.15809981958191122,0.26743029212435465,0.3011859164883962,0.5533556097647647,0.6553633057756731,0.4271030750182963,0.00012028257990480093,0.00021475943078028034,0.0005541321147724408,0.0007034944438167703,0.00037020251515036305,-8.69102063433715e-05,0.004656112413441391,0.020349426306944987,0.027915134154614423,0.011816671029051637,0.004131231136579561,0.00486019538076517,0.007670470938609271,0.008841654100863256,0.0061761816704658,-0.1943836874480365,-0.14928448153503052,-0.05684629354150019,-0.0317252280139845,-0.0961581830379046,0.028215078783851693,0.03209361226016273,0.05802385211532597,0.06859850111687585,0.0447229907657716,0.05095282181268163,0.07284229022276519,0.15941471894496215,0.20159501545525801,0.10944011501358503,-0.025360027930199654,-0.008423036150333236,0.034306502705510965,0.05533402089706947,0.01126917793602502,0.005671975691412722,0.018154626922307536,0.06095433180910716,0.07607043154508664,0.03830299713409348
1956,-0.11327838760817473,0.03465785864866437,0.4056895425834572,0.5894754871480805,0.20383986039659852,0.41045687021826016,0.4575412080619418,0.8354985340029017,0.9817673250926254,0.6497326149488,-0.008396117006627828,0.015695850801338975,0.07240631722142589,0.09510121429965235,0.04448280452455595,-0.8565593329930341,-0.645189702469151,-0.22579599265183417,-0.10765360611009855,-0.4093061012811106,-0.07231368985600566,0.07620832519721799,0.4515029488575181,0.6343362274730456,0.24975913805034017,-0.7595734773120891,-0.5735771882741564,-0.2031655515369435,-0.10917308243666615,-0.3633585031441955,-0.2263887968889397,-0.16643364673806688,-0.04043684058047863,0.003937916248009419,-0.0971034217003914,3.853265527708508e-05,0.009050801517104122,0.04351680753381496,0.0630661819480746,0.02360422163389924,0.09935336529103657,0.1161302673190308,0.21259334706217328,0.2539212717099395,0.16092773486469392,0.2695826640518987,0.30362693535826724,0.5582566098426968,0.6610223108135982,0.430766384390428,0.0001302344626151007,0.00023246711443374344,0.0006000134397651777,0.0007619543173383998,0.0004007976650213884,-8.853252409462645e-05,0.004752751288567496,0.020743490863011336,0.02844341539243829,0.012058589393131126,0.004587964087344184,0.005392517076396824,0.008485218901850718,0.009788884038763067,0.0068388057930838094,-0.195878367008617,-0.15049791987738387,-0.05729996494352865,-0.031957913408957844,-0.09692897234791073,0.028582545236542762,0.0325064660392407,0.05875284672495557,0.06944612686259653,0.04529655268074035,0.05245945025542734,0.07503023861363528,0.16366697887179948,0.2069144300011208,0.11256619706536544,-0.019726430378125825,-0.00247784307038415,0.04139242205009873,0.06301273796605833,0.01760851869850502,-0.00576065475602172,0.003659004514815046,0.04478581213068181,0.05897288106186939,0.024956317127894537
1957,-0.12821137948898134,0.02402842465789465,0.405826117550663,0.593135525342713,0.19866425011121186,0.41569260412882875,0.46336497624840345,0.8458299601102202,0.9934354171765083,0.6578762298400087,-0.025292692017679447,-0.0002834463305618781,0.05695959901732287,0.08040756352275935,0.028873243631169748,-0.8808518748785882,-0.6643191709933098,-0.23350079625708048,-0.1109924282713238,-0.4224598576339956,-0.10509200947734162,0.049597583250413,0.43490010371260357,0.6215767319230537,0.22904974590909197,-0.7821243936233404,-0.5917557323875606,-0.21075017674868776,-0.11347158064866529,-0.37640625217809176,-0.23609870461612648,-0.1739449124529456,-0.042794786282738195,0.003298219798158484,-0.1018553457476256,4.0068493417428135e-05,0.009369846031016923,0.04488062371236983,0.06503933616840213,0.024425520872354393,0.10141582514412474,0.11851560678957801,0.21641573225728208,0.2583286093637559,0.16401433625882877,0.2716739182697484,0.30602167008901365,0.5630497841663094,0.6666125493148644,0.4344202214202699,0.00014091955114352823,0.0002515684283382576,0.000649757341526736,0.0008250933795018637,0.00043385197661978533,-9.031613769817821e-05,0.004858987444295501,0.02118032746017314,0.029031541947622908,0.012329158563694289,0.005105003190861814,0.0059820874130381025,0.009403720177517476,0.01084635474665302,0.007589751248083884,-0.19729213997842293,-0.15165619037731395,-0.05776322412671865,-0.0322964683586029,-0.0977579069835032,0.02897268860536781,0.03295156020557304,0.05952813138534164,0.07035168479286513,0.04590187752452664,0.054177924538996794,0.07749707612041687,0.1685521632008574,0.21305769792026127,0.11610833723472617,-0.009250993948846301,0.00863037055168662,0.05561754664163708,0.07816612520068772,0.02997757439264824,-0.03577914639601628,-0.02333384588268691,0.016351912420663476,0.028057580772769666,-0.0011761221841031706
1958,-0.1379600045897908,0.019509017199552826,0.4080828411913867,0.5978284188248273,0.19680889073863905,0.4211141841470242,0.4694077812570406,0.8564400349657502,1.0057565187520907,0.6661812012323775,-0.01504293743547999,0.01071895247762141,0.07105080667866058,0.09471019424905404,0.04106883033500157,-0.8997052479682731,-0.6789152545038012,-0.23871543119204455,-0.11293601256424861,-0.4320980104893686,-0.10097996644108737,0.05630180955106221,0.44953469331090223,0.6402572179815044,0.23987095839348993,-0.7996398080146628,-0.6049963029140829,-0.2158514224604036,-0.11624300674115427,-0.38537427586975004,-0.2440834769837046,-0.17994092790273125,-0.044282335798700334,0.003208833340841614,-0.10543748916511433,4.112886410106501e-05,0.009611057980710812,0.04599396251227533,0.06658450825205325,0.0250604198197273,0.10348055403921247,0.12092237140719722,0.2203879344046276,0.26286536370104935,0.16714797598344427,0.2738739417107908,0.30848885417528227,0.5679158922594084,0.6723866514840282,0.4381301809838768,0.0001523758896383199,0.0002721009996680495,0.0007033427737585681,0.0008934813236440869,0.00046925011557131586,-9.21532731461826e-05,0.004966226133232307,0.02164230984040465,0.029642233744556473,0.01260238515696295,0.005679185348230199,0.006643362916146984,0.010420905656826596,0.012018968227068279,0.00841484850532508,-0.1985849807089619,-0.15277609120107052,-0.05822696751006755,-0.03256813496552208,-0.09851648401027775,0.02936617582915115,0.03338352981264019,0.06030619647489447,0.0712681942351319,0.04651238333565991,0.055495785640907236,0.0793286560586061,0.172540300973502,0.2180217544000193,0.11889368006392068,0.00037951163114260315,0.019007073194552103,0.06934206164303006,0.09365495688356788,0.04203438251114128,-0.034218288164850064,-0.021452630172438068,0.01908820873419707,0.02614593158725671,-0.0036856109120226655
1959,-0.14485700728599743,0.016390638000562435,0.4116663170819059,0.6041326789700685,0.1972448293354382,0.42661680777487393,0.4756028775004364,0.8673383731442217,1.0182082700943949,0.6750305680948117,0.010532608106951283,0.035917359202514286,0.0996215960471274,0.12413085755371267,0.06735316954810061,-0.915634723718986,-0.6912371856708793,-0.24284134418092865,-0.1145529427003531,-0.44013422126048485,-0.08013445718984549,0.08054642930410798,0.4799169777739033,0.6736597456432882,0.2673493839133407,-0.8120194961219632,-0.6159277635474284,-0.21959657762878887,-0.11778041385499767,-0.3920435525878163,-0.2515333411928793,-0.1854262587692136,-0.04548512223982362,0.0032390578810932978,-0.10855622523609487,4.178550729654666e-05,0.009784449991502277,0.04683751155944091,0.06773980120133288,0.025514002941477928,0.1054126720099848,0.1231798801977254,0.22428056664083204,0.26735585695117636,0.1701816860943029,0.2762703363604938,0.31123878574569486,0.5731230370420463,0.6784500875950792,0.44212975014428335,0.00016479307259035887,0.0002941249660433346,0.0007605653465852051,0.0009665607804717242,0.0005073182619316416,-9.395097745475508e-05,0.005072416797457993,0.02208438267318827,0.03022977560742404,0.012867506160897223,0.006292322733527956,0.007355088237563133,0.01153200960202615,0.01329786872764969,0.009312560543834565,-0.19990832559688185,-0.1537851230048753,-0.05859502338567518,-0.03276525015832216,-0.09904920824461821,0.02971854322426074,0.03379401280599875,0.06106376998075341,0.07215254084454005,0.047096608421505703,0.056368753267686283,0.08062817174287855,0.1756380689391782,0.22200546677961244,0.12094185441103136,0.003896411200507515,0.02319081648206172,0.07569794401592499,0.10108885459546814,0.04702749423308897,-0.013434854314001165,0.0012514785222665398,0.041514152704521384,0.0523569105111498,0.017065302415569503
1960,-0.1546205125106348,0.01022357476067035,0.41433001551828974,0.6099058015628419,0.19603796593987968,0.4326861869823954,0.4824014501835617,0.8789932372968529,1.0314097344289772,0.68442312483623,0.02694142639119433,0.05189584060085166,0.11750003562935533,0.14340999459674297,0.08401749772463102,-0.9352257830008105,-0.7068934838641708,-0.2485431391329784,-0.11727674018696274,-0.45068623135551933,-0.07324240171000189,0.09143602795952718,0.5012706177816053,0.6972064033978561,0.282056092751837,-0.8276779966579502,-0.6296830834740462,-0.22429789220669744,-0.11964822005831112,-0.40099678264625704,-0.2607437956512321,-0.19240755764330833,-0.04732014942391589,0.003242942021461078,-0.11265227071941464,4.270568657632198e-05,0.010003771525669513,0.04784747668271334,0.06917340727974901,0.026080464441812366,0.10712419797454774,0.12519731928312783,0.22799976929141533,0.2716620168391496,0.1730634014562299,0.2794682137199659,0.31474701438789865,0.579240324678986,0.685558433755571,0.44694284419554764,0.00017811979979085385,0.0003179508706564524,0.0008221097455590816,0.001045517760859264,0.0005485852127678484,-9.565660595842541e-05,0.005169032675338543,0.022504411842496935,0.030797924072839107,0.01311153919024067,0.00695631315145357,0.008127904417667302,0.012747193972385263,0.014698292298716553,0.010294174291396507,-0.2011052119293451,-0.15467120442005003,-0.05890579681690047,-0.03291812122683539,-0.0995777879255074,0.030073607259669784,0.034202877254008675,0.06182191426732588,0.07304312986167834,0.04768768221428098,0.05738640041383123,0.0820935635560721,0.17891510648757084,0.2260843035728366,0.1231939198784347,0.003535457328844174,0.02250426571353704,0.07556327521186419,0.10135412356240102,0.04633442832238682,0.0008045081229081964,0.01688334067278836,0.05839099205218658,0.07246586240036526,0.03465578153224936
1961,-0.1658749554154958,0.003592027643130301,0.4166247583359484,0.6156115099209788,0.19377612543330044,0.4392553933484998,0.48967240625671055,0.8913481073446707,1.0455084400516275,0.6944626036484647,0.03436889444412322,0.05864094884528375,0.124042576548574,0.15144869878699918,0.09008721953064722,-0.9573523012983874,-0.724407261564697,-0.25517835630423535,-0.12104074004824322,-0.46281264445323594,-0.07795805002117431,0.09129618881997394,0.5100419779714228,0.7104392912188819,0.28583690770940084,-0.8476447645671372,-0.6449682442570259,-0.22962116719964015,-0.12266615412820975,-0.41073409741552275,-0.2706776503095176,-0.1997661467684913,-0.04966000049196682,0.0023985895139395806,-0.11742575934308618,4.3539315102918074e-05,0.010206762454344617,0.04881666741178425,0.07052263291257353,0.02661595872574919,0.10859932266520178,0.1269476921114657,0.23141681396117833,0.2756737259330766,0.1756255321853324,0.2832444271729685,0.3190221491778589,0.5862115680107012,0.6935475632564299,0.4526321317872293,0.00019554279061016888,0.0003492563929280532,0.0009016273563997068,0.0011450823837746403,0.0006019771257262269,-9.723958822747093e-05,0.00525442681958469,0.02288120217392767,0.03133049443315765,0.013329095528314901,0.007699670277299139,0.008994361848355238,0.014101477677267937,0.016247483273321716,0.011386735345903575,-0.2021593748193157,-0.15545126353908295,-0.05914860522982589,-0.03306244129504965,-0.1000671197287295,0.030453898807164915,0.03464157108000721,0.0626195808178662,0.07397520600537233,0.048306946980520335,0.05867827633581083,0.08389748835449061,0.18278613942353789,0.23101460328175388,0.12586780574017534,-1.1234754180613686e-05,0.01819622261578874,0.07042147419586905,0.09632149002736935,0.041321494168462744,0.011150578132977524,0.027114666046010823,0.06878688074698712,0.0852218341148005,0.046390713984560794
1962,-0.17397727257321405,1.775370049032217e-05,0.42051377263853995,0.6225476602415615,0.19342450241405268,0.4463078148656475,0.4974140629611549,0.9043559100483555,1.0605239877290762,0.7050487683969784,0.035544634877283765,0.05865470396151169,0.12275371527769258,0.15080508553046082,0.08894559917810269,-0.9787293080826617,-0.7409411758369409,-0.2614424494810996,-0.12392191357956507,-0.47243425890762036,-0.08751814619984694,0.08638540138588252,0.5131866185164744,0.7183305668388903,0.2844446319847359,-0.8665557830864873,-0.6590924555482257,-0.23468182129306975,-0.12503851502735824,-0.4198681515825724,-0.2802629834910939,-0.20706207444955413,-0.052195502727514484,0.001262013269000369,-0.12202057861581046,4.405571255251292e-05,0.010342696459225538,0.04952674743533369,0.07151259673673624,0.02698608833524108,0.11018035426654396,0.128844319488533,0.2349302831633435,0.27990418327746747,0.17826970608416978,0.2871483979893235,0.3234384743727074,0.5935406451227074,0.701930948301351,0.4586402289169217,0.00021939192640438982,0.00039213739169063303,0.001007945165425667,0.0012774119294279936,0.0006751790359977685,-9.889683749437544e-05,0.005343083758573647,0.02327777810564845,0.03188076086162733,0.013561196261895895,0.00853500126382227,0.009969533558057811,0.015633949522353068,0.01799513541263381,0.012627654437954739,-0.2032700636222141,-0.15616478694337446,-0.05944048299297521,-0.03319158448384863,-0.10056547023545195,0.03085259600249534,0.03510718806324508,0.06344595957004921,0.0749458884604833,0.048946804706352265,0.059972999163266,0.08577971006002844,0.1867696590961295,0.23609175944417274,0.12866417311902748,-0.006787759948925643,0.010462146460297892,0.06115293081596556,0.0865565082946611,0.03262264982031424,0.01917154029987315,0.03414316533248121,0.07616751968366725,0.09340296267551965,0.05425365271763245
1963,-0.18459117069415862,-0.004847300272078591,0.4248577577524207,0.6296454271929971,0.19303986367952025,0.4541107520206359,0.5059642187430833,0.9185617364263056,1.0766306016420357,0.716559467426432,-0.0625443191012098,-0.03879530005181581,0.0237303927029037,0.050482849578687185,-0.007415111261398571,-1.002521119720891,-0.7592456269914176,-0.26829817957003566,-0.1269636583114515,-0.4842186335282434,-0.19846754217928167,-0.01539462208571532,0.4206213972770557,0.6279551794373043,0.18702690082129955,-0.8861357009450652,-0.6751585524745249,-0.24100573425892372,-0.1283581250186456,-0.43040666875867284,-0.2906393621869675,-0.2151680484267675,-0.05508555211714633,-1.0831925068515505e-05,-0.12711195778402756,4.4936529270949406e-05,0.010544201878342182,0.05046549747846081,0.07287294677076611,0.027516019675064347,0.11226364685171601,0.13121784710110107,0.23900271535854026,0.2847122979681501,0.181398004977257,0.2911281498403361,0.32787677809776417,0.6010699061783927,0.710625001721929,0.4648854742309061,0.0002466349918712353,0.00043989603359665536,0.001129314669836348,0.001430707249566557,0.00075768868039277,-0.00010085599618722778,0.005458140135552758,0.02375253551430383,0.0325156961796352,0.013842198564838436,0.009487936678050288,0.01108359572491422,0.017371721152313342,0.020002642842489225,0.014035372651162246,-0.20452501460431782,-0.15708228394779547,-0.05974921319712505,-0.03339501521823281,-0.10116380506632658,0.031277805409500786,0.035608429034276384,0.06431719338529696,0.0759630953519736,0.049636282973658366,0.06164126480906662,0.08815791502235329,0.19160304680318757,0.24215109064037654,0.13212378460514823,-0.013640075259233298,0.003245984916839689,0.05244818569996841,0.07738891051241965,0.024933268812036256,-0.07200891004654902,-0.056628499064594565,-0.013929528581258172,0.003611890384981438,-0.03428262794804042
1964,-0.1960496356613656,-0.009680961044622214,0.42915689437317966,0.6373862153773641,0.19256086414704748,0.4622447618498902,0.5150724248985648,0.9334257513224524,1.0937249375127072,0.728761235696956,-0.24790590218758832,-0.21154829182941898,-0.11721374042760457,-0.08780935247504093,-0.1610178224411186,-1.0271107548723486,-0.7781203438479766,-0.27512043148836857,-0.12998857414115422,-0.4964949018890683,-0.37129321380068697,-0.17914983102052728,0.2674397862010063,0.47546364593468227,0.033564153576047515,-0.9079489025664105,-0.6907700869111101,-0.2466704642855084,-0.13089643179121158,-0.44107998987620134,-0.3022316597341511,-0.22404598186199617,-0.058326503761363675,-0.001669872275071843,-0.13293423041430769,4.551143800675583e-05,0.010689675464358107,0.05119878851454671,0.07393355401585477,0.027907907242125295,0.11463856687259949,0.13396977244472125,0.24353072253054384,0.2900141506927959,0.18497874128200675,0.2951417649695063,0.33244717266139356,0.6088721343202893,0.7196041831804812,0.4711523122346247,0.000274217939928081,0.0004892724061880917,0.0012546209851637049,0.0015897168840944065,0.0008420370480842097,-0.00010304769002780504,0.005586172606898689,0.024290827447446033,0.033228821800136865,0.014163867827307362,0.0105838376793233,0.012357525800562185,0.01936862883454615,0.022287355438573655,0.015652126380840632,-0.2057949934480717,-0.15799761036014334,-0.060028682079252264,-0.03358974357843873,-0.10172361321349796,0.03172956399933472,0.03611952169042354,0.06521871232462949,0.07701443452776133,0.050345235920338995,0.06339878956436719,0.09064740907404187,0.19679774423250904,0.24860753148686224,0.13580607358131902,-0.019024528232797586,-0.0019315138734456296,0.04612559264645084,0.07071042790758864,0.01933755718742635,-0.2602242181533331,-0.2282695151860785,-0.14306543895522236,-0.12175431927849273,-0.18362753803880405
1965,-0.20398520994437858,-0.012135994029270545,0.4349908312411382,0.6458365427183047,0.19473960170563948,0.4705132908187272,0.5243305021342253,0.9487338795565051,1.1114206393808042,0.7412373955653162,-0.27109816028714534,-0.23356964710260134,-0.13724684572989743,-0.10664824890178204,-0.18315146739521415,-1.0486125503215094,-0.7948574363544039,-0.28042738501113834,-0.13274931181975128,-0.505958859648121,-0.3993470252242796,-0.20238457802588453,0.2487893626520263,0.4564046289764784,0.017140037306776088,-0.9251576363841524,-0.7036352539893567,-0.2508487323053727,-0.13217574937315724,-0.44808670029883707,-0.31310924095659437,-0.2327628652918292,-0.06137746323733027,-0.003259121558095234,-0.13845135951634827,4.5500348419861845e-05,0.01072818152243899,0.05147288575749501,0.07442790513014655,0.02801360972498731,0.11700706405767224,0.13671227789234844,0.24822591745622477,0.2954799211899432,0.1886094245199506,0.29900805603989683,0.33683179631674937,0.6165524535755985,0.7286022197925274,0.47737972250221034,0.00030438487876410515,0.000543206063276237,0.0013919333991181504,0.001763890276509703,0.0009347528017578135,-0.00010528948074171764,0.0057142961250093004,0.02483942755644521,0.03395580099364092,0.014491707939797118,0.011820078872175118,0.013816390227512246,0.021647804272977557,0.02489890385902121,0.01749687624276472,-0.20697815220928142,-0.15886962598073512,-0.06031352490112099,-0.03375157522569852,-0.10222128440418057,0.032180836404389984,0.03664106161116518,0.06613480052949008,0.07808960893858732,0.051064659606793614,0.06488948852480786,0.09281615052250457,0.20149430074112382,0.2545092335070235,0.1390408449224093,-0.02259549497546977,-0.005169059653234243,0.04195241739831203,0.06598875303761598,0.015773095870860877,-0.2811243106802997,-0.24782654401418136,-0.15814501480246335,-0.13184867523096347,-0.20233437820298156
1966,-0.21050068274159492,-0.014209935019838362,0.44209059234966747,0.6570885225993313,0.19786188848539243,0.4792008855990798,0.5340738801220339,0.9648063242389314,1.1300670562542963,0.7544225698066093,-0.19396360508445837,-0.15941684163180952,-0.06986813292387659,-0.04437063790372376,-0.1127401599932715,-1.0702682540246475,-0.8114910144547343,-0.2847749706018722,-0.13539138940483877,-0.5157433596770988,-0.33256185463299576,-0.1289986565256933,0.32388240651621913,0.5340972124651043,0.09254823544435198,-0.9426157857363846,-0.7161961682211534,-0.25462955720284947,-0.13399111807727904,-0.4558501711209395,-0.32390774325147825,-0.24101171330403318,-0.06428022636877842,-0.0047110978887580455,-0.14369403979745565,4.5721467885034046e-05,0.010798354757141396,0.051871541689538135,0.07495539486354849,0.028190194275959812,0.11921240860359571,0.139285588279773,0.2527457727107344,0.300798697539268,0.1921033629980649,0.3033032987630086,0.3417500382798421,0.6247909687246377,0.7382804221640727,0.4840285879745704,0.000340074865300734,0.0006067694417768197,0.0015539460400981078,0.0019666636585295126,0.001043345082871237,-0.00010747777204181767,0.005834462019346658,0.025370308999393066,0.03468286997082636,0.014807634362469645,0.013219721246183674,0.015458937689766885,0.024234446710353783,0.027853548889264713,0.019577148700308803,-0.20813322548768817,-0.15972378987566538,-0.060563695841840744,-0.033861103205194906,-0.10271868118845878,0.03266035310902547,0.037180537368492195,0.06708408394206047,0.07919865655339027,0.05181031272132536,0.06647782146816497,0.09507926977584141,0.2063147206845542,0.26055148000723444,0.1423991400838511,-0.02303824436360095,-0.0053916856205703965,0.04148132950827315,0.06537202790831495,0.01554289384813879,-0.2004482152094653,-0.17396600551932037,-0.09038921285980453,-0.06499173281608017,-0.13233704823959386
1967,-0.2146067173059948,-0.014733404913536984,0.45019445012680065,0.6690172939403095,0.20173151792720992,0.48841633729071826,0.5442599098305175,0.9818067205234633,1.1495501433032322,0.7682975624973309,-0.13600709028736427,-0.10286890021567827,-0.014611881946948126,0.007371294208042032,-0.057187780962458995,-1.0907121569102434,-0.8262741137442404,-0.2894265107162024,-0.1370872024836917,-0.5247595077360527,-0.279814969965609,-0.07399230063593307,0.3875315619953853,0.6007367749357048,0.15185854201180743,-0.9600909498451758,-0.7296510844358114,-0.25886498507246025,-0.13608740035393385,-0.46395515803409026,-0.33370689733833725,-0.24865286950139057,-0.06702023348304927,-0.006224929695907487,-0.1485542041591712,4.626375868592967e-05,0.010919483608953527,0.0524604627262336,0.0756883319615236,0.0285074017871047,0.12128326998502388,0.14174846179280123,0.2571686250594129,0.30608341117633386,0.19548274570030733,0.3080383102818266,0.34697314206685537,0.6335720738721006,0.7484932133955475,0.49116449535525203,0.0003887535358203999,0.0006940331671031588,0.0017744814230433099,0.002241061201452655,0.0011933848316144362,-0.00010963123933407596,0.005954519193949588,0.02588732617987642,0.03538883132555346,0.015113347767702297,0.014810652186861253,0.017303407727857257,0.027154794006806,0.031191393182332394,0.021937865706197678,-0.209214975809297,-0.1606146735068368,-0.06087491949510594,-0.03407700790648178,-0.10325065061674141,0.03315501013235311,0.037747992101842584,0.0680775314671857,0.08034542809441717,0.05258292823712081,0.06818474920554553,0.0975766623907183,0.21152427470962817,0.267140464711627,0.1460569524080309,-0.01983874934456673,-0.0019238063352068127,0.04561982600048143,0.0697497868528731,0.019442897418165753,-0.14374212225360306,-0.12079624304254988,-0.040879166676025494,-0.016999627373938883,-0.08198060768096632
1968,-0.21947943760479685,-0.014758015300194927,0.4587998499039143,0.6823426736377382,0.20634015115043103,0.4979277131878195,0.5549258151571919,0.9994455314626146,1.1699132102062098,0.7828193498537602,-0.10221132262653092,-0.06753066725781579,0.018481256011801825,0.0394618532939613,-0.02312656758600869,-1.1113847035899633,-0.8423777268333892,-0.2937849386605027,-0.13845737663432317,-0.5342115828096088,-0.2491072594163147,-0.04031015866954022,0.43147968082474913,0.6473893227711429,0.18960319075793675,-0.9789071881480584,-0.7425295509574938,-0.2633007910364928,-0.1388511141728188,-0.472335667293563,-0.3439680380663112,-0.2565062120507826,-0.0696394458971275,-0.007604679120639811,-0.15358172602232267,4.6915026469570704e-05,0.011062932087084336,0.053126419934297384,0.07665620261921152,0.028874010367392608,0.12352089301373397,0.14437777438240998,0.2618357292785867,0.31160474366875646,0.19906240945697098,0.31270517194343406,0.3522166961002434,0.642750723377016,0.7589774520135986,0.4984863048403106,0.0004542969131585062,0.0008088295132927997,0.0020634058720727733,0.0026001026337703387,0.0013900699609163758,-0.00011191117092540837,0.006083206238660151,0.026440178059957416,0.036149742142463415,0.015434368607327748,0.016598649763095448,0.019396002202843918,0.03043679968609042,0.03494148874072608,0.02457608415737543,-0.21069623714941288,-0.16183061055998485,-0.06135902578406812,-0.03427855331404665,-0.10406969329332735,0.03366258462955585,0.03832520874360934,0.06909327516993646,0.08152421103422079,0.05338110603018058,0.07006840751035795,0.10026874929583758,0.21717194738963777,0.274096447318336,0.14999526380529624,-0.015314305944241106,0.0029546679406374557,0.05174128144769442,0.0763826184646275,0.024907450433055655,-0.11448896519777643,-0.09174801499911643,-0.0065494186927692166,0.004580244151734606,-0.05374657402487712
1969,-0.22427437193822686,-0.015349589565143783,0.4690723668717516,0.6948156224180091,0.21159480111148898,0.5082939427742035,0.5665540005677728,1.018438913404042,1.191895760371188,0.7982910701020471,-0.0903934728018436,-0.05539901072778565,0.0277018135347334,0.04977973186172773,-0.010582819487978953,-1.1342380351109305,-0.8586905806608061,-0.29868782369800945,-0.14055545486357063,-0.5435337428218328,-0.24156540565839976,-0.030437355029898094,0.45303570739832066,0.6740481070877029,0.20553568304633543,-0.9975715321039615,-0.7563989930208396,-0.26720597453758005,-0.14111920613252632,-0.47989624182094937,-0.3554344063517199,-0.26519810372469,-0.07239225495463875,-0.00903646820192047,-0.15910323188149694,4.7437507280927584e-05,0.011191007004738044,0.05373702557264467,0.07756199957337952,0.02919964281371598,0.1260239619548531,0.14732343505134293,0.2668450893709695,0.31751048868979087,0.20294143586170843,0.3176782482167249,0.35796742454739944,0.6523121012151828,0.7700344272641801,0.5062649475335824,0.0005197811045180741,0.0009260621373341062,0.002359887440533697,0.002973909741499472,0.0015907004556310628,-0.00011438447707298011,0.006222898649219068,0.027033485792622023,0.036958024463197015,0.01579083342558593,0.018569534764436988,0.021741176657042453,0.03412255293160831,0.03917737303889344,0.027541112073342644,-0.21252920697938887,-0.16319092991627404,-0.06199916342582797,-0.034600082567873634,-0.10508222858393657,0.0341755867734889,0.03891501536774867,0.0701326956662084,0.08272669144229941,0.054189955518995414,0.07176731881467685,0.1027118340639461,0.22247145981551186,0.2807217430286357,0.1536533092027899,-0.011749404302395105,0.006885984974907826,0.056843579528577194,0.08192760679506218,0.02923730149188053,-0.10661204497226445,-0.08578287225572385,0.0018510666006088833,0.004834746391200028,-0.04474464658411962
1970,-0.23313460246962192,-0.01863300708608169,0.47922599618194,0.709698523830373,0.21584594713170785,0.5202879301587697,0.5799229325425836,1.039475275267141,1.2160570245954507,0.8157093538573914,-0.07262584155000348,-0.0387690667785,0.04164537674342271,0.0646641091524653,0.004643952004903092,-1.1615032471093254,-0.8788254106692575,-0.30540631469535173,-0.143722794664678,-0.5563698487693606,-0.23314983088607472,-0.018747384380551787,0.47863824529918503,0.7050762149451144,0.22483300579950277,-1.0194234861519125,-0.7729401405623639,-0.27243390497044323,-0.1434246001000857,-0.48996709448452325,-0.36920539053155366,-0.2757804499738113,-0.07577195842425273,-0.010286689750068164,-0.16581184172434937,4.8278179946238195e-05,0.011363461044774394,0.054557961801410135,0.07876490718823966,0.029663499662203573,0.12880140306123686,0.1505076166779918,0.27225380765136825,0.3238525609109038,0.20716061414193704,0.3236413807782146,0.3648228942459502,0.6633199738824265,0.78252974259693,0.5150798875176495,0.0005756597457281798,0.0010263427304022048,0.0026178109111624406,0.0033036885953181654,0.001763598950222901,-0.00011706495544628766,0.006373142218472247,0.027679535484730285,0.03783832377467387,0.0161780937475543,0.020784952550543245,0.024349501996721003,0.038245092575426534,0.04393727001659486,0.030837303615309168,-0.214298357770643,-0.16461010550525906,-0.06255064514695023,-0.03488685601103578,-0.10606603024610636,0.03469315725993218,0.03951156616120888,0.07117812797009339,0.08395065518148424,0.05501951954336799,0.07378223917067578,0.10559649857091502,0.22844122545257609,0.288243412831886,0.15782796639227128,-0.009202876259920655,0.009448499555223585,0.060448625941699266,0.0858308291097417,0.032185131125690825,-0.09059478734842395,-0.07263946253326849,0.009902043785866888,0.0155646670832094,-0.031988273020827865
1971,-0.24013158703661308,-0.019682965148150367,0.49018165102814026,0.7263631213990114,0.22086081756403877,0.5327787648692073,0.5937941253893011,1.061822145412246,1.241646290498313,0.8343067892548168,-0.045176064699954784,-0.013015609291370666,0.0643760109737802,0.0878820175924697,0.028039400173043735,-1.1901848891180355,-0.8995801721458483,-0.312098957236335,-0.1460121142619694,-0.5696659412929403,-0.21622623518750067,0.002648134912720934,0.5142051690773554,0.7465798194499705,0.2527570109947834,-1.044425769970126,-0.7909097614818581,-0.2787886035260457,-0.14657595678721008,-0.5010944652213427,-0.38278609067990255,-0.2859024813582338,-0.07907147927574193,-0.011591033850723485,-0.1722691264152008,4.951583247373587e-05,0.01161917028469696,0.05570839919559268,0.0804406231247818,0.030322166497017328,0.13169373597470355,0.1538695481154372,0.2779346225784806,0.3305428765618793,0.21159472315095823,0.32981428192545953,0.37174460844549423,0.6745679158231035,0.7956730701769518,0.5243540073770311,0.0006458033549307336,0.0011523910030583591,0.002940030138348052,0.0037082205988088804,0.001979143231925976,-0.00011992467816498363,0.006536600724892599,0.028374286088095977,0.03877795741940884,0.016598060771185915,0.02322210296681912,0.027219876721938954,0.04280491837883281,0.04918992123052915,0.03450359008888734,-0.21600472842422802,-0.16595398975664966,-0.0630332042552075,-0.03514090045327458,-0.10690493839810414,0.03522278226572948,0.04011004211792744,0.07224623995621293,0.08520825023598765,0.05584901483279802,0.0760376064728141,0.10876497406452809,0.23498054137781454,0.2963563315888747,0.1624791589583479,-0.009590902162525882,0.00910139468435126,0.0604489150029266,0.08611979518599358,0.03190648389366971,-0.06108208298299635,-0.046172889719189855,0.031009971900905844,0.04026684553269505,-0.007831442101045333
1972,-0.24306951134815466,-0.01757644405035579,0.503714067820092,0.7449212223155162,0.22783610066922422,0.5462605945832897,0.6087949775731876,1.0854590997636655,1.2688226984493114,0.8538823549732677,-0.02509675392540939,0.005655526743028295,0.07969670629515056,0.10421661333160835,0.04471654461371796,-1.2156209592019243,-0.9184414970722686,-0.3179829476851178,-0.147055245349518,-0.5814406370829592,-0.2023293100279952,0.020769003188749732,0.545777865704664,0.7830625483498745,0.27577045577685927,-1.069297505812637,-0.8092856191491795,-0.286549873806871,-0.15096702983342797,-0.5135195584104792,-0.39482861928710683,-0.2948446810846352,-0.0817914854769678,-0.012561029779512432,-0.17784146325314654,5.138859415422934e-05,0.01199506418848,0.05738587603664,0.08288130484565606,0.03134665947157556,0.13458007950150963,0.15724294721704535,0.28379054658795067,0.33735204992416573,0.2161019947663136,0.3365661540796527,0.37939329522246346,0.6868331670012098,0.8099142434249937,0.5342819750126891,0.0007320475462850051,0.0013061950491442954,0.003336316280684677,0.004202044164198731,0.002245220747440679,-0.00012283175977473665,0.006704920038618935,0.02909350412888974,0.039727646726539764,0.017020965781570124,0.025884787626638737,0.03038374907536686,0.04786283068774879,0.05503396950971479,0.03854618566362002,-0.21761008419248004,-0.16712563183763837,-0.06347803430703354,-0.035203768125290594,-0.10766988683933523,0.03575652019879051,0.040727871141103676,0.07334092265512657,0.08648941201792439,0.05670540237051251,0.07848092559489,0.11218120678964379,0.2421905325705767,0.30523096642375813,0.16754396564330037,-0.011620638267537238,0.006989195399236645,0.05827099833472829,0.08401960141415055,0.029719493116630948,-0.0377817874733718,-0.02439603265255705,0.04559705930799391,0.05918956114216908,0.011646840074159158
1973,-0.24430902347956282,-0.014186813917550719,0.5197273224612348,0.7666910183507618,0.23729291070240502,0.5626691560343201,0.6270181701533506,1.1133729756126887,1.3006190242675302,0.877168543861824,-0.013906273086567323,0.015414635902861771,0.08607620786844752,0.11138773616018671,0.052331295846973463,-1.2420795510611748,-0.9400017045427099,-0.3249538822480546,-0.14916532861144877,-0.5945585207406361,-0.19565571836036785,0.03183977743908032,0.5705607815986011,0.8136223680955011,0.2924432915495356,-1.094074844664492,-0.8278835543935102,-0.2934746787268366,-0.15477710095215855,-0.5261864883318812,-0.40819169483290973,-0.30479788364972876,-0.08475044376191691,-0.013425129975421491,-0.18389694034328674,5.302419740392241e-05,0.012371114356878618,0.059023607404823104,0.0851329750109894,0.03229186359990527,0.13732928934775818,0.16040961844739798,0.2894377464009965,0.3440518208416935,0.22043697999988385,0.3461299901154078,0.3900871886002829,0.702943489853235,0.828038494999309,0.5475042853286395,0.0008128821917536669,0.0014500758944444143,0.003702822017130355,0.0046711744144357584,0.0024905388772606682,-0.00012567601193568556,0.006864458889446285,0.029786123151442145,0.04065661944665913,0.017421336330539737,0.028820853475595803,0.0338685931514785,0.05344048554293604,0.06150575807537278,0.042994550004111676,-0.2190643955344364,-0.1682509925129517,-0.0638812158964451,-0.03545407664088112,-0.10841012076589623,0.03630359559031672,0.04135828045612212,0.07445841070907343,0.08779410999431303,0.05757429287470908,0.08071982527025774,0.11538646322728285,0.24904655918597468,0.3137531161935987,0.17233473994996992,-0.014722439180953046,0.003784694613811972,0.05469660207986537,0.08030541132394889,0.026410841287373338,-0.0220909870759888,-0.011706744324682326,0.05344725190859825,0.06850541826253925,0.02163252092228081
1974,-0.23953387007459823,-0.006950174661402672,0.538755896895244,0.7908492199084542,0.2505434679951869,0.5790080691086138,0.6451290093055874,1.141962864207637,1.3333379176013869,0.9009364724062976,-0.009684942715189899,0.018186866515055772,0.0855486771555665,0.11091923150130314,0.05306057234699219,-1.2634707135124799,-0.9556212159538815,-0.32917969804146746,-0.15052186369905823,-0.6033471123618386,-0.19019301422311707,0.041488772129408956,0.5914481113786757,0.8405384745847513,0.30604256359066806,-1.1148579712064104,-0.8420785586596359,-0.29737978450309765,-0.15714546862425738,-0.5345936415763158,-0.4194064154892423,-0.31288775402570024,-0.08679669856159047,-0.013758100384919262,-0.1886609305781397,5.395100781923579e-05,0.012599544651926848,0.0601647924704765,0.08681790580161229,0.03291223612788076,0.13981610127702357,0.16334640174149914,0.29486742662356047,0.35050231897945855,0.22453903511707696,0.35549731462273654,0.40052421127555543,0.7191840481147616,0.8464411973077882,0.5611785693823899,0.0008754539688040927,0.001563521900228736,0.00400363959073587,0.005063718115967003,0.002688483248128504,-0.00012842125155031542,0.007014353879356995,0.03044675871930862,0.04155645369773305,0.017808605753638414,0.03208371876477939,0.03772436035458721,0.05963391078920638,0.06862086810371812,0.04793443032832147,-0.22059269335286863,-0.1694804483581268,-0.06429583664651935,-0.035752693619026506,-0.10914059405282238,0.03686285503762675,0.04200193137349908,0.07559543470307535,0.08912790676108044,0.058465774557782485,0.08218883689238408,0.1176223906698349,0.2542362290715133,0.32042328206882387,0.17576770817056755,-0.019421651635756442,-0.00089946290823147,0.049218217116847325,0.07434352370550294,0.021321392680129996,-0.011289352559184786,-0.004459353848721621,0.0571476261780697,0.07212368751155504,0.027680484038090168
1975,-0.22987420190676658,0.005184867455947328,0.5579658354941941,0.814825046022145,0.26517173444235953,0.5926294243220289,0.6604019529524477,1.1678766032144232,1.3639142489933662,0.9223594856171582,-0.009461174595641792,0.01728359709646841,0.08176767288475911,0.10703086413256185,0.05056872738591693,-1.2785855199469538,-0.9657764414726503,-0.3306775497208048,-0.14990215292567508,-0.6083674802229698,-0.18269125271285874,0.04992450956820382,0.6084786496340513,0.8630779988005257,0.3178118336857034,-1.1289119672695018,-0.8523980190662053,-0.30023222793513193,-0.1586539461837243,-0.539888894628098,-0.4266423019253509,-0.31798179557142997,-0.0875725414429283,-0.013481974582374528,-0.19103353729534117,5.481303530454644e-05,0.012816250510635185,0.06123924201644013,0.0883354452387324,0.03348852813855033,0.1422823242364602,0.16623660708207588,0.3001962938202375,0.3568967286481793,0.2285869623813995,0.3617048117142282,0.40784750304205036,0.7323887523365369,0.8619359278884664,0.5718942294464406,0.0009255740335423751,0.001652487795931108,0.00425466569649328,0.0053888966743689745,0.0028478912995859584,-0.000131166154866814,0.0071637169773441515,0.03110284290563312,0.04245840747857021,0.018187823436110147,0.03561618033452009,0.04191904746205088,0.06634394430265342,0.07643953302252998,0.053312966422391195,-0.222064656677914,-0.17065463193204916,-0.0646644845069963,-0.035904474585547914,-0.10983650170201308,0.0374402809961746,0.04266241654821921,0.07676358980780298,0.09049556352098502,0.059379095325307586,0.08326165464647856,0.11916524156228823,0.2582970840147225,0.325767409466144,0.17833699210420995,-0.022980303894244027,-0.004472909992837775,0.044914894153480725,0.0696527553561496,0.017625648984799194,-0.006561430236590233,-0.0008188737414385616,0.05619199524699641,0.07079343507238799,0.029551153470057535
1976,-0.2253322526727169,0.012902091885949676,0.5746051787109361,0.8353522692581586,0.27602673494848917,0.6052626400695994,0.6748063596625488,1.1927956646687523,1.392998087342793,0.9421314502068858,-0.01090119661073537,0.015054325229400266,0.0773838462493623,0.10226660530515429,0.0471412248290697,-1.2966537012856794,-0.9793153641343862,-0.3342448980593553,-0.15007828196495007,-0.6160804854406705,-0.18137871688936355,0.05362702349157189,0.621631559706714,0.8815376743036685,0.3249970417691058,-1.1463841042725451,-0.8651212210506068,-0.3045151753271411,-0.16094429461483073,-0.5479196715239296,-0.43500746796460477,-0.324005170270748,-0.08883038113312822,-0.013177381832027081,-0.19426266627366606,5.625212828432331e-05,0.013152849360702198,0.06271300502510535,0.09047100180691012,0.0343030136661876,0.14484066288614644,0.16925755295838768,0.3056846530785354,0.3634790405383477,0.23269320901570767,0.3666926980474792,0.413717880379721,0.7440331527975601,0.8757544606745379,0.5808072903819099,0.0009765761955967012,0.00174009110004309,0.004497275679360043,0.005712369356999105,0.003003117702965314,-0.00013400722120199073,0.007321276353430279,0.03177477392101404,0.04338908496186986,0.01858265201136334,0.0393203953106843,0.04632451132115838,0.0734954054392682,0.08470242187079088,0.0589873325316775,-0.2234426266945175,-0.1716340841773373,-0.06499809239827477,-0.03609913581460684,-0.11043779118231148,0.03803420155255887,0.04333543626441291,0.07796266925331706,0.09189739580962196,0.060316144150401804,0.0846034337058047,0.1210747302336641,0.26287624839641316,0.3316663259920921,0.1813246723297313,-0.025633997214396055,-0.006955229611870449,0.041928764107248676,0.06660485275832155,0.01497580363883067,-0.004658639970098009,0.0012441339151739365,0.05337854628185672,0.06734834016097592,0.029171472138335673
1977,-0.22183590344342413,0.018510163997796508,0.5914127897839927,0.857575131341526,0.2868036948931669,0.6193886870821894,0.690943010351959,1.220279440651996,1.4241857120259178,0.9636655951651543,-0.0035738893062016576,0.02190645141894857,0.08349849784477628,0.10807620991809833,0.05340691041456212,-1.3184780442014983,-0.9952287290779342,-0.33892086554150247,-0.1507516094288037,-0.6262488408323205,-0.17101053452008486,0.06586886923124763,0.6448308935313269,0.9112140282084832,0.34126935393550417,-1.1667108854312616,-0.8809782218386927,-0.31069324830052025,-0.1647167465518923,-0.5588225819992809,-0.4449849574320133,-0.33116937140145786,-0.0904401520406439,-0.01284892568868133,-0.1983580139186964,5.829462979137639e-05,0.01357790866104163,0.06465542209477237,0.09314487266776922,0.03543435280952065,0.14749937790152198,0.17242439728154915,0.3113755263141377,0.3702277545852237,0.23695148517106113,0.37340887575515974,0.42128705039317493,0.7573346278582505,0.8910824343860694,0.59109032011544,0.0010381705329931704,0.0018483979591134092,0.004785909475755332,0.006082356016020932,0.003187928848342003,-0.0001369668426200594,0.007483010175553612,0.032473609164624655,0.04434374169012917,0.01899276284668381,0.043156554808444235,0.05086075831086318,0.0809126556336175,0.09330413976822857,0.06485399907960343,-0.22482712943063143,-0.17267855932099488,-0.06532480578260465,-0.03631526893660967,-0.11109590702046263,0.038645843519135255,0.044032638781638773,0.07918465211024239,0.09333475086944942,0.0612721571536224,0.0864009835382076,0.12358361072123678,0.2683013841593051,0.33871079768507034,0.18505493352796892,-0.025640050160989854,-0.006834094900946906,0.04204455166732353,0.06665948221213829,0.01523808945405422,0.00433100989237926,0.010606432698829889,0.05817786942167318,0.07234142128603759,0.035004468082994664
1978,-0.21264031883386428,0.030492537785271893,0.6125709256972203,0.8840227085441377,0.30142308617209224,0.6357583470155613,0.7091724160161983,1.2498737817234769,1.4587572906661197,0.9875691720023062,0.012289765449074088,0.03752404874477556,0.10057562317136816,0.12575231203989362,0.06894555380170986,-1.337128368037943,-1.0085677084378195,-0.3418519650827056,-0.15062569685326316,-0.6337269380906825,-0.14862451063147147,0.09333615896735106,0.6822128413587901,0.9549107932225659,0.3718037765419756,-1.1848225913507093,-0.8955039244666928,-0.3162386051068677,-0.1678415722851935,-0.5680362035795234,-0.45351197904281654,-0.33703613750913414,-0.0911940950541967,-0.011907828240858162,-0.20125577608690082,6.046121780754309e-05,0.014045016111227467,0.0667842238808305,0.0960975979076072,0.036636147401397715,0.1502911917664789,0.1756858982858619,0.3172299083311084,0.3772011072225639,0.24135643031395138,0.3817767490350888,0.43068811691122977,0.7725452986771344,0.9091019915825552,0.6031967756684508,0.0011106619944089974,0.0019781763544276494,0.005127083198164943,0.006514978366926575,0.003413360500794561,-0.00014003791221799252,0.00765159053514722,0.03320438832302886,0.04533890254185705,0.019422117952842335,0.04705440397573705,0.055515296006969986,0.08859108408749865,0.10231849121084899,0.07086022429310751,-0.22640622037760166,-0.1739407918383485,-0.06573634680749123,-0.036491947697855666,-0.1118471438276413,0.03927172668012957,0.04474657825598127,0.08044869776773217,0.09481029994001965,0.06225753045048752,0.08816829916406553,0.12609373581389358,0.27387626302125945,0.3457751819963103,0.18881587290765353,-0.020811374695352162,-0.0016531827784265266,0.0483496866496837,0.0733905207951797,0.02090852149840893,0.014865007393518677,0.023011172224972017,0.06741339518699176,0.0826787165372791,0.04501463685270132
1979,-0.20400005815920713,0.04274513532914128,0.6342114687921847,0.9121684379595928,0.3165481964561452,0.6528429629967868,0.7282202268689606,1.2808040790506159,1.494897201693201,1.0127959607455757,0.028504020428629814,0.05381075432888434,0.11944158191565087,0.1460352018997188,0.08573457279453806,-1.3558065374416297,-1.022369480057472,-0.3451477827734938,-0.15090634678180548,-0.6418445923377654,-0.12220003880965016,0.1221081181024875,0.721400160150795,1.001096887446145,0.4036333809194573,-1.2033920107706297,-0.9107225378015686,-0.3218606018841797,-0.170927814143135,-0.5773701200121882,-0.46192676860488774,-0.3428144248822415,-0.0921106232031102,-0.010968829511246928,-0.20432348004387108,6.249704362895357e-05,0.014514021352361774,0.06887254210396808,0.09901840524106861,0.03781223509354997,0.15315230891246998,0.17902158565979326,0.32317963202188943,0.38429241737470543,0.2458893480102014,0.39069079103210663,0.44070351297180593,0.7889195744739812,0.928040204162773,0.6161902611017142,0.0011870271333802552,0.002114677882346385,0.00548448246260603,0.006975847089117427,0.0036494407226404335,-0.00014319808686256638,0.007825598898992061,0.03395615564533349,0.04636214334043453,0.01986304442131353,0.050990820574836955,0.06017590208492666,0.09637092374712104,0.11145191959160154,0.07693385226763212,-0.2280480186707744,-0.17521481066499003,-0.0661214497960076,-0.03671007922359039,-0.11261341338913344,0.03991589767113306,0.04548079105739423,0.0817519702289098,0.09633536736413023,0.06325999050509933,0.08987180296428726,0.12857148828140205,0.27936103676413415,0.35286440876793657,0.19254231386172863,-0.012890935469116386,0.006940713614650186,0.059223059100962566,0.084981094139327,0.03047514416028546,0.021878767327332044,0.03167128183407774,0.07417869033621849,0.09011807439382602,0.052654181901492896
1980,-0.19168770578586022,0.05676734969072814,0.6575816687128733,0.9403444647993628,0.3339545425383327,0.6709199336122676,0.7480711883642293,1.313108054644398,1.5324832109237523,1.0389974604820313,0.03577028233485461,0.060874778305493336,0.12817895308585311,0.15611273194786562,0.09304426789540816,-1.3728302772521097,-1.034742925979942,-0.3483918599878283,-0.15112599122861667,-0.6486082437981497,-0.10388113295171524,0.14354554107855075,0.7526965168747203,1.0391621821409833,0.4285741578014303,-1.219847127405161,-0.9229919422318157,-0.3260254132003332,-0.17342405008456982,-0.5851663489771628,-0.4701293792803736,-0.34849878993755895,-0.09363555198039135,-0.011221063883273024,-0.2076488084132776,6.350450513202123e-05,0.014776123196065246,0.07022273318116379,0.10102922550255299,0.03853894756963892,0.15604437341244312,0.18237973228165613,0.32922361774845316,0.3914926084651691,0.25047600565628125,0.40045933008548734,0.45177289318437613,0.8065254606921415,0.9486022181749766,0.6305894080326556,0.001261423807200319,0.0022449776766597144,0.0058318726002615055,0.00743320581981298,0.0038772546883603237,-0.00014641576627556443,0.00800241023399676,0.03472693515154993,0.04740098819342068,0.020313704538460757,0.05492813836354138,0.0648058921267279,0.1041961010077673,0.1206631640512443,0.08301210655938229,-0.22952592189027649,-0.17633146151896992,-0.06648416496345355,-0.03682844132631909,-0.11332754758752547,0.040607382705749026,0.046271308795228165,0.08312490328595919,0.09793569763979453,0.06432979100076125,0.09136176313176404,0.1305951012853407,0.2841969823690576,0.3591417144006576,0.1957476723313118,-0.0066284349487338995,0.013665155778748089,0.06818440151231074,0.09506609540632201,0.038094761716994024,0.022909651753146024,0.032926498357276256,0.0732514737451464,0.08893973968243504,0.05279326264197337
1981,-0.17242257693584276,0.07668981821248079,0.6837966040678233,0.9721521872107568,0.35612814388527136,0.6886615905709049,0.7677534960473225,1.3462558993023437,1.5709390274626103,1.065646122914087,0.03253952895259339,0.05714322448025482,0.12442874130145244,0.15350054792484807,0.08879094898694015,-1.382692922977514,-1.0407709569310073,-0.34857245314868307,-0.1499618573319891,-0.6506226776447336,-0.08901482795578552,0.1600808006848579,0.776286980960457,1.0660923483348437,0.4474701854717304,-1.2297135764497242,-0.9296763739717941,-0.32741092480640427,-0.1743060511882497,-0.5881260510438497,-0.47539618893886404,-0.35195931997177443,-0.0944577578799654,-0.011525942888781626,-0.2093186503924248,6.358808201447993e-05,0.014848166072069428,0.07084499338401969,0.10195578948321644,0.038776136808812624,0.15886059853656223,0.18569693287623001,0.33528026825770535,0.39868104655359876,0.2550617587645409,0.4100867542632541,0.4625610139637984,0.8244172057737168,0.9694138777471395,0.645033833503638,0.001320415287071142,0.0023484805954861756,0.006124152282093146,0.007816536536101825,0.0040608699163381485,-0.00014965244945908332,0.008178939773207326,0.035489447849149175,0.04845095804831149,0.020764131513668887,0.05883589140881172,0.06943065613752288,0.11212274696823941,0.13002754716271603,0.08906703817865547,-0.23096835241285732,-0.1775085692935985,-0.06688002190748632,-0.03704644878250956,-0.1140512996902853,0.04139152744248013,0.047164722285767825,0.08462647497015977,0.09968343190142687,0.06551844048625774,0.09220918288709054,0.13198690981829989,0.28792532496316486,0.36405528171170776,0.19802478022100176,-0.003424817601956208,0.017300262508316053,0.07339971711068488,0.10126912586015283,0.04240082826946025,0.01740753165836325,0.026531437431021442,0.06378527662838782,0.0784159753411553,0.044948069430318205
1982,-0.1502893850818986,0.09742464804038119,0.7095414819089022,1.003290115662878,0.3775927799572134,0.7045717337058603,0.7859653671674801,1.377711138539446,1.6079300785108315,1.0906446950638846,-0.0014617080172024705,0.023570553953807496,0.08738443128177802,0.11688320632151074,0.053249034235835324,-1.3899084443228162,-1.043845409826492,-0.34843689410385087,-0.14878145534066614,-0.6518851598104739,-0.10436689348115245,0.14733447567528904,0.7668154468446226,1.0646620157118731,0.4339414084020501,-1.2377522298412316,-0.9361402133569268,-0.32992934439166555,-0.1760033347047111,-0.5929853234202171,-0.47797851907688227,-0.35333687423700316,-0.09480951617489386,-0.011614790641779631,-0.20980028851506713,6.440759669938277e-05,0.015054263038119502,0.07183166169168805,0.1035197305344089,0.039295216562333105,0.16157667392243658,0.1889214829919516,0.3412311250982994,0.4058024147144242,0.2595498746415569,0.41808024333673416,0.4717279410239482,0.8408346323671639,0.9887425113623741,0.6578483562756902,0.0013747564349610383,0.0024439158392820337,0.006397220608146436,0.00818118603878001,0.0042329433309020595,-0.00015286369500908237,0.008353597042403266,0.03624693486790909,0.049494512384573745,0.021206238081019922,0.06272940421928233,0.0740664861213761,0.12006784128826244,0.13948147535529296,0.09515546176409617,-0.23258312000031953,-0.17873037884554568,-0.067217654464764,-0.03728359528507136,-0.11479631213311411,0.04235536525690917,0.0482274736715896,0.08636859729405601,0.10167801375420958,0.06691310275559846,0.09346582482185975,0.13379190391590537,0.2923967055665511,0.3696506137316342,0.20085905966444634,-0.003546205521062233,0.016825981807161217,0.07353432770149158,0.1017204045018951,0.04202518786413648,-0.017781444956899685,-0.006797317355590378,0.02639420969814636,0.0394087864348263,0.010730454764161856
1983,-0.12674572832956668,0.12116233408686311,0.7380521928713157,1.0337325289172719,0.4013453913933466,0.7204977449592652,0.8040988100856341,1.408977693031732,1.645184291652244,1.115440055913698,-0.09629312292327644,-0.06883479129734534,0.0007717776558045446,0.028918082737643177,-0.033238020883711854,-1.393577855035262,-1.0448297680345249,-0.34658399729934886,-0.14575636870933187,-0.6502712596759793,-0.16714647669092988,0.08611528445307244,0.7057401917984212,1.003644685577963,0.37034951018876233,-1.2417660729454492,-0.9395717750871929,-0.33098391907416963,-0.17669684555202614,-0.594475291742102,-0.47908549876010104,-0.3534047777735569,-0.09457263092198198,-0.011288441161123052,-0.20946279441792232,6.498247974977147e-05,0.015197206496429656,0.07264170693210477,0.1046826083797665,0.039698951109624944,0.1641861532842038,0.19199423449724543,0.3469940015558458,0.41275727201109674,0.2638736880441245,0.42610087174579103,0.48086256983745773,0.857267571426075,1.0079507231050286,0.6706465548671686,0.0014386164091078682,0.002554810101157527,0.0067036178519879605,0.008585297878822284,0.0044273227417488716,-0.00015600030179321368,0.008521581080153705,0.03698632981804566,0.0505159950622083,0.02163319419832783,0.0666532133301249,0.07870961863376348,0.12806851808065606,0.14901774373896054,0.10129047250473887,-0.23410031089251268,-0.1799268897279212,-0.06760421472971238,-0.03743825907724967,-0.11555994964345861,0.04331240333105483,0.04932274096860417,0.08817523756699563,0.10374550863244976,0.06834369822431222,0.09433247158768138,0.13497714168221142,0.2958474661256251,0.37417690655173363,0.2029783550117064,-0.006061642983557131,0.013891457999730225,0.07034316610791809,0.09863092598277737,0.038831419415527015,-0.11687221845808721,-0.0996259983724277,-0.05144654212491336,-0.040299293008539315,-0.07313068755684136
1984,-0.1002280898082238,0.14699149959443358,0.7680571439163539,1.0671533787229108,0.42784082273651813,0.7370422708945259,0.8228575967299039,1.4414824343964538,1.6835259003707264,1.1408365873678985,-0.15819436348732463,-0.1271117082128622,-0.05153542050657085,-0.02402719249873304,-0.08719271421633162,-1.3941832915042998,-1.042982530720097,-0.34345826702357113,-0.14232381757904433,-0.6478693558264685,-0.19365171421231187,0.05868068997898713,0.6782303667897351,0.9759841489506511,0.3436265982780434,-1.2437187612053389,-0.9403296095061675,-0.3298347472326792,-0.17569844508166516,-0.5934255212417214,-0.4800117044561562,-0.353419045606805,-0.09360680536481486,-0.010219700206649553,-0.2087774615397229,6.506600099783162e-05,0.015274958288160516,0.07310783151152969,0.10533773013320911,0.03990316481870965,0.1666418534662401,0.1948758563952962,0.35254909481549573,0.41946599033081283,0.2679678817703576,0.4349995123276662,0.490968473199211,0.8747721987572334,1.0282453336160715,0.6842726097543523,0.0015198828035135157,0.0026990828895361624,0.007079795174228093,0.00907225745748073,0.0046754568341025714,-0.00015902688332680644,0.0086850355052009,0.03768491307604878,0.051475277626698804,0.022035267232341803,0.07059047890483797,0.08337402727306568,0.13615608141216176,0.1586722131131877,0.10745987375638319,-0.23570889991847713,-0.18113020678892403,-0.06797904581673395,-0.03759346645636026,-0.11633018864296432,0.04417472413140367,0.050308427396862664,0.08988152728636717,0.10571757783161928,0.06970205576649441,0.09481347225855756,0.13559673268051575,0.2982530095326122,0.3774878234121128,0.20423551515441274,-0.01066555064367688,0.009005392230439394,0.06453317682359518,0.09254488764142157,0.033326067818363427,-0.17828921766923217,-0.15524737727555865,-0.09451627196208254,-0.07950952994091791,-0.12393222368632703
1985,-0.07988166255620877,0.16820666942099124,0.7949030355059402,1.099653069407861,0.4499986154968165,0.7535700875548701,0.8415775069388121,1.4740058193076389,1.7217360849428487,1.1667435662884125,-0.13522659401035256,-0.10476487512969632,-0.03361618324388399,-0.009808667950378774,-0.066221732394746,-1.400242295807189,-1.0467808112199164,-0.34341413693387585,-0.14053945328668563,-0.6489908409786226,-0.1517322443136822,0.10165750710461821,0.7231773621100693,1.0245573018525664,0.38721722708929285,-1.2526198488638658,-0.946741020439282,-0.3320246019981251,-0.17689428248491973,-0.5971770055664027,-0.48304183184799854,-0.3552492491366975,-0.09353622893301593,-0.009569627230823538,-0.20933627360675672,6.613306962964744e-05,0.015517378869533121,0.07422418493903045,0.10702029042257363,0.040517999449923084,0.16893015493221084,0.19763440036903934,0.3578407322326159,0.42597046604581595,0.2718889883285014,0.44400534113686996,0.5012554575076542,0.8924585440569266,1.0490411485669513,0.6981681187381794,0.001614244094189829,0.002869153788690733,0.007515923547694225,0.009635130638876867,0.00496561352075125,-0.00016197479362787374,0.008837966529378216,0.038355118303957346,0.05242034439272744,0.022419953082376674,0.07467183996118365,0.0881495418596786,0.14448597370999997,0.1685381240678739,0.11377313766467173,-0.23708603818187582,-0.1823211472380742,-0.06836317928084629,-0.03780007100271384,-0.11704909955654627,0.04500783434392811,0.05125578113859438,0.09156086826933542,0.10767377170814053,0.07102352127647507,0.09576226443321048,0.1370579614273175,0.30177272444567593,0.38210089316656165,0.20650548526062995,-0.017881627511171255,0.0014788871750328627,0.05554953164677227,0.08294677214623716,0.025275892448659437,-0.14656583323829492,-0.12644289602822203,-0.06761784443486979,-0.051781155485912125,-0.09590295074125055
1986,-0.058443324166309346,0.19067714574466832,0.82259802575113,1.1322512485690295,0.4730560316715113,0.7706161122624744,0.8604413453308062,1.5071313282929517,1.760673250691502,1.1927468586179644,-0.10921277351033956,-0.07830343465282702,-0.007515859309280747,0.013688150752485273,-0.03924625447373943,-1.4062697981979109,-1.0502847791770198,-0.3428223297680839,-0.13845509606431847,-0.6502896302371044,-0.10286155579958746,0.1491120510947552,0.7776801513529908,1.083685945624358,0.43634990807988405,-1.2605555022032915,-0.9527869172582729,-0.3344105874043998,-0.17808444308253193,-0.6010173407043427,-0.48568463007824864,-0.3568031234598014,-0.09339478714709289,-0.008634011961533537,-0.20989690928908109,6.745160107305281e-05,0.015780701521117713,0.07549814874270536,0.10883937857927918,0.041228106684303385,0.17123444228226314,0.2003432900730754,0.3631468726604,0.43234983644800856,0.2757457077700879,0.45294269894842104,0.5113323750943105,0.9101865203604036,1.069861650667866,0.7119829808572126,0.0017186943602212068,0.0030528967473616095,0.007993117657357524,0.010248404605411838,0.0052828759086493565,-0.00016489511810184674,0.008991213907313918,0.03902681119401168,0.0533479392645138,0.022804028457336284,0.07888010871803322,0.09320618656831739,0.15311922068862296,0.17894780933885213,0.12038670011896248,-0.23864922885201864,-0.18335197854327165,-0.0686925784007307,-0.037894333190500576,-0.11769470342077612,0.045869105122760025,0.05225246672247482,0.09330278015820218,0.10970172539682045,0.0723826776940775,0.09688644751920975,0.13874813191240798,0.30561287095354006,0.3871216437218887,0.2090622749958301,-0.02299243911485878,-0.00362688196986658,0.04948420467745925,0.07630371103418897,0.01985569075495474,-0.11301627490436608,-0.0943353074980721,-0.0348436254383342,-0.01917633097211441,-0.06566156129379423
1987,-0.03848512818249689,0.21055736887315477,0.8504168632269773,1.1653927125855323,0.4949974225876359,0.7879906673483158,0.87971126143468,1.540953061697698,1.8006171285298387,1.2191426262286802,-0.09190081175963666,-0.06038067643773174,0.01096107779123663,0.03174432528180216,-0.02071073042349383,-1.4141399710296345,-1.056659181453415,-0.3433358881863867,-0.1372139797294606,-0.6538296869867641,-0.06727309272387988,0.18568450396584835,0.8238884614146473,1.1350431116647763,0.47578089779589916,-1.2715316453529841,-0.9616265680273335,-0.3380879789003153,-0.17996779914037658,-0.6070533735245727,-0.4893130656273279,-0.359378142207242,-0.09367759513778184,-0.00791267295530956,-0.21117984762279463,6.921497575912411e-05,0.01612935195403262,0.07710678101211388,0.11106944554850343,0.04213440264430913,0.1734091593908864,0.20288498262082907,0.36828227978490286,0.4385991367287388,0.27941779068169637,0.4622177603774381,0.5218670004976139,0.9285226451222478,1.0914190817247942,0.726246967327452,0.001832880916543881,0.00325956579033265,0.00852650129375686,0.010928746403196897,0.005639649623420978,-0.00016774254156667675,0.00913814762539439,0.03967538939799272,0.0542533454816456,0.023169565384170233,0.08339117836066622,0.09853130505503936,0.16216577486302922,0.18969326752509844,0.12731446989071105,-0.2400147097407927,-0.18441032006097804,-0.06897381238838632,-0.03796986339655051,-0.11827396166394336,0.0466741566789491,0.053174573817310763,0.09497309907142067,0.11165650197737012,0.07366268825167482,0.0983737065172282,0.14078885160791646,0.3100016051082891,0.39269966349818297,0.21207732593806433,-0.02524309754753758,-0.005647711796155531,0.04682561376907796,0.07337995729622424,0.017638183653667205,-0.0931439780910344,-0.07379890691286589,-0.01021658228527129,-0.0013611726631916233,-0.04557759970242792
1988,-0.019296333849800305,0.2295335695041391,0.8799935236489961,1.200334179880352,0.5170979397902891,0.8069181783704532,0.9009258049763591,1.5767052106187753,1.8423581390423411,1.2475181754286226,-0.06775238842252053,-0.035856923724949925,0.03564920618104555,0.057455241091034996,0.003044632506641172,-1.4246324195871234,-1.0646096577091257,-0.34522380248432816,-0.1356891029644225,-0.6583411516412028,-0.024381900974814966,0.22903359309170462,0.8773042872595591,1.1958808067003783,0.522018658483399,-1.2847320855981896,-0.9723816307753455,-0.34308269929720836,-0.18240841785269574,-0.6143207245763641,-0.49384502947952946,-0.3626317261014857,-0.09394183071351013,-0.0072539563969398315,-0.2126770808986913,7.130479565025432e-05,0.01656414464278505,0.07895580227380658,0.11372492880825594,0.04320144615840052,0.17551258211789858,0.20534811269336528,0.3732110701051462,0.4446909228548501,0.28304387223689054,0.4728257610719515,0.5338194873684192,0.9486098086671031,1.11491055981062,0.7422153534466508,0.001957927668988091,0.003480775668208078,0.009101146990407323,0.011659540282613408,0.006024814054774549,-0.00017054540037799812,0.009279632554957064,0.04030341770599053,0.05511608798424222,0.023526861125044738,0.0881653211697433,0.10414677548515329,0.1717144265422376,0.20099928601785394,0.1346317338756714,-0.2413471016533584,-0.18539567652725553,-0.06927714726446084,-0.03814518671893531,-0.11886406229965271,0.04739639137003295,0.05400879272505837,0.09654196264518203,0.11351617359282339,0.07484091497824497,0.09992732745939086,0.14296263763621586,0.3147908091176923,0.3986382936867426,0.2153196833511872,-0.023213388473623673,-0.003262353940052997,0.049534605530593884,0.07629390931314807,0.020279491700253838,-0.07085105843722747,-0.05154253625203841,0.014269626947303646,0.01800175352465986,-0.022918420121053523
1989,0.003787953112827608,0.2524622307756796,0.9125885227734325,1.2386045943494073,0.5432203159067583,0.8268167840776751,0.9228392947736498,1.6131973562442423,1.8857285775950807,1.2768614607778923,-0.03860084173233178,-0.006566134426461167,0.06596345476355513,0.08989408312113341,0.03182617264962337,-1.4321805008679707,-1.0692638668940853,-0.34452201187893017,-0.13265779246410095,-0.6600419747157831,0.027681849752739865,0.2821812280878501,0.9407940192156916,1.2651389847303163,0.5775381097786674,-1.2953756261715748,-0.9803891753702045,-0.34569385099888533,-0.18406431649872837,-0.6192570337675757,-0.49716260379666244,-0.3651046292561231,-0.09374693144602397,-0.006204981969298389,-0.21351175298688918,7.27778145568826e-05,0.016911667714385355,0.08056909228207793,0.11604691819911774,0.04409363288194422,0.17764538575196576,0.2078710045700935,0.37819522204792066,0.4507860577439823,0.2866393130133245,0.483996198924103,0.5463331369704572,0.969634899928944,1.1393664927586562,0.7589677303369646,0.0020918784794722164,0.003717431691608274,0.009714494247302906,0.01244621322805591,0.006433200358867203,-0.00017339236498757429,0.00941904082923656,0.04094051339870857,0.05603101800315051,0.023886798175387663,0.09297447620208435,0.10989015520261548,0.18146704963308685,0.2126563670302294,0.14211098508631176,-0.24258790526678295,-0.1863149751157246,-0.06953017248453572,-0.03819073144050955,-0.11939192003089963,0.04830513821725651,0.05503632816377001,0.09834572188046742,0.11560318990547873,0.07620143164086676,0.10131560152008767,0.14489630285697938,0.31921323452705064,0.4042060612730431,0.2183053800385465,-0.015290661103606405,0.005174698768319424,0.05992968486812295,0.08754502574575239,0.029676119860321155,-0.04934996243147275,-0.03042736548537151,0.03149489831189765,0.039808967716077455,-0.0037659103254164585
1990,0.027837782188700096,0.2749695057658669,0.9445051837806171,1.27642272540287,0.5685222810834514,0.8453249640613495,0.9432773228047779,1.6488741760885384,1.9282567965419353,1.3053768845575275,-0.014081902693783035,0.017099024155680605,0.09047317112452109,0.11698203308527372,0.055068462077893454,-1.4366925725469237,-1.0727263869675847,-0.3437686383576502,-0.12997663393561373,-0.6611177766128369,0.07487211019669271,0.32681650559897646,0.9968305371607388,1.3280868238960508,0.6256306260805209,-1.303151433673379,-0.9863846128884215,-0.347894843982115,-0.18522497021809783,-0.6232226720309515,-0.5000489334383778,-0.3669949486064018,-0.09373047234376695,-0.005167117932606758,-0.2141622841707942,7.385569458630377e-05,0.017177978272438207,0.0818950104598946,0.11796504237567296,0.04479192774261434,0.1796772867542461,0.21022529159123302,0.38306805057743964,0.456760895382321,0.29009503672698045,0.4940129331430995,0.5575805198804854,0.9894943438596078,1.162777805232091,0.7745737175036547,0.0022119579882849028,0.00393652094470582,0.010294256049676525,0.01319382902616279,0.006813624958021317,-0.00017614947452117787,0.009552990240205358,0.041553069376154946,0.05690607584640599,0.02424080435417731,0.0976763356141939,0.11540675105324667,0.19109497916869433,0.22407508494997536,0.14944597683269606,-0.24369951386171737,-0.1872334989656579,-0.06979898093856375,-0.038252247373826355,-0.11981165285520705,0.04932532991319914,0.05618891217745547,0.10028031284904075,0.11787776040026642,0.07772773829831589,0.10252225222928273,0.14656581063876076,0.32324858399275364,0.40933980905793727,0.22095711864832712,-0.00793751698492217,0.013064728332582532,0.07013148042950591,0.09861332582204617,0.03848564843289683,-0.03167188587074642,-0.015094066309299907,0.0425561677687446,0.05522062603067043,0.011851974184548208
1991,0.040054658750178294,0.28965799595665376,0.9711917632648657,1.3090050654529146,0.5871504896453017,0.8624788455810813,0.96247588653073,1.6835071961744053,1.9695264305940565,1.3324306957422518,-0.0654676021525235,-0.032571501717945414,0.040107010413072,0.06836731731554069,0.005631936769362584,-1.4469764035459842,-1.0818583769128451,-0.34605782228125587,-0.1281881024812311,-0.6679430436449312,0.04218402061589078,0.29413771914884784,0.9747471069113144,1.311664903880893,0.5936324520544167,-1.319589256841731,-1.0006992358310918,-0.35513572152732786,-0.189030720029973,-0.6350800840838706,-0.5036835215061777,-0.3696779546154218,-0.09481328215544761,-0.004845738529492281,-0.2159579268024154,7.635320179802606e-05,0.017702112874099556,0.08417032118169544,0.12140162119181624,0.046126110834431217,0.18164541793462236,0.2125286992134198,0.38772623330232375,0.46257820321019055,0.2935057746701886,0.5031670134029802,0.568053686415708,1.0085431203548936,1.1853590703198296,0.7893965220333441,0.0023030513186982115,0.004098987541144761,0.010752824218327581,0.013795753259676151,0.0071020933580249555,-0.00017884950760586164,0.00969018692506039,0.04215065445594507,0.05774316458119636,0.024581346976611115,0.10207611268362853,0.12057707345582877,0.20026343332041305,0.2350801050312086,0.15639271652037678,-0.24464695038038844,-0.18788512295767404,-0.06998961620272108,-0.03825304839227918,-0.12015269394187134,0.050325070237326276,0.057321297430903924,0.10222933321880276,0.1201526916255947,0.07925669189691661,0.10465988296791223,0.14975080510041966,0.3294707089867395,0.4170730436005243,0.22542349944688325,-0.005027457475085329,0.01645090412202808,0.0749429893549172,0.10431778761544122,0.0424944819804591,-0.08875870025332215,-0.07176916885900295,-0.012583378778301025,-0.003925711390505983,-0.03894456384352067
1992,0.06548122598994355,0.31351348115888367,1.0026133179805574,1.345334269769398,0.6117102746264069,0.8781056776090851,0.9800781304458971,1.7165512229785618,2.0085009113915953,1.3576755975154087,-0.29257762660653147,-0.24566108696285072,-0.13004199790915225,-0.09416842050119727,-0.18256836550228983,-1.4479600208066723,-1.081248584067951,-0.3436755576251894,-0.12390223966684495,-0.6660697701994815,-0.12485654870208421,0.1282434501328163,0.8132879771774043,1.1502443999818281,0.4302415336337889,-1.3285295306941762,-1.0051808687280832,-0.3566569940030488,-0.1901392970208916,-0.6386114193591839,-0.5037394275662842,-0.3692345351839444,-0.09428347094105052,-0.004098410969131539,-0.21522302259636833,7.735505614545316e-05,0.017963869814889743,0.08552926376003354,0.12328691819290943,0.04683526987228939,0.18357989708155925,0.21479587101670647,0.3923067603398395,0.4682649428245743,0.2968539880161746,0.5111929266267884,0.5776145029534632,1.026387646197007,1.2069321725507787,0.803073315869977,0.002413237955180837,0.004294247956139491,0.011280461253721348,0.01448171829543957,0.0074432521345956845,-0.00018150998621549005,0.009821234220000875,0.0427399250987184,0.05859108676459466,0.02491320942691255,0.10608476104329737,0.1253519504133145,0.20893610380674513,0.24545456069385954,0.16284996562062387,-0.24529414490905066,-0.18833265182566933,-0.07004971929774428,-0.038189277580706005,-0.12038780561480933,0.051222492326379106,0.05835220566204892,0.10408464292190343,0.12233398607271324,0.08068585241619414,0.10617485915097366,0.15181121150422255,0.3341609182572894,0.42314477508013654,0.22865804778349513,-0.004282065723952325,0.017077357670525817,0.07650848866547061,0.10627352523836098,0.043466933363954074,-0.32934012044085836,-0.28793394877869727,-0.1800377512400321,-0.15273575156421546,-0.22891521653916755
1993,0.09816062430959921,0.3443949519772764,1.036214969898117,1.383502105689111,0.6427386061663805,0.8914565509467429,0.9950985554629208,1.746767247994239,2.045023477747706,1.3802867913171024,-0.4424297097521734,-0.38475038107092924,-0.2361347830607809,-0.19024494890368615,-0.30572570425137113,-1.4364136422396674,-1.0693993581553731,-0.3353087714178887,-0.11703796482643705,-0.6553826045565518,-0.21669292654212105,0.04334110806706519,0.7221098173935789,1.0550608246914854,0.34236753544753085,-1.3230044917447847,-0.9998824609678735,-0.3526478860205066,-0.1882310234862894,-0.6327245384905199,-0.49993075800364367,-0.36519939544365543,-0.09183879945586255,-0.002387483364724374,-0.2119161062118291,7.645223326521889e-05,0.01792379608340589,0.08568450041721355,0.12355847477672914,0.04680082287878019,0.18514138764701019,0.21670249152138518,0.39651289085504643,0.47343614648906,0.2998420508759829,0.5184176641194221,0.5859332998525436,1.0428718281399638,1.226937114105596,0.8152427706368097,0.0025770044508158347,0.004586796975405186,0.01202875515076453,0.015432096046207777,0.007945125274120099,-0.00018390588631982688,0.009937731073673512,0.04327725469993548,0.05934173073616543,0.025202522948174273,0.10963654900011754,0.12958059585362056,0.21684714971795557,0.2552822301179613,0.16862738750173625,-0.24606846966530502,-0.18878132023649363,-0.07006619185646724,-0.03817842301866787,-0.12059427891698307,0.05200447362039166,0.059245826779452525,0.1058037323171909,0.12435292869769111,0.0819875474240865,0.10637859259061475,0.15209373897753417,0.3362752051728457,0.4259725579713298,0.22959742595423221,-0.007941514807567454,0.012964983131569317,0.07180737826281346,0.10136339425509615,0.03879384626871683,-0.48009536424564014,-0.42410062232354634,-0.27868956521684357,-0.2366071226950333,-0.3495914460074441
1994,0.1237507067917835,0.36543205137297696,1.0664133730377263,1.417478003148974,0.6648860375166292,0.9042702303183854,1.0098450093762628,1.775709619771472,2.0799871130925833,1.4019610297430336,-0.36860840626856356,-0.3143598941105097,-0.17907623716699517,-0.13970898907535026,-0.24168723479906293,-1.4337970390706725,-1.067576791532303,-0.3319667165035998,-0.11257103568489862,-0.6523066759735083,-0.12274587000510521,0.13454212354603215,0.8048325974525813,1.1434154564126777,0.4306863177307796,-1.3264889822774328,-1.0041674726735261,-0.3553851316700834,-0.18878849865553515,-0.6374230633100055,-0.4987065077134369,-0.36334279700036154,-0.09060879862934666,-0.0013171325453711325,-0.21045458922932986,7.82917529772201e-05,0.018300800600808614,0.08743254373541423,0.12593544584988411,0.04777105019722225,0.18647637901916053,0.21833549909453495,0.40032387451933305,0.47817485522203534,0.3024324866768843,0.5260707449858404,0.5944212317595567,1.0597340723979785,1.2469453038710692,0.8275550233845179,0.0027591000777823457,0.004910042308373429,0.012851742597085406,0.016482785940321595,0.00849908093352392,-0.00018611314091999416,0.010030798034403626,0.04375286628271911,0.05998999741463624,0.02545231769509195,0.11269824649023386,0.1331778357530474,0.22396616738893133,0.2641482175711126,0.17371545894064264,-0.24644588330652079,-0.18922345902745272,-0.07005803153531058,-0.03813060683046979,-0.12079983498069838,0.05270302296948021,0.06008635449867237,0.10744817615174783,0.1263129997066934,0.08321903085645423,0.10781903834946462,0.15416915704084427,0.3408654713862972,0.43167479404979153,0.23279532280619902,-0.014962958387231981,0.005338416260837995,0.06292032409051733,0.09197968300649355,0.030501140666715377,-0.39787980493192243,-0.3477383484755169,-0.21167940165184912,-0.17375971067330606,-0.27738589227234955
1995,0.15233870963670784,0.38900669665749465,1.0974627221210131,1.4564165292903932,0.690696963556152,0.9184843762919986,1.0254365160334455,1.8059285108785286,2.11599537618529,1.424321232786356,-0.2662889574253851,-0.21819852609992316,-0.09119303925015507,-0.0606400632142703,-0.15167405633516223,-1.4288976247657894,-1.0635590678657367,-0.3271906278067018,-0.10488292281019229,-0.6483930942107377,-0.0002163935085035027,0.24995492607878902,0.925373443428377,1.2699387898150978,0.5456140720372944,-1.331051436323342,-1.0088820809919257,-0.35736207437982215,-0.19037937973101926,-0.641121996804871,-0.4961208527964764,-0.36065561972659954,-0.08827813492308179,0.001351014096033416,-0.20794046092473362,8.063364032247457e-05,0.018774786374778397,0.08949692084160614,0.12892244341867531,0.04896052521633471,0.18776516200665033,0.21988518098758794,0.4039521122196394,0.48284619788876376,0.3049681665834261,0.5350348334803193,0.604370710844984,1.0779824142476748,1.268574327153601,0.8412940713093342,0.002944373031998317,0.005239190916154177,0.013704277258282447,0.017576527743045783,0.009069053107477801,-0.00018826114261403295,0.010124381156697579,0.044205428871737285,0.06064876408997338,0.025696054596788497,0.11536937872344186,0.1362598699360177,0.23049888881099367,0.27236465486597594,0.17827518627050906,-0.2469770658389911,-0.18961006363051403,-0.07010091476855596,-0.03803675959666276,-0.12099900231581912,0.053461600545122064,0.06095180300506996,0.10911236567529185,0.12831288866939144,0.08446751470500538,0.1092699233326054,0.15622027621242732,0.3454289736819019,0.43748913581863,0.23592565150180173,-0.021316955939495296,-0.0010096192033038835,0.055203262407042965,0.0837659060343634,0.023718097669982473,-0.28551321636127575,-0.24568586203536472,-0.11484443424048729,-0.08338939827486122,-0.18076431807470866
1996,0.18903640651899428,0.4194986846944339,1.132658235491707,1.4968831703160266,0.7225403922338871,0.9331874581670919,1.0414245368881232,1.8363333939732138,2.152322952803441,1.4472052989729538,-0.19800907669920598,-0.15313299686095244,-0.03304569354271552,-0.006900217715534809,-0.08930873862290993,-1.4172866190178561,-1.0526914033205441,-0.3181149855455853,-0.09738069738161902,-0.6379238355919044,0.09869733812217901,0.3411632654089093,1.0230483424786336,1.3706471977499237,0.6375914766207347,-1.3277261614863993,-1.0068980797175315,-0.3550625004692021,-0.18903183799806664,-0.6379242346741683,-0.4905968829863271,-0.3558392456198414,-0.08514598620709363,0.00368193876958655,-0.2038213206470303,8.108075145674034e-05,0.018934291545677755,0.09048584873555762,0.1303263508634508,0.04945173434482822,0.18895531603858012,0.22129525591974303,0.4074118292984509,0.4872093811839146,0.30723056246328784,0.54491498373217,0.615188905057626,1.0973196777147765,1.2913676180756621,0.8560433046448148,0.0031360781221794944,0.005579469825140121,0.014592451061383049,0.018707894584078066,0.009656476763358023,-0.0001902790374418224,0.01021338960408362,0.04463553822930838,0.06124398211638115,0.025923968843943244,0.11773849136733737,0.13921235714855507,0.23652556097877067,0.28008499195268766,0.1825375599972165,-0.24764562588971922,-0.190044399405322,-0.07014467397921259,-0.03793717333075177,-0.12119838084426796,0.05430154615131461,0.06192314581274072,0.11087629695274694,0.13041310463391753,0.08579917395206105,0.11003098688543074,0.15727190186777923,0.3484099604923565,0.4415315303456813,0.23775027114848402,-0.026245497039419186,-0.005912322928899584,0.04933756207274128,0.07722728265846207,0.018539851165150043,-0.20918174987239846,-0.1765473355177102,-0.05484620534041641,-0.026222271835902342,-0.11226896173568462
1997,0.21002477829153263,0.43745275154267066,1.1614307067189038,1.531560383014208,0.7441483597394314,0.9470705498598828,1.0566561934289156,1.866091433002788,2.187652491739286,1.4694988426566604,-0.15154706862769046,-0.10866039122516503,0.003535117059697779,0.029040873354237762,-0.04765043317269718,-1.4180075553150182,-1.0534389252079983,-0.3163969846909782,-0.09069385450354772,-0.637338060495555,0.1623585702419945,0.39939723140051553,1.09458571542296,1.4475525801359947,0.7002006744847543,-1.3370163587468369,-1.0174623779119232,-0.3590189555397074,-0.19179482439249293,-0.6434487345022766,-0.4899031275094299,-0.35518381685233846,-0.08516965937253992,0.0031969944272350714,-0.20348947979794885,8.277008267241952e-05,0.019317576779558632,0.0921869100875946,0.13275441663935386,0.05039612752381388,0.19006413678400322,0.22254155112475008,0.41063196828214577,0.49125925339545407,0.30938922641242095,0.5542568763372581,0.6255361443829197,1.1161525679327826,1.3138772997830408,0.8704813893675749,0.0033253082215360433,0.0059197904247116845,0.015480238270072494,0.01985240192540434,0.01024372552445834,-0.0001921717589741587,0.010303406468923198,0.04502357930493264,0.06181451104662343,0.02613577443615573,0.11985331810362024,0.14179327807003955,0.24212857721947018,0.2872476508488435,0.18633389878721643,-0.24838548617934195,-0.19062131165974644,-0.07027709153643857,-0.037945362635786066,-0.12147115379060602,0.05524826153867959,0.06299572639358078,0.11276838373315287,0.13264380582308116,0.08725100640934519,0.11233849052013604,0.16058790978776458,0.3549011801885309,0.449513446021654,0.24238388143426978,-0.02921613412632047,-0.008577628163857856,0.04581270365840346,0.07350878369727491,0.015615408675785227,-0.15737564377362823,-0.1306602329079464,-0.004267717752684239,0.0010124908377248999,-0.06425900113213434
1998,0.22021304640166242,0.4469613040985932,1.1875521303468781,1.5649852624257206,0.7607996964661299,0.9619769993949756,1.0726456942776141,1.8965506785480182,2.223995129612597,1.4924443371250555,-0.11425717181450717,-0.07258194350312809,0.03194764265006121,0.05830798774738538,-0.014805290969953965,-1.4264712565112325,-1.06238483372557,-0.3174822130170726,-0.08627564837868866,-0.6450409659573129,0.20500496716707614,0.44061692803720665,1.1553554058863138,1.5158275864151791,0.7482872704656234,-1.358156438330268,-1.0332811272252922,-0.3659626089193958,-0.19616543085528507,-0.6550840610359399,-0.49178364600860175,-0.3569316264973928,-0.08660811196417278,0.001952621652185722,-0.20463982634272881,8.573838740542194e-05,0.019905694650592137,0.09469196886208887,0.13643625920467853,0.05184320577968618,0.19132901204347577,0.2239962568499156,0.4139589620354933,0.4953761551740364,0.3116852809113556,0.5644461358914922,0.6368469499827075,1.13608251337665,1.3375112322798741,0.8859071912228265,0.0035096609146886225,0.006245651798754036,0.016356332557235148,0.02098240894724668,0.010815021026658562,-0.00019414136856890044,0.01039532903216297,0.045439869824324935,0.06237459299990223,0.026370187285072177,0.12180653313024269,0.14411540174187162,0.2473122240272295,0.29394697803842124,0.1898848792053115,-0.2492619718216011,-0.1910725171565484,-0.07036951382177857,-0.037967461259667365,-0.12174917320017276,0.056214084056436006,0.06408434231690593,0.11470149410969852,0.13492329223361124,0.08873648588660646,0.115134888089717,0.16455834765184105,0.3623712963912565,0.45894802017680103,0.24784136237530408,-0.026794638686918802,-0.00601652031708312,0.04864067126961182,0.07641965655692445,0.018466677417262857,-0.1190341406053882,-0.09858839228571852,0.013437720063346526,0.02775844364052557,-0.03241935862413422
1999,0.25610234253331265,0.47688529823433806,1.2229964216388327,1.6067232665414404,0.7927130430426566,0.9779990822330393,1.0902657885974918,1.928840467437828,2.2623409768299316,1.5172161829871402,-0.07998023197603488,-0.04064947367883651,0.05755403172839945,0.08440994056074405,0.01322201237592163,-1.4159497368242333,-1.052466767197082,-0.31029181242645926,-0.080594029240996,-0.6364076611415427,0.2660249122962115,0.49904060152957297,1.2216118210396634,1.5858491518179114,0.8082853709305327,-1.3563139179229446,-1.0308042358118017,-0.36331544359989465,-0.19531434579251994,-0.6514335777520813,-0.48759596836463687,-0.35352493184831085,-0.08495080474406431,0.0023023908274113617,-0.2020855133914052,8.46079950171774e-05,0.019826999217772718,0.09483693158749765,0.13675397418234864,0.051788397531538716,0.19267212094244116,0.22560677175791624,0.4174371869344686,0.49972613120692905,0.31415306358241335,0.5760596083046424,0.6497288449891974,1.158024398523577,1.363322835307533,0.903128253830457,0.0037033933541411857,0.006589531320970075,0.017269018028183147,0.022162479931028572,0.011411319924243248,-0.000196211769127792,0.010490471608210405,0.04588740203206566,0.0630070659641769,0.026626344791410593,0.12363713590971677,0.14629883996453005,0.25220135859968057,0.3002035809111986,0.19316566669965735,-0.2501466175539325,-0.191655780909945,-0.07051338344368817,-0.03800288888000476,-0.12212184088314106,0.057228942065114745,0.06522350412800637,0.1167106173900731,0.13729187882003108,0.09030023911349451,0.11571891512055499,0.1654121213292082,0.36558103092621,0.4632175356740884,0.24976096851096463,-0.020568473411382925,0.0005895191986664435,0.05673009023334721,0.08535606330398564,0.025754736549413865,-0.08928183666830904,-0.07347666316912944,0.02704648449384605,0.04566480530794551,-0.011005676611104784
2000,0.30206636013793303,0.5176533670516028,1.2623169314314466,1.6486093026631767,0.8319972832937398,0.9931295502306416,1.1066641531848516,1.9598190745719775,2.2994201896298687,1.5409802681437403,-0.050050892091095964,-0.012359494198875052,0.0790075719219129,0.10720925593024615,0.03701909466465526,-1.3920957517422057,-1.03259097677853,-0.2991333477405031,-0.0739696354923949,-0.6183529442159539,0.33489598669346926,0.5618782293255585,1.2899583401155943,1.65683473695455,0.8702165522599103,-1.3347968677474722,-1.0148641466058186,-0.3548991876370438,-0.18999971285259956,-0.6380099458187442,-0.48069740179818904,-0.34787660428500805,-0.08282368223556091,0.00301335767704639,-0.19809480445396016,8.042065796517462e-05,0.019319723674297157,0.09299647735899708,0.1343731529678645,0.050469768726396066,0.19394285753118926,0.22698380211349814,0.42072098648364753,0.50375068511097,0.3163821243809234,0.586674022540444,0.6615830929991433,1.1789043116273632,1.3881593565134527,0.9196886519980583,0.003930148207169525,0.006993855744716266,0.01832948805384941,0.023515252845967668,0.012112356173203062,-0.0001981319166947764,0.010583983579889055,0.04629959867836886,0.06359395812744978,0.026838923957801665,0.1253177999344882,0.1482917712504696,0.2567875752652474,0.3060145358623687,0.19615501608632013,-0.25094811585609067,-0.19225914940951497,-0.07070504034673664,-0.03792253548728324,-0.12251114568242855,0.05832255194921442,0.06646026872126,0.11883672796163681,0.13978475240585048,0.09196398132841843,0.1155935271440506,0.16521909324830616,0.3669767018595394,0.4651577534098047,0.250239797704209,-0.013721585855995082,0.008140200140855213,0.06640275054610481,0.09546969843055206,0.03416791426454009,-0.06460295743328309,-0.052158390835504206,0.041204832756905486,0.05557058703146149,0.0036372200461836195
2001,0.33820446444818236,0.5490060685406473,1.2982944992938783,1.6876393323399,0.8660401656759067,1.0064951044032346,1.1214964205684088,1.9896998423411547,2.3344013623936357,1.563038163938459,-0.02671286134806985,0.009047844761443165,0.09498142328534011,0.12363718838166482,0.054537669495932056,-1.3761864026783397,-1.0166733723840942,-0.29088620078094446,-0.06969177100872231,-0.6055024482077893,0.3879414656748143,0.6092446914135413,1.3465596251866405,1.7184375416759023,0.922267081748869,-1.32260898105475,-1.0018920540833913,-0.3495635990219741,-0.18651538314188096,-0.6292546592234577,-0.4762073648072352,-0.3441688034335064,-0.08157868382537559,0.003686937952459746,-0.19568702283535735,7.771271667705627e-05,0.018966854390272975,0.09167847792630969,0.13248143718044353,0.04954371641203911,0.1947901079052331,0.22805045725109188,0.42346505338621626,0.5072995096597467,0.31824002771965815,0.5962933552198599,0.6725207467174117,1.1990348936311888,1.4120948876549235,0.9353704342598999,0.00415495821960032,0.007392120581531587,0.01937722212832285,0.024868903614211835,0.01280262434957611,-0.0001997777509237533,0.010650617842405261,0.04663341550341132,0.06409546822122558,0.027018587588942083,0.12692539705742054,0.15019634239479868,0.26116854108789184,0.31147137986325757,0.19901121706029104,-0.2517196692563199,-0.19280912243204565,-0.07082307332220605,-0.037825658186714746,-0.12281420797303558,0.05940399197370631,0.06767618946506249,0.1209643177901683,0.1422885278946657,0.09362158264155983,0.11585160095005202,0.16574246271649334,0.36895925078059993,0.4678095005517389,0.25126579709976316,-0.008927762010637861,0.01312521119205881,0.07337331365923194,0.10321432341931436,0.03991075798729281,-0.044443187940326236,-0.03436687217301797,0.05058398019314074,0.06280109448712375,0.0154985023707877
2002,0.35954248061204536,0.5696559855015327,1.328119723761117,1.7210137267554262,0.8900619249194834,1.0199856512710714,1.136616094212989,2.018971148346662,2.3696785150531463,1.5853192231896742,-0.008334707132342719,0.02570764311788757,0.10650210585503002,0.1355948249314511,0.0676233557221164,-1.3729528278375307,-1.0136479328493178,-0.2882680462728391,-0.06611875538629493,-0.6031664761883837,0.4230724212410186,0.6407706261902241,1.3910028611408414,1.771623012832661,0.9598566507490681,-1.3245091099239716,-1.003050046798021,-0.350320061733954,-0.18700139449640674,-0.629688832496357,-0.47506022220998917,-0.34349614944669626,-0.08159156543611701,0.0032512306834890023,-0.195356247342586,7.808097289400287e-05,0.01899791810112408,0.09186192381736581,0.13306198861348448,0.049641941365376335,0.19546316754911824,0.22892662001694983,0.4259437236938549,0.5104720748910951,0.31987727685214223,0.6065411617405173,0.684062436405701,1.2197902763919368,1.4368062620592617,0.9515391257274783,0.00430914840189797,0.007659205536431338,0.02015015159820312,0.025881374026097286,0.013274994569440875,-0.00020125871788137582,0.010708153355624722,0.046928405748113064,0.06453305476699535,0.02717539161709078,0.12850805128987444,0.15199032769516058,0.2652457683079152,0.31667995681388306,0.20169720159148663,-0.252158344923726,-0.19323936337835632,-0.07084502641581823,-0.03769046783778542,-0.12297965735745718,0.06038288470413707,0.06880270653145212,0.12302877674301656,0.1447193052711112,0.095206118960203,0.11697253501862714,0.16735294705613815,0.37253164411488776,0.47263185745627523,0.2536569635738321,-0.006470051994697998,0.01597926857163498,0.07730855181100932,0.10795823660545162,0.0432253303937446,-0.027703244025605166,-0.018866367946195752,0.05657242681346747,0.06922971570992041,0.025309558493555304
2003,0.36852607228092843,0.5810088953165081,1.3538724799092265,1.7529519980156865,0.9078252652809053,1.0349814183401698,1.1529443780562718,2.04926923341408,2.406188100335988,1.609245614324862,0.0015598952133888113,0.03412524021785952,0.10998777183368114,0.13895233027323775,0.0729845144267389,-1.3801924172248872,-1.0203031025604472,-0.29157302417764214,-0.06503353362855935,-0.609860685956072,0.4387903963290569,0.6569128675347595,1.424429332436722,1.8124333074249828,0.9840896089708687,-1.3353812170888097,-1.013569132927803,-0.3548362864943972,-0.18970841394281204,-0.6368597455306078,-0.47785791860898286,-0.34570346840746713,-0.08311593484114989,0.0021543363646726213,-0.19728611358863518,7.982586932006326e-05,0.01922632116730621,0.09291400284920891,0.1346528262202988,0.05024679780485996,0.19621981956923282,0.229860143084125,0.4284770194226575,0.5136490774952314,0.32152915644200425,0.6180957451438095,0.6970254000215924,1.242234030090056,1.463210537982735,0.9690183382150005,0.004435472562418191,0.007884660609848293,0.020821072372506362,0.02677623502845442,0.013682357270597096,-0.00020274324893768315,0.010773818318446494,0.04722123583765598,0.06496883945611816,0.027337387342811867,0.1299346925783708,0.15364707529697993,0.2691741518566783,0.3215800770888045,0.20421736694703604,-0.25259845681840554,-0.19354934210655464,-0.07070898104549077,-0.037562756699231814,-0.12299038635254544,0.061320859539613894,0.06989112711745382,0.12504735010965026,0.14710119648401823,0.09675071202046095,0.11849918390853906,0.169394794754276,0.37694877690007134,0.478308560289701,0.25667736905151817,-0.008444877656313342,0.013781084175508185,0.07525987865801,0.10595092073058594,0.04089873647349433,-0.014512417474015537,-0.0074833987694306395,0.06001684670500514,0.07345647639412974,0.03245635600206409
2004,0.3808429031037826,0.5949368607434925,1.3807371693857906,1.7865060177446348,0.9271221357927453,1.0500499413537534,1.1693615404584676,2.080385546843547,2.442391760407259,1.6332598400945146,0.005124710291253005,0.035744528230962885,0.10683790487809855,0.13490649979878644,0.07170022297888604,-1.387864361273441,-1.0264540437861047,-0.2920707616168428,-0.0630180860302007,-0.6135846059473313,0.44903590270422317,0.6680632763092381,1.4509704481337402,1.8461544655607782,1.0014169397668988,-1.3479079878423244,-1.0219179534963436,-0.358655134798175,-0.191689895719934,-0.6431783898945178,-0.48199297021305987,-0.34917318123368485,-0.08396827183702772,0.0023275754769861347,-0.19965666824633344,8.152659423269963e-05,0.019471742961273207,0.09403319336124957,0.13623573078157744,0.05091907076138031,0.196949497079043,0.23072270530631186,0.4307814435393739,0.5165443026176766,0.32312991092436627,0.6299577781811783,0.7102419679025663,1.265327197295249,1.4903379116844533,0.9871904802189815,0.004675414121409108,0.008310744185793034,0.02193330763872626,0.028192969736759735,0.014419023524434057,-0.0002041677848040396,0.010828118217666341,0.04751647056229314,0.06536795304773874,0.027487866155871718,0.13135467874175377,0.15520633358646735,0.2728021021069251,0.32639047778438324,0.20663107750783433,-0.2528307418578755,-0.19373091852267516,-0.0707634180374807,-0.0373883656124234,-0.12302286803904477,0.062254207918878694,0.07095792655477011,0.1270377188917247,0.14946893943579667,0.09827515462672116,0.11999511358043359,0.17141209128358056,0.38141883898020046,0.48394405748592373,0.2597767489459375,-0.01475205174085714,0.006709293878356479,0.06706616131623297,0.09730345436432486,0.033134904900354846,-0.0028416822281329803,0.0015649164503628097,0.06256747918727829,0.07681162802839059,0.03798164398090162
2005,0.39255590284562675,0.6084414375432581,1.4073733314410508,1.8196852425960564,0.945824595612298,1.0645068424572435,1.1852958488901386,2.1108301104732425,2.4788027039838183,1.6565682585940782,0.005322042911946146,0.034191128334046854,0.1020105523073617,0.12931156815953063,0.0684301528789965,-1.3961034748491115,-1.0321334595839355,-0.2926937059078723,-0.06029209360469753,-0.6167901129199876,0.4567449235042481,0.6766943640942276,1.474707864663181,1.878145740586315,1.0166515228121367,-1.358137320856641,-1.031948807752233,-0.3626177938176757,-0.19409230968155927,-0.649672200741616,-0.4874104516000353,-0.3537080747509983,-0.0844758449578203,0.0034269631862239086,-0.2019662984834507,8.358179486652745e-05,0.019817241001472533,0.09551917186836795,0.13843495071120043,0.05181380987986739,0.19750897472400766,0.2313799458967167,0.4328709034127466,0.5192042450436929,0.3244501923547686,0.6414011912909227,0.7231114168126932,1.2882999260406551,1.5172742916375983,1.005033939149549,0.004981330488605069,0.008867416656584451,0.02334681039964705,0.029962506424992243,0.015369547481598706,-0.0002054115572615523,0.010870866950742413,0.04776487338814102,0.065702807126765,0.02760845082631526,0.13267956861188446,0.15669161919963634,0.2762865348050575,0.3309648483744253,0.20896009277371794,-0.25312298144105616,-0.1940465571253423,-0.07078483326529146,-0.03736709125141496,-0.12309282584351569,0.06318670583722244,0.07201605337853453,0.12902216527643479,0.1518287288106619,0.09977343218146384,0.12152544322443776,0.17363865560427852,0.38623493366796513,0.4899998958439469,0.2631177653524537,-0.021819396833080026,-0.0005439430064959869,0.058414837271499875,0.08807915583445498,0.025346495667176693,0.006414394130986134,0.00938216405693803,0.06400754640937774,0.07843119873623655,0.04167318251729549
2006,0.40062182370652577,0.6187253302066045,1.4311740479688835,1.8506505316422286,0.9624690031923082,1.0792136813628823,1.2014169506018015,2.1414992707343554,2.5152173680772405,1.6797653234543706,0.0022690528032161977,0.029719937855509047,0.09481609279259709,0.12115837091373127,0.062302190153826376,-1.4082297077181358,-1.0420242037908733,-0.29530289499608986,-0.05936966389340341,-0.6233873576585083,0.45876252678439305,0.6801701914024393,1.4943063365501417,1.9074023835325362,1.0266882945491385,-1.3713358967403313,-1.0438301293559669,-0.3671904952490707,-0.19691790578791857,-0.6574837620832452,-0.49408284532995184,-0.3592541318371955,-0.0861474244776397,0.0033328078547487303,-0.20558129279943113,8.500053620290134e-05,0.02008913888112468,0.09675007492325563,0.14014337914433048,0.052524819428828806,0.19793136349323937,0.23193038509362018,0.43473890360414846,0.5216729651916422,0.32563265191590873,0.6531175738897241,0.73625989739648,1.3117100566947428,1.544804574062401,1.0232462393676445,0.005256426617565184,0.009362992774345625,0.024641104490982856,0.03164090705308503,0.016231084156453645,-0.00020655743909054792,0.010916393394269237,0.047993254619375605,0.06602959193745475,0.0277161109290587,0.13401127443604638,0.15815311035832585,0.2795503074254492,0.3351221929414658,0.21115691257274058,-0.2533897656980733,-0.19417837093136137,-0.07075475454423288,-0.03724022357325266,-0.12313529531418083,0.06415759725174672,0.07311406380665739,0.13106074424439468,0.15424140447409151,0.10131649555124422,0.12304662396699713,0.1759149473986684,0.3910804991222904,0.49609864358150024,0.26646297470727087,-0.028120307214735546,-0.0068933238665163194,0.0507978665105586,0.07985923829891664,0.018578803905907486,0.01022720481477492,0.013564978817347882,0.06243419318185691,0.07618032527758262,0.04213725807883083
2007,0.41500502543069684,0.6348905259886755,1.4589146258691734,1.8835510833935794,0.9834930758052169,1.0937130648522282,1.2174563183837799,2.172236694157988,2.551445588300489,1.703439518251489,-0.0017213718791647173,0.024920957178544884,0.08835906226158245,0.11395157247612539,0.056624907499561956,-1.4149747668598314,-1.046179830866917,-0.29443511320449606,-0.05656796569390497,-0.6251891235402358,0.4686423373112035,0.6908482907099653,1.516789524534267,1.9376524195968203,1.0418038174528312,-1.381940980167176,-1.0517177645455997,-0.3698489996853397,-0.19837586354776054,-0.6625953472548856,-0.4982458687509841,-0.3624229646400315,-0.0867963497078808,0.0035417017094675233,-0.20729175262155736,8.604963795922787e-05,0.020318453826657163,0.09782718928544135,0.14170958892256388,0.05312890786627908,0.19856274458664855,0.2327130922828947,0.43684396477843035,0.524154061785767,0.32699319591955256,0.6646082834030806,0.7492848749983083,1.3349596261628836,1.5723215187040886,1.041372934989027,0.005532983487014065,0.009854695638175374,0.025937781190565924,0.033303644394621704,0.017081364261702658,-0.00020780783930403495,0.010971167478355366,0.04824207477825115,0.06637365215566067,0.02783187001213061,0.13527066920157052,0.1595976145975802,0.28274410137840317,0.3393654322054055,0.21342688405510712,-0.2535269600627786,-0.19429210562385615,-0.07059078910657313,-0.03703098230501378,-0.1230971702121263,0.06514842791338078,0.07423382826743731,0.13312424239782153,0.15669126211601755,0.10289422140704765,0.12453990954350838,0.17811847237590303,0.3959420750425901,0.5022413247228785,0.26981707567267693,-0.033612006057763884,-0.012011762959076704,0.044548467685603,0.07331969184719796,0.013346653033010025,0.012014965368615916,0.016873557378153662,0.060244109474830214,0.07306351117261685,0.04197829153209469
2008,0.4412453559795776,0.6597185282388165,1.4926736205657043,1.9229016736352764,1.0110903449207023,1.1086408685342608,1.2337372299341187,2.2029401061405585,2.5877084087800184,1.7273558341435309,-0.004006701392988468,0.02214857936243197,0.08477582291996538,0.11003856381877578,0.053619529426178696,-1.409902319977841,-1.0419624946778436,-0.28830804389671255,-0.05064267708970165,-0.6191208781755551,0.491117523956439,0.7124584888253238,1.5476019264271204,1.9735856328590384,1.0664320377447223,-1.382964484072145,-1.0521285591210854,-0.3694225135150471,-0.19770484335663283,-0.6619420532582156,-0.4980238506679684,-0.3619152458171848,-0.0854332131716717,0.004662724409873137,-0.20625681190860726,8.638804877684252e-05,0.02045276822797741,0.09854347824867993,0.14270640266860196,0.05345597205362614,0.19947567969710922,0.23371353871807699,0.43921301461964446,0.5269419873969191,0.3286050778994244,0.6760552944596023,0.7622202789737664,1.3581829316939262,1.5998740426612819,1.0594113019591205,0.005797864961962272,0.010314126723304057,0.027166629995828914,0.034909074454393056,0.01787260589396677,-0.0002092135185240305,0.011036946701797154,0.048533485113215556,0.06680156959882654,0.027986233246160366,0.13659252206539296,0.16107766755047714,0.28593473167048866,0.34319065438812024,0.21560832516153272,-0.25355749832624985,-0.1942913116806511,-0.07046135376338071,-0.036801619357927376,-0.12304465822791971,0.06616095573314254,0.07538440294145145,0.13523778107455742,0.15918662049747714,0.10449919920821686,0.12557032948138722,0.17953453894451146,0.39974107719671154,0.5071997551543643,0.2723442360273343,-0.03829627149050471,-0.01671551150312685,0.039452584833024745,0.06767094521607613,0.008924721336156433,0.015177962802634866,0.02155325479161959,0.06049004798609207,0.07273339981922067,0.04361913302793771
2009,0.4758271626331004,0.6925754828318735,1.5304294295519192,1.9641250932082293,1.0444996897435614,1.1232340873320459,1.249634779645136,2.2338831578688962,2.6235784427373496,1.7508463436875794,-0.006368905110494024,0.019839864261300494,0.08206594401567495,0.10725351376990375,0.051184848280643874,-1.3952430859132756,-1.0287503474237676,-0.2790365719448979,-0.04394283481963294,-0.6077599604981461,0.5224994754909553,0.7415962681679261,1.5832050631114762,2.013181166969592,1.0970450320755674,-1.372868837175808,-1.0440095127936786,-0.36487113246021297,-0.19490591132256954,-0.6551294627638415,-0.4923103143248159,-0.3572690722046547,-0.08309861157305631,0.005491620637729829,-0.20246774299659548,8.524155926293854e-05,0.020373461210689732,0.09827773180225874,0.14249812147375115,0.05321865497653368,0.20034501721785564,0.2347966739629568,0.44160542661159513,0.5297413514085749,0.330309446809519,0.6872218209084466,0.7747465201060002,1.3810085349716537,1.6271397466817936,1.0771296877598053,0.005969745130646537,0.010606093566910457,0.02806082115023532,0.03610599514840059,0.01840756166476854,-0.0002106451401006221,0.011104646450167491,0.04883836948925927,0.06722781165415957,0.028157113549342683,0.13781733893946338,0.16249446453817998,0.28893524331613946,0.34672545906267305,0.2177125310938708,-0.25363512953775524,-0.19438259267945876,-0.07036042245458818,-0.03665269933018972,-0.12295827324871884,0.06717834538037461,0.07654676417950589,0.13736699650607032,0.1616941773622479,0.10611832610612247,0.12580830053109807,0.17994926539244144,0.40179709295872756,0.5099452143059306,0.2734583474697881,-0.04196089231183535,-0.020330423401510096,0.03565976934328627,0.06353684337279426,0.0057733782475499,0.017390178176708022,0.024559049172078573,0.0604455245313554,0.07223257955319112,0.04436171010939284
2010,0.5086139047400041,0.723816104604263,1.5698436514112168,2.0055325312956893,1.079385407236685,1.1376199560936187,1.2654871434155635,2.2646476608523742,2.659338019930927,1.7740628584793463,-0.0053208257475324695,0.021007633783637725,0.08330235257572607,0.10873115433721678,0.05228369030506433,-1.3795358461635363,-1.014653532285071,-0.26929679946594426,-0.03446022560673274,-0.5965924986296842,0.5570476855087803,0.7739879935641754,1.6244717670531001,2.055616098194764,1.131604791321564,-1.3675585014899192,-1.0378497758234202,-0.3617259497210383,-0.1938267308720725,-0.650720816602591,-0.48524492621002113,-0.35112333482974784,-0.08000114802349104,0.006720062477751871,-0.1978007576530716,8.558961862346574e-05,0.02047857723370454,0.0988167448840045,0.14331251964885264,0.053491802900984084,0.20123983807704732,0.23585502249381976,0.4439579469536457,0.532571176012651,0.33207015703811066,0.6983340387046387,0.7872826654904045,1.4038935616811208,1.6544399333884794,1.0947939458108178,0.006194346325209802,0.010998408029891148,0.029142692736066917,0.037499328371532616,0.01908461134864825,-0.0002120639797435121,0.011171163503063988,0.04914499880024557,0.06768362637757214,0.028328151721553993,0.1391186246019725,0.163838610611499,0.29186075039236853,0.350522496663133,0.21971382394456226,-0.2537739297840745,-0.19432530079415256,-0.07025804519140563,-0.03645085902631817,-0.12292072829528941,0.06819228106154868,0.07770584053675537,0.1394976124438218,0.1642013638608705,0.10773537298624893,0.12633287313604338,0.18064987224841975,0.4041690274044827,0.5131042163441583,0.27476028488871107,-0.042936894689180403,-0.02118524706731354,0.03469506302182826,0.0623521829504234,0.005215231386064637,0.019953909003473224,0.027850067601029666,0.06177823790084018,0.07335658932507771,0.04591536039846275
2011,0.5363624358307876,0.7511852064002735,1.605878267585654,2.0449614888963175,1.110329519829793,1.1524328741281153,1.2819874369292643,2.2955781397526946,2.696151022314192,1.797892628783007,-0.0007986918939417802,0.025556234851364865,0.08867008697665185,0.11450469078042118,0.056929723173183386,-1.3694718233175367,-1.004715530240825,-0.2623269781996613,-0.027376814062963172,-0.5882216835128145,0.5905121883997527,0.8054585420685604,1.6665711565332118,2.1016195943647866,1.1679045869676385,-1.3665762053967112,-1.035518918577852,-0.3605777288995126,-0.19295298081106818,-0.6487692283602949,-0.48161192593406704,-0.3477161151598615,-0.07842693082359994,0.007514348663338005,-0.19552666085529882,8.598557386170013e-05,0.02057999720028521,0.09934426339167715,0.1441001623359759,0.05375118898605922,0.20216886776861284,0.23694527658387943,0.4463539464996269,0.5354305305770327,0.3338395058569291,0.7097915837299549,0.8002231927836743,1.4274549532621947,1.6823347351205937,1.1129281888038192,0.006518321224426498,0.011575854267934114,0.030641571634877535,0.0394078698168092,0.020072689718956958,-0.00021348645091052364,0.011239803021255625,0.04944988538390288,0.0680932489983953,0.028495727785739985,0.14034209395122973,0.16517728327175893,0.2947192487369742,0.3541143533351502,0.22186934456740093,-0.2538932474597715,-0.1943180018096061,-0.07003437782603601,-0.036353256149258946,-0.12278949836847883,0.06927028135958488,0.07894040099353355,0.14172823511463628,0.16682741521019584,0.10944375254520605,0.1273475314286977,0.18207880991162026,0.40754522494359574,0.5174625351763501,0.2769952702941916,-0.040099393824607664,-0.017616578339117363,0.03824842712528736,0.06586973892093471,0.00860012877369309,0.021596058083899562,0.030142354646705474,0.06283741000234992,0.074125141435453,0.047017084138180704
2012,0.5592390586716929,0.7747209280216241,1.640243515198718,2.0842901715113307,1.1384210308155265,1.1671297030551777,1.298048376783391,2.326751242840791,2.732710927072493,1.8216612811513144,0.005262859287250537,0.03171466170991623,0.09588527420813027,0.12247176480714543,0.06316294787585067,-1.362610305533252,-0.9988639428598437,-0.2573712182799815,-0.02285828123512506,-0.5831061782994276,0.6202593319432168,0.8361277000426643,1.7080654480091175,2.148147423458903,1.2020007498357996,-1.3660695001965375,-1.0350494470041776,-0.3597986808638046,-0.1928277147253535,-0.6478169346731805,-0.48009894454122337,-0.3465522550009531,-0.0784303928589005,0.007285695804201699,-0.19486372230856452,8.569192092284456e-05,0.020579309159558273,0.09945312163628636,0.1442664041540039,0.05374992003187198,0.20308336174606867,0.23806113746965804,0.4487752960390729,0.5383749751102263,0.3355740165013432,0.7211719896278057,0.8131363085490125,1.4511179309353586,1.710241530622741,1.1309683806036235,0.006807504164949582,0.012086160047346098,0.032007975423250366,0.041207697317379915,0.020963975359109207,-0.0002149067785348885,0.011310192277151443,0.04976227685221919,0.06850492590538744,0.028676463537896744,0.14155276162112962,0.1665101942904791,0.29740750557773127,0.3574363870447865,0.2239222353324668,-0.2537655690109472,-0.19422921106948332,-0.06976128074963213,-0.03609319963890057,-0.12268848471232285,0.0703830246252104,0.08020956154676573,0.14399423311179205,0.1695129320004005,0.11120079330346866,0.12840938382654463,0.18361808237569818,0.41116739493714977,0.5221134351603113,0.27935505213935774,-0.035608599372744194,-0.012700989995454173,0.04380600187366345,0.07144392471290004,0.013654021600868354,0.02289247698910797,0.032105179891798744,0.06392375076196036,0.07528793269868905,0.04827652887986419
2013,0.5895114570281338,0.8041248685830543,1.679483881469251,2.12545684952107,1.170197849941981,1.1825593521976772,1.3152254161020136,2.359082915537062,2.770258064945324,1.8469035200504416,0.015097187891221164,0.041730047055938614,0.10781721390513993,0.13543098782766183,0.07365279769793243,-1.3518627521731872,-0.9883617166147678,-0.25087490556123404,-0.01713862492875438,-0.5751750349529743,0.6594270743501675,0.8742320024742359,1.7582049957363937,2.2030059989472828,1.2450749089609983,-1.3637862876381506,-1.0323842290560221,-0.3573526455046386,-0.19138310290531999,-0.6442468252970314,-0.47578438137113066,-0.3428926491379877,-0.07726278505774706,0.007459467207026862,-0.1925142117695029,8.528127698254138e-05,0.020535861049806533,0.09945567837868544,0.1442492423419696,0.053655284823782144,0.20398516315498674,0.23920457023467567,0.4512060797647161,0.5412663626002198,0.3373757998236371,0.7334862235184492,0.8269966131682814,1.475861977899345,1.739362592448571,1.150160918161588,0.007066268096193803,0.012552724335232399,0.033257788035213634,0.04284675689498044,0.021772378629797536,-0.0002163256501663593,0.01138415719042132,0.050076993528635934,0.06897301979882826,0.028854257149912684,0.14276110860313915,0.16779339519271144,0.30014675958177517,0.36078209423320784,0.2259658971381221,-0.25390017012727933,-0.1943475618212445,-0.06961059257107674,-0.03583899070097004,-0.12270188323605727,0.07149634706925377,0.08147667131626452,0.14627060540719575,0.17221510397964315,0.1129591881749793,0.1290950529515904,0.18452740785311078,0.4138599574828932,0.525775314566095,0.2810129382273462,-0.03180525518547271,-0.008650846681993054,0.048626642484243233,0.07631754678333195,0.017690298559803516,0.027756481838278675,0.0384760742512087,0.07068535854580812,0.082750098075504,0.05455541948664884
2014,0.622831056439947,0.8364266483975916,1.7212234530162893,2.1709667742478236,1.2053634824158648,1.1987450954907806,1.332829493898116,2.392085488556318,2.8084529217536063,1.8725216254933508,0.022729252933662954,0.049203612898547,0.11703212319932223,0.14599670627999464,0.08158280275021595,-1.335564625040991,-0.9758432419542893,-0.24240236750608085,-0.010483050847263595,-0.564658866940779,0.6987193100259642,0.9146287601060558,1.809430542935996,2.2579261660350163,1.2891059865218086,-1.354919923154838,-1.0245990586026408,-0.35390797894999615,-0.1903781354728815,-0.6385492071628724,-0.46937707396746414,-0.3380043279698634,-0.07575694751875105,0.007457230922161163,-0.18923076445715023,8.444260803877989e-05,0.02042663583850009,0.09911057846922364,0.14388047035314935,0.053418774325143206,0.20503040894363467,0.24044372888201135,0.4537751690462548,0.5443482603435165,0.33928184188950516,0.7460994168721453,0.8410753340048529,1.5009234035694203,1.7690307703481625,1.1699019505038657,0.007339583190747504,0.013033598191825603,0.03456804119918568,0.0445496580166552,0.02262671931391065,-0.00021782793034994265,0.011460831057813455,0.050421007498091835,0.06945303010167259,0.029047898184631764,0.14395883418949776,0.16906097013607108,0.30278303875539453,0.3640828580469859,0.22792105960403458,-0.25418199902653044,-0.1945956136244063,-0.06963002495256462,-0.03568132155984587,-0.12279298469039032,0.07267121189048262,0.08280868050002332,0.14864131441043882,0.17501153664851593,0.11479117018342704,0.12970618799262168,0.18544215645637893,0.4165066352377221,0.5291769039037855,0.2825832813984024,-0.028339067011729314,-0.005224674815806432,0.053130933933968595,0.08106189719936323,0.021324764585681222,0.030890248722230517,0.04257164436009456,0.07550245304941734,0.08798653080766666,0.05890209764245802
2015,0.6502925829993893,0.865052363015548,1.7621804894399393,2.2140551288684422,1.2394060986129847,1.2147224194421464,1.3504758699301276,2.4251954687787833,2.8472537165801355,1.8983229856243637,0.022801920479710334,0.04892325370240318,0.1171245629583664,0.14744680767932922,0.08123916129453959,-1.3242384447488547,-0.9650053833343674,-0.23573053575069314,-0.0025170389329697207,-0.5564486699865503,0.7268388644576548,0.9425856835046049,1.851469200049746,2.303698491461716,1.3229852926185808,-1.3523960761042875,-1.021763493725035,-0.35249016522170656,-0.18982646102311337,-0.6362754538026485,-0.4639826437527648,-0.3333059358144493,-0.07478542922683316,0.00688573637581848,-0.18644850613793046,8.440814187179029e-05,0.02043419802294163,0.09916763755786932,0.144029617813556,0.05340777429776222,0.20634208922641212,0.24189332818786483,0.456604849722723,0.547662086016915,0.341466139859557,0.75832835917761,0.8548649063610136,1.525716812140578,1.7985686551368405,1.189413037861958,0.00764842293671465,0.013583787010938285,0.036034467509424406,0.04643724309066006,0.023580484453325876,-0.00021949004624714785,0.011545241495639567,0.050810405176826695,0.06998656434059768,0.029266903400834904,0.14514712443143174,0.17028593191202418,0.30523718768556024,0.3670559215618095,0.2298661276457869,-0.25454173830382515,-0.1948743103173931,-0.06959813476911404,-0.03556953922061989,-0.12291909560613631,0.0738671389767744,0.08416970601409768,0.15106595807479395,0.1778674059928677,0.11666762157586985,0.13100921603732682,0.18733893395477216,0.4205539814038395,0.5341246129919511,0.28537944334910154,-0.0278149894294939,-0.004665999718182829,0.05413058052724088,0.082414035262953,0.02191889006969269,0.030356617839269774,0.04197381272324009,0.0747002951023489,0.08721408159166666,0.058091290056041134
2016,0.6869025088138964,0.9029383604017425,1.8097227585974471,2.26170803098558,1.279243552646721,1.2322461306826404,1.3697330000594476,2.4599965324716337,2.888056099670636,1.9254289423210795,0.018301429068199555,0.044091291730080175,0.11200613022838748,0.14234563843468462,0.07600752048980638,-1.3024529021015794,-0.9461427666305919,-0.2249967528146826,0.0060045902641612265,-0.542507321675634,0.7591335411068634,0.9738328146123091,1.893414542439421,2.3494858981173152,1.357608285309175,-1.3411049520008258,-1.0132560116755345,-0.34692627584516583,-0.18775861480929285,-0.6276612421287731,-0.4558111972806368,-0.32727689562887546,-0.07289547074122425,0.0066375779342980135,-0.18247292673966686,8.308734345829376e-05,0.02020961927127009,0.09835236623773148,0.14307099771208678,0.05291579720921193,0.2076375546595313,0.2433841357383642,0.45954749033581466,0.5511924996449817,0.3437285033118135,0.7721171234392381,0.8701258619647463,1.5525299634753869,1.83010917328621,1.2104635874763545,0.007996622883368791,0.014199569640737326,0.037660688491451065,0.048535429458003904,0.02464316783177535,-0.00022121994855476407,0.011638175303079123,0.051219946936759304,0.07052425711107833,0.02949338105692327,0.1462629946189275,0.17149136643879398,0.30783559904518565,0.37030085954429115,0.23173726824002314,-0.2549397572306204,-0.19515362671686812,-0.06959780182526785,-0.035413893914253224,-0.12301319359695373,0.0750038009739393,0.08547219479196606,0.1534336930168835,0.18067711265745148,0.1185013362664244,0.13178012025915706,0.1882919594494014,0.42327561565151534,0.537680178823815,0.2870843364886463,-0.032162694341676956,-0.008975123899559415,0.049305309191326384,0.07734359040568715,0.01749139350814146,0.030095673280502173,0.04168739507052019,0.07423521263935874,0.08683032352775145,0.057676699394616324
2017,0.7321158849824235,0.9439878180424314,1.8589216908965105,2.313784925438324,1.3242437762950496,1.2499961420202423,1.389373913693559,2.4956339966399934,2.929499549800367,1.953781555337877,0.01636381338851223,0.0421685200096533,0.10991354756233815,0.14040373407648463,0.07404224186029146,-1.2752982528164,-0.9234289024659401,-0.2130106245814157,0.014150922480030059,-0.5249676267726723,0.7993412735299688,1.012517872081685,1.9413595127825802,2.4014818338824155,1.400406892499676,-1.320240286568415,-0.9976828016994737,-0.33975525182449473,-0.18382697146866678,-0.6161090304127104,-0.4462385657536088,-0.3199932190075914,-0.07020309448315827,0.007575796143940023,-0.17713038520161822,8.127216416993518e-05,0.019901169580698038,0.09722205372246398,0.14162657581258958,0.05214460962277723,0.20883898731887743,0.24483090449785766,0.4625069600057575,0.5546785021331293,0.34589441455845993,0.7863315654064207,0.8859595580251252,1.5801490092272308,1.8626438907952678,1.232209333269867,0.008361963309363646,0.014856236973459202,0.039384675491418414,0.05076309037929453,0.025774832423765416,-0.00022291656067996194,0.011723711664273632,0.05162153361103939,0.07107578971747432,0.02971449378403207,0.14749129848580647,0.1727000876088671,0.31033945219642617,0.3733948761798822,0.23368533554047705,-0.2554351566668725,-0.195455965018436,-0.0696301213609265,-0.03534992095122958,-0.12314086118559013,0.07612422551221137,0.08674737559806436,0.15578937353515554,0.18347285324305954,0.12030516924711634,0.1317964065692972,0.18848480241763463,0.4247545560164723,0.5397272887531483,0.28777695628218436,-0.03796508649661813,-0.014882042784602968,0.04316977260280762,0.07104934916874271,0.011910070342467313,0.032894467507071506,0.04514372318483935,0.07873204726725366,0.09169710239043065,0.061657816203584626
2018,0.7696827610145808,0.9800188182850154,1.9065712782663757,2.364425707316779,1.3653674597580554,1.2668783294395363,1.408342487669261,2.5307055403732983,2.9706122491064844,1.9813753747002067,0.014942700681744298,0.04085578744559532,0.10895552335177777,0.13956137605898214,0.07292041910191135,-1.252364130848851,-0.9042483526316596,-0.2030050928783745,0.02244259423013528,-0.5109484723669739,0.834243096613803,1.0476605781989299,1.9876688329467351,2.45216709405668,1.4400603656861222,-1.3084066794009135,-0.9855781742423222,-0.334746757176059,-0.18075687682229752,-0.6071969390270304,-0.438191632117665,-0.3134513070120573,-0.06819108421760532,0.008016308723472159,-0.17327749709020135,8.006302818719646e-05,0.01970302330161219,0.09635421730506646,0.1405603725788433,0.051576018272545945,0.20997891728218993,0.24630010800942487,0.4654049487882262,0.5580823776241585,0.34809814019539453,0.7996196293108976,0.9009473076630733,1.607054858287432,1.894492420003488,1.2532576077370723,0.008695427935634653,0.015436584041570153,0.04095946812153486,0.05280031725694517,0.026796643096609587,-0.00022461819616782317,0.01180688767607869,0.05202402481766842,0.07163217057488581,0.02993934219675712,0.148638752730846,0.1739391911115296,0.3128553756391561,0.3762819975380121,0.23565764059312722,-0.2558490475140972,-0.19577927608266707,-0.06968946623154394,-0.03526867041071751,-0.12321460981118397,0.07731061987659997,0.08810395107342886,0.15824357673658165,0.1863682204411099,0.12219430262757443,0.1321958453286818,0.18916414748480964,0.4269022449000172,0.5426303900477033,0.2889916553510413,-0.04220012057401095,-0.019247550593211683,0.03857362052141615,0.0664188274407176,0.007979512941166025,0.03518870419358708,0.047746233865779274,0.08254697032579629,0.09589484068485207,0.06474354310244648
2019,0.7948511109753383,1.0080018341793295,1.9489360622771184,2.412993369981818,1.4006130724946821,1.2839172092011655,1.4274479573819534,2.5655264249418392,3.011809639380343,2.0083916440719634,0.007244376703844421,0.03307224408795617,0.10080255400729801,0.1314219591198086,0.06490919953770725,-1.2437778379622901,-0.8949961631129734,-0.19728510408996805,0.027354709189955893,-0.5038719071241697,0.8523347723507559,1.0664683592593993,2.022913409798826,2.490395050231422,1.4661677415532672,-1.3049717419056759,-0.9823091676459331,-0.33321182952135436,-0.1802802787290976,-0.6050274448099466,-0.43306342229415257,-0.309619038019893,-0.06781384990397245,0.00693369246706182,-0.17155615222583487,8.001074397003665e-05,0.01964338144964006,0.09608910761580242,0.14009772245568627,0.05143135052001816,0.21122853766544059,0.24778004459078934,0.4684258511407581,0.5615967645653488,0.3504034528431328,0.8129273396230611,0.9160311810498747,1.634140525497625,1.9265591756662108,1.2743224559543092,0.009069123777250677,0.016097638482331863,0.04271565845573635,0.055066285413158715,0.027944316078713394,-0.00022636458147455864,0.011892340231595381,0.05243408599817342,0.0722225748200063,0.030173591773075478,0.1497667570872035,0.17515508135153168,0.3154035516075371,0.3793809678177149,0.23757923238981665,-0.25621825721132957,-0.1961382323531207,-0.06970909356612785,-0.03527038509534143,-0.12339289160224784,0.07853455833608172,0.08949383082837124,0.1607498747374592,0.1893261763407119,0.12412616562353504,0.13320179741998936,0.1905869303162295,0.42991606739644916,0.5466274193331414,0.2910857154755583,-0.045381951019309544,-0.022394061830763902,0.035466215019020225,0.06319090022445689,0.00521499074234894,0.03134476724913125,0.04329383620307917,0.07729408667995277,0.09059681294194147,0.05977315982314095
2020,0.8253567717863639,1.040429277955953,1.9937963047996345,2.4617374025878758,1.438056303702197,1.3009302983171536,1.4463147062603068,2.601228503659911,3.0531921106491406,2.035918845087547,-0.004265666135015719,0.021508243839022414,0.08790928249671982,0.11847726270361884,0.05283265674939006,-1.227365854492293,-0.8806154773648474,-0.190141659902941,0.03437502216052772,-0.49311205031678007,0.8709966893495524,1.0855389358984222,2.0542003382267477,2.525752800221732,1.4916319944008118,-1.2958495969669332,-0.9737776750363176,-0.3282616848434318,-0.17823985042038806,-0.5984381180394245,-0.42410745291241075,-0.3025901115601904,-0.06563294305469933,0.0069788124137246145,-0.1669031104344074,7.965975962968322e-05,0.019546876264927474,0.09563010977513943,0.13947826909490516,0.05116977822330386,0.21263545065035644,0.24941157590416363,0.4715671354704796,0.5653030062814506,0.3528403388082745,0.8262433636102896,0.9311135147898344,1.6613358491236163,1.9587976055917846,1.2955623491967625,0.008574615367083396,0.015229366470703156,0.04108713419425728,0.053358845846999854,0.026591977828432395,-0.00022822226261756993,0.011991347813447854,0.052879854024868736,0.07282722760470375,0.030430674267988195,0.1508733331928412,0.17618984673286547,0.3176997488018041,0.38205687034449276,0.239399682014244,-0.2567205565191796,-0.1965729547048228,-0.06980009234960545,-0.03514111978563032,-0.12365853427398732,0.07977744273929759,0.09090649873088652,0.16329406812749914,0.19233011716151113,0.1260877856519585,0.13350730332043337,0.19113751447954258,0.4318701790176056,0.5492616785357867,0.2921566332634923,-0.0472915882186692,-0.02428941033164053,0.03376128799272496,0.06115534680989152,0.0036691962417088916,0.023844878625059417,0.03395782416045079,0.06567812516733247,0.07863027951820732,0.04924220543626456
2021,0.8563574838063591,1.0716990475010542,2.0382880550082874,2.5089047542481464,1.475810543643114,1.3180148924796504,1.465460562139615,2.636976864790971,3.094610397738588,2.063441452601067,-0.005854526952836171,0.020424953380802132,0.08626927633911644,0.1168977772429268,0.05171145788535479,-1.2127538056045233,-0.8661408631558546,-0.18330067617329554,0.040390664697834075,-0.482827710516239,0.9015757161148891,1.1168683512695858,2.0974385589834625,2.5748093504134757,1.5273916966672765,-1.283465324676574,-0.965114538685807,-0.3227736429325826,-0.1755013469048707,-0.5906620511137095,-0.4139678151717701,-0.29533647106683036,-0.06373426948903464,0.0067808266522075885,-0.16244681166888736,7.904245526809335e-05,0.01940736065755965,0.0950659965374289,0.13874441699347134,0.050806857110079595,0.21419075982475555,0.25136217481138107,0.47508893033861,0.5693260187285627,0.35554480676327005,0.8392862137161399,0.9460081357494916,1.6883677657866916,1.9909260779010811,1.3166017078757877,0.00770476460670565,0.013670211962864396,0.03789740236483345,0.04974321393407999,0.024094679882742477,-0.00023030754903630526,0.012105485549309203,0.05338529609389002,0.0735196304049734,0.030721884602818994,0.1517863012820181,0.17715870386886415,0.31982692876054225,0.38469433204351056,0.2410465969311621,-0.2573650927168443,-0.19705793676413405,-0.06984776577935964,-0.03499891140659099,-0.12389533428257976,0.08110212033867922,0.09241468116127749,0.16596631915104645,0.19545692882332977,0.1281611849437066,0.1336884475737009,0.1915493290550002,0.43353353109934656,0.5515359465606701,0.2930807975340899,-0.04556468490647967,-0.02218020177972852,0.03567554752246584,0.0631711066599035,0.0057166844455544775,0.02131700770635774,0.030916468884248333,0.06180502413946577,0.07427673029744884,0.04622355112004353
2022,0.8898034300582836,1.1044571621643393,2.08399495724999,2.5607171489203853,1.5141793759194906,1.3351606327723575,1.4846672064730189,2.673039722158286,3.136345578097465,2.091089120569312,0.005369095357109484,0.03218405002756535,0.09981459027453465,0.13056000787401573,0.0643448504634211,-1.193494980674897,-0.8508168948977497,-0.1745042168818037,0.04676290875489686,-0.4709465520561382,0.9469489380553456,1.1623909035209095,2.156016976177331,2.6385329130481967,1.5803734773346982,-1.2705885530643526,-0.9541959410432541,-0.3181086463763691,-0.17319209411774597,-0.5832344956307886,-0.40727171338862284,-0.29035998971573135,-0.062280381880590055,0.00681380279782175,-0.15945366569511135,7.80025977456308e-05,0.019206876470425238,0.09418052556394789,0.13768551250990244,0.05029357918270752,0.21606845372218578,0.25353013294001553,0.4790007650189721,0.5737732945113551,0.35855854870481074,0.8523311485828083,0.9606344861862051,1.7154600145664063,2.023111420066313,1.3375338374634191,0.0077502378981263945,0.01378782845080231,0.037971874062086575,0.05001345026943564,0.024269300243475754,-0.00023260323682994396,0.012246512799139785,0.053954784580869816,0.0742422425299515,0.031045711293227363,0.15265257448252179,0.17810198400366892,0.3220801140912378,0.387094700311331,0.24267992060648924,-0.2579577295526517,-0.1974271236752762,-0.06994720567642149,-0.03491337416927692,-0.12415415864837823,0.08249255004050542,0.0939976409899178,0.1687455280270799,0.198703997292357,0.13031693278275,0.1344531199663727,0.19257651479266458,0.43603171576706473,0.5548034261869134,0.29471774612534474,-0.03948838211934231,-0.01546517397227379,0.0428783759959485,0.07044138170823437,0.012214931622146832,0.024855933838212895,0.03592431229984128,0.06854661572359157,0.0810006445960808,0.05211917187682709
2023,0.9078663079146527,1.1252837299703178,2.1244174283208808,2.6050802072890638,1.5444442594447882,1.3521816793639685,1.5038867473490043,2.7088143673348895,3.1782744409092127,2.1187987566214854,0.025385303513380295,0.05200827001901849,0.12364481934529133,0.15555580424769588,0.08582584786282976,-1.1929039209908021,-0.849653973325477,-0.17114962050108098,0.05124609254662801,-0.4694882057902881,0.9843489330630568,1.2038169731469084,2.2201954052302253,2.7053975004192146,1.6311150478528154,-1.2765824696829118,-0.9577343861424192,-0.3189156450629408,-0.17491768312414843,-0.5846611830201762,-0.4049558381209164,-0.2892744920569616,-0.06324399754753866,0.0052100120943013644,-0.15996229882648855,7.888362757105618e-05,0.01929371834280016,0.09443568690233434,0.13796851307237012,0.05049446778735194,0.21781935523181534,0.2556105083073463,0.4830209002208079,0.5783709836458288,0.36161128214384064,0.8652399572764604,0.9753061077090155,1.7424843456668386,2.055258245432625,1.3584624782430346,0.008175691401617129,0.01453060078745526,0.039611387483293625,0.05194223947852146,0.025433284676239266,-0.00023490483457805792,0.012377395854961733,0.054509387055601335,0.07498675787696536,0.031373615114541335,0.1535242254061523,0.17901723435196096,0.32408200976160906,0.38939556519354623,0.24424011571665527,-0.2587162118145664,-0.19796567776812998,-0.07006130934471905,-0.03479852836046104,-0.12445516768971529,0.08387575740206994,0.09557189226283522,0.1715339064452719,0.20197939874146809,0.13248960739665439,0.1361639918558219,0.19487974165760888,0.4406454270934256,0.5601291371755917,0.2980111214036819,-0.03208298199167866,-0.007500578572856224,0.052000110201207816,0.08039970771633478,0.020212153531771096,0.03367111399137521,0.04720342717177703,0.08396100570908718,0.09768631402783,0.06542357909913346
2024,0.912619722376359,1.1372054588157237,2.1587137720439125,2.6481469555085733,1.5682140548769166,1.3696545236212803,1.5238026720728857,2.745309556856185,3.2214548250265267,2.1470744086317737,0.04328517329016126,0.06981509563814522,0.14566487997301183,0.17939033898830603,0.1052173050075513,-1.2078149124992723,-0.8586991762386308,-0.17077079427802216,0.05606683990525393,-0.4762581162560249,1.0061714285690233,1.2345100348978872,2.2754094141900296,2.769202466234275,1.6741699831462258,-1.3025189705115277,-0.9737155051933697,-0.32330131096700626,-0.17832626730712622,-0.5943214342196191,-0.40630018465071854,-0.2906623142331579,-0.06498305486998157,0.0030460444664543395,-0.1618534101655143,8.202135702855202e-05,0.019721985764546653,0.09612488179522584,0.14010967907695998,0.0516088852655151,0.2193836326047496,0.25747286797143437,0.4866849172849944,0.5826966020810672,0.3644191375858178,0.8792082884180825,0.9910441612220714,1.7706722366680874,2.088804825950898,1.3803838195141047,0.008650991454408294,0.015351008652680326,0.04151309656867945,0.0542757859354249,0.02678347259378014,-0.0002370625735700043,0.01249334771648237,0.055035086004224805,0.07570726756820675,0.031668433454775755,0.15423098581677835,0.17973257394170297,0.3257504322270755,0.3913649097758114,0.24568085595719263,-0.25941116436272915,-0.19853463563334703,-0.07022778100194459,-0.03463168625276509,-0.12471048015598771,0.08519978727351157,0.09707981305611221,0.17427333665909733,0.20520788090018438,0.13460725270574825,0.1385793484442569,0.19819769745782323,0.44690269320065606,0.5679027000983844,0.30271883373535785,-0.025469636119273793,-0.0011192516800971842,0.060101931567933406,0.0891220809414553,0.02698977813370346,0.04341292330519425,0.0576053784661169,0.09876590067470735,0.11400863405913561,0.07758802609222568
