variable,Ant,Ant,Ant,Ant,Ant,GHG,GHG,GHG,GHG,GHG,Nat,Nat,Nat,Nat,Nat,OHF,OHF,OHF,OHF,OHF,Tot,Tot,Tot,Tot,Tot,aerosol-cloud_interactions,aerosol-cloud_interactions,aerosol-cloud_interactions,aerosol-cloud_interactions,aerosol-cloud_interactions,aerosol-radiation_interactions,aerosol-radiation_interactions,aerosol-radiation_interactions,aerosol-radiation_interactions,aerosol-radiation_interactions,bc_snow,bc_snow,bc_snow,bc_snow,bc_snow,ch4,ch4,ch4,ch4,ch4,co2,co2,co2,co2,co2,contrails,contrails,contrails,contrails,contrails,h2o_strat,h2o_strat,h2o_strat,h2o_strat,h2o_strat,halogen,halogen,halogen,halogen,halogen,land_use,land_use,land_use,land_use,land_use,n2o,n2o,n2o,n2o,n2o,o3,o3,o3,o3,o3,solar,solar,solar,solar,solar,volcanic,volcanic,volcanic,volcanic,volcanic
percentile,5,17,83,95,50,5,17,83,95,50,5,17,83,95,50,5,17,83,95,50,5,17,83,95,50,5,17,83,95,50,5,17,83,95,50,5,17,83,95,50,5,17,83,95,50,5,17,83,95,50,5,17,83,95,50,5,17,83,95,50,5,17,83,95,50,5,17,83,95,50,5,17,83,95,50,5,17,83,95,50,5,17,83,95,50,5,17,83,95,50
Year,,,,,,,,,,,,,,,,,,,,,,,,,,,,,,,,,,,,,,,,,,,,,,,,,,,,,,,,,,,,,,,,,,,,,,,,,,,,,,,,,,,,,,,,,,
1750,0.0,0.0,0.0,0.0,0.0,0.0,0.0,0.0,0.0,0.0,0.23209650445600657,0.25832560192485865,0.3398110585406124,0.37087291409004847,0.3004121059294135,0.0,0.0,0.0,0.0,0.0,0.23209650445600657,0.25832560192485865,0.3398110585406124,0.37087291409004847,0.3004121059294135,-0.0,-0.0,0.0,0.0,-0.0,0.0,0.0,0.0,0.0,0.0,0.0,0.0,0.0,0.0,0.0,0.0,0.0,0.0,0.0,0.0,0.0,0.0,0.0,0.0,0.0,0.0,0.0,0.0,0.0,0.0,0.0,0.0,0.0,0.0,0.0,0.0,0.0,0.0,0.0,0.0,0.0,0.0,0.0,0.0,0.0,0.0,0.0,0.0,0.0,0.0,0.0,0.0,0.0,0.0,0.0,0.049371223983094216,0.0693000778555915,0.12609060442186423,0.14216920927948315,0.09869811948348398,0.1477772992083607,0.17481750194670131,0.23231301301932286,0.25391512728306387,0.20249492421000376
1751,0.0016096722994346417,0.0024680339149264754,0.012763740542394677,0.023143250133669725,0.005421520786976434,0.0018000500130036803,0.0018810361205960496,0.002120221464574385,0.0022095157146900853,0.0020004851787363337,0.24397070015655617,0.27368635361167226,0.35585256361741624,0.3850780618822367,0.31462892387805375,-0.00042487579997712714,0.0004582806190607365,0.010646123824760417,0.02133871629843138,0.003398856834872055,0.24872391259765922,0.28149127111168587,0.3649792432611935,0.3949076083805169,0.32232413973054275,0.00032060894674330035,0.0006608860081695174,0.010721736677323653,0.021229756715222595,0.003696066538933815,-0.00030353760588744215,3.966078584671486e-05,0.001252989767757138,0.0016343480003368123,0.0006326469000365036,-0.0008517355728619418,-0.0006169489713465583,-0.0001420106811686769,-8.954455276431029e-07,-0.00036640670399937236,0.0003978851188528792,0.00045115054741512824,0.0005663948315665843,0.0006083505547422027,0.0005091490668407163,0.0012531731759955617,0.0013184808673794913,0.0015183987125602357,0.0015855704765586835,0.0014162011480921013,0.0,0.0,0.0,0.0,0.0,-1.692624655841171e-07,1.3374692714928927e-05,5.427463276593307e-05,6.847328436959895e-05,3.448519981809079e-05,3.869460837356253e-10,5.571458457963155e-10,1.0522382536948255e-09,1.2395152582752654e-09,8.071764067268478e-10,-0.0002617790062476101,-0.000201118849696476,-3.637864781061952e-05,9.70491974749647e-06,-0.00011861177878196,6.481900371382752e-05,6.819035111594171e-05,8.061047728684315e-05,8.569249079249123e-05,7.452160174711252e-05,-0.0006654802533466091,-0.0005704562892286789,-0.00031779670232560584,-0.00022457740959832192,-0.00043609519906549527,0.039841115359679595,0.05621453813627067,0.10227016865219934,0.11566541681611958,0.08012688904014632,0.17218749122181287,0.2036942564461475,0.27068700743797613,0.29585740830527024,0.23594349857287844
1752,0.0038309734795190222,0.005071157689857309,0.01964028673872763,0.038285543173096744,0.0094648308512255,0.0035995120097324527,0.003761466281706188,0.004239746810654267,0.004418318426920868,0.0040003305782103996,0.22167254189063024,0.2497548585287853,0.3259169385512847,0.35367020872553734,0.28601384824726095,-0.00017982726102229273,0.0010985976878917733,0.01566849500628551,0.03460648234826534,0.005433684844192946,0.23171280909396222,0.26277132902281153,0.3420998584996348,0.36949487008814763,0.2978238273902928,0.0004609368774210025,0.000929355224625985,0.015206002373739539,0.033788308566553536,0.00548552371730332,-0.000279680233723017,0.00026170698011197265,0.002104088058750846,0.002678862732590735,0.0011686425399276455,-0.001135949412458006,-0.0008228173670882837,-0.00018939792463319795,-1.1942448494859416e-06,-0.0004886721811209672,0.0007955297648370437,0.0009020284295275885,0.0011324473467621402,0.001216333436012463,0.0010179904153705304,0.002506047776103583,0.0026366475989294557,0.0030364356576872654,0.003170763181615899,0.0028320648779224444,0.0,0.0,0.0,0.0,0.0,-3.385249311682342e-07,2.6749385429857854e-05,0.00010854926553186614,0.0001369465687391979,6.897039963618158e-05,7.738921674580711e-10,1.1142916915736544e-09,2.1044765073538117e-09,2.479030516508313e-09,1.614352813426203e-09,-0.0005226857734310894,-0.0004019467564788718,-7.779976273340135e-05,1.4457931260385266e-05,-0.00024038668010757113,0.00012963074794749882,0.00013637306517373058,0.00016121192650897197,0.00017137538435421984,0.00014903485736025049,-0.0006176083646589777,-0.0005294200303137339,-0.00029493572593671826,-0.0002084222424089388,-0.0004047243195812615,0.024671304146344778,0.03492033366738137,0.06329160887821061,0.07169995067229351,0.049679525161276814,0.17417943228152374,0.20605068170191515,0.27381843446917303,0.2992800176669674,0.23867299732591918
1753,0.005652013374032402,0.006498207486610978,0.01697851901572076,0.02698359828937315,0.009589409091296009,0.005398386599892162,0.005641291099091305,0.00635857675735997,0.006626408858791092,0.00599953683977491,0.07864075177134672,0.09012743643851868,0.1175909350876247,0.12737865363278528,0.1030126628268816,-0.00023829819039900555,0.0005617749237171612,0.01077737426319565,0.021511735193294433,0.0035974850971786897,0.08828885307087797,0.10064390932594157,0.13102725149079839,0.1444294590611904,0.11421510363338057,0.000325944784634062,0.000675142548322634,0.010751819079569099,0.021471937634564453,0.003742812588024705,-0.0003050092639527509,4.1237274910629205e-05,0.0012656348610872263,0.001645271207055169,0.0006386344385870689,-0.0008518681485835842,-0.0006170450016847276,-0.00014203278564468654,-8.955849069772547e-07,-0.0003664637365277123,0.001192934323724781,0.0013526340837535357,0.0016981580947387203,0.0018239492336412965,0.0015265245392384649,0.003758623956284521,0.003954500358738051,0.004554111024349511,0.004755578312499756,0.004247591365740714,0.0,0.0,0.0,0.0,0.0,-5.077873967523514e-07,4.012407814478678e-05,0.00016282389829779922,0.00020541985310879686,0.00010345559945427239,1.160838251206876e-09,1.6714375373889463e-09,3.156714761084476e-09,3.7185457748257962e-09,2.421529220180543e-09,-0.0007849277008058724,-0.0006051452632929155,-0.00012168106673204971,1.5368397638434064e-05,-0.00036548572024088833,0.00019443523692608643,0.00020454814661819245,0.00024180435292078863,0.000257048686270847,0.00022353977169692723,-0.0002244208162839028,-0.00019237575486151515,-0.00010717101670498175,-7.57345470846443e-05,-0.00014706498060551088,0.006482282578261022,0.00923543439968122,0.016689188174503305,0.01891507024537425,0.013100503260481646,0.06614261892865053,0.0782453561897625,0.10397937419764648,0.11364811506281282,0.09063330212933336
1754,-0.0014659777437532942,0.004174461936013044,0.007824405727489173,0.008469840799765607,0.006785784619639475,0.0071966743918593715,0.007520511187187801,0.008476712022248988,0.008833787730850473,0.00799810460341614,-0.114032721370891,-0.10488785883642217,-0.08084548936098725,-0.07139723047386878,-0.09289269593419178,-0.009883268225001867,-0.0037163967376576223,-0.00030406916074877434,0.00023847007898960006,-0.001116178717672891,-0.1093705673390292,-0.099913651336394,-0.07465152334052098,-0.0648968259693704,-0.08666374601794041,-0.009693315754640455,-0.0035983788626852593,-0.0002424439809430857,-0.00012744144660194423,-0.0009199487486508701,-0.0009159129939447092,-0.0007579251728470523,-0.00030903479610906476,-0.00015350334344785632,-0.0005363611652386115,1.2947964585274256e-07,2.0534462608159245e-05,8.920959662330341e-05,0.00012315927315494332,5.2981682087118516e-05,0.0015900991802556784,0.0018029679463381746,0.002263527623178314,0.002431198535880262,0.0020347519307720606,0.005010901872377569,0.005272039310765854,0.006071425001368465,0.006340016066384941,0.005662780787659558,0.0,0.0,0.0,0.0,0.0,-6.770498623364685e-07,5.349877085971571e-05,0.00021709853106373228,0.0002738931374783958,0.00013794079927236316,1.5477843349425012e-09,2.228583383185262e-09,4.208953014779302e-09,4.958061033101062e-09,3.228705626907391e-09,-0.0010480908121813365,-0.0008088071094742322,-0.0001706373897024147,1.2391129826241904e-05,-0.0004938098578739461,0.00025923247486764887,0.00027271559988677413,0.0003223877617679724,0.00034271240211876093,0.000298036349606592,0.0003797114533460303,0.0005373249603531506,0.000964517255056199,0.001125182068059679,0.0007373419353734632,-0.03130350496111768,-0.02769296595829563,-0.015171336679886686,-0.011030305530236458,-0.021543933461432893,-0.08972429903571855,-0.08209090365379268,-0.0617740974678406,-0.05221908094542344,-0.07155428401388275
1755,0.009150856157561048,0.01017057190520329,0.01377078010546142,0.017578092817091998,0.011435836600759017,0.00899437599267567,0.009399127159101465,0.010594153321310315,0.01104045576209306,0.009996034507747546,0.00866869257122982,0.02238027033323726,0.058855755695698286,0.06920382532549069,0.03955988862455487,-0.0006950624377953562,0.0002465785288008799,0.003734182178184117,0.007470882577083754,0.0014076554137224394,0.021114553747603102,0.03403471078504854,0.07143209801230122,0.08227834322111248,0.05163460694542944,-0.0015988895947968115,-0.0006830400211552542,0.0024348640975697545,0.006682431285232148,0.0001277878265550963,0.00020225645332832182,0.0003137744387705648,0.0006308239778530132,0.0007578281165772707,0.00048254486563624043,1.408044903281771e-07,2.233049467090143e-05,9.701225008919378e-05,0.00013393131075978472,5.7615686958941564e-05,0.00198702471814084,0.0022530304523605436,0.002828556478298854,0.003038081929408409,0.0025426730809827705,0.006262881680093289,0.0065892646188381,0.0075883777774097645,0.007924076640283382,0.007077633319646254,0.0,0.0,0.0,0.0,0.0,-8.463123279205857e-07,6.687346357464464e-05,0.0002713731638296653,0.0003423664218479948,0.00017242599909045395,1.934730418664947e-09,2.7857292289626007e-09,5.261191268438287e-09,6.197576291334109e-09,4.035882033606746e-09,-0.0013128287109109432,-0.0010096811363437892,-0.00022165025718983103,9.966145719920431e-06,-0.0006198463938923123,0.00032402246598061855,0.00034087542940679607,0.0004029621582842316,0.00042836653746162437,0.0003725245959276274,0.000527424889511858,0.0007463524087801571,0.0013397288972916744,0.001562894726239114,0.0010241789795116122,-0.06708266880159554,-0.05936430232528839,-0.032439264554826396,-0.023127971485856026,-0.04628751576642379,0.06260674216612597,0.07406248679015064,0.09842080607678168,0.10757267179092182,0.08578819330085358
1756,0.011166714462278848,0.012241716831276781,0.023153063628429872,0.031239202228364186,0.01546082472946194,0.01079149200806787,0.011277139626628385,0.012710901368987284,0.013246413669981277,0.01199332719003168,-0.11545193034479345,-0.1044173444458463,-0.07225791284150539,-0.061113799111082175,-0.08877481175733304,-0.0005415657300361672,0.00037422628643549605,0.010911563685374716,0.019774434022335755,0.0034591929480532768,-0.09947614636915168,-0.0882533338478623,-0.05396150503375289,-0.041852512082540066,-0.07135090102474094,0.0003078844746137126,0.0006254322907127235,0.011065280371461376,0.019984604031774995,0.003587143448413819,-0.00044857754937557734,-8.996675825525523e-05,0.001096194466017462,0.0014683026596150203,0.00048959698337103,-0.0009081660715288124,-0.0006578240260165389,-0.0001514193918175033,-9.547719656409083e-07,-0.0003906824460023666,0.0023837113200662263,0.002702822035737299,0.003393245204858962,0.003644599999337381,0.003050288479570235,0.007514563535026597,0.007906176446658364,0.009104969540998929,0.009507760231060699,0.008492149137537396,0.0,0.0,0.0,0.0,0.0,-1.0155747935047029e-06,8.024815628957356e-05,0.00032564779659559844,0.0004108397062175937,0.00020691119890854477,2.321676502413752e-09,3.3428750747778925e-09,6.313429522168952e-09,7.4370915496515924e-09,4.843058440361086e-09,-0.0015743178701075947,-0.001207685630300294,-0.00027759297890706875,4.3818943804521105e-06,-0.0007540069635597806,0.0003888052144664714,0.0004090276395982599,0.0004835275476946229,0.0005140110978539029,0.0004470045154904178,0.0001056744696287242,0.00014953862914387668,0.0002684271134769612,0.0003131404576558863,0.0002052037600367062,-0.07815900665107603,-0.06914149045443213,-0.03784218917335301,-0.026997653454684366,-0.0539301877505373,-0.04430130547829232,-0.04053232222308003,-0.03050091437860286,-0.025783132123862476,-0.03532987416393832
1757,-0.00941117980264711,-0.00042619281638152037,0.015991121082487573,0.01783311087049519,0.011560647366606794,0.012588023042443048,0.013154549200249567,0.014826956878172601,0.015451662170440039,0.013989983286174509,0.10447749403322448,0.12841639554299272,0.1887672235690245,0.20859502494262322,0.15795858982432526,-0.0233902608787202,-0.014641079002924504,0.00196792859174216,0.003806240084012908,-0.0024290880581556602,0.11066226312776382,0.13614098064654706,0.19643568878058812,0.21727289631074745,0.1656490559532584,-0.02612121491925508,-0.017292790368900163,-0.0010196393465983463,-0.000514679561540937,-0.005279341213481862,-0.0015439421870494818,-0.0009666489220594782,0.0009438932677172952,0.0015403402917861402,5.406252243690663e-05,1.96746533204576e-06,0.0003120246663301135,0.001355555056443014,0.0018714261894714043,0.0008050657078443619,0.0027801593676971595,0.003152343129227825,0.003957594346164372,0.004250753329218309,0.003557598614928047,0.008765947592649368,0.009222774957800757,0.010621200480512393,0.01109106703542682,0.009906328417030527,0.0,0.0,0.0,0.0,0.0,-1.18483725908882e-06,9.36228490045025e-05,0.0003799224293615315,0.0004793129905871927,0.00024139639872663556,2.7086225861625564e-09,3.900020920593184e-09,7.365667775899617e-09,8.676606807969077e-09,5.6502348471154265e-09,-0.0018351684950164478,-0.001420762734831984,-0.0003346139932430209,-7.050776722996285e-06,-0.0008905962581555437,0.00045358072451748917,0.0004771722348714951,0.000564083935212769,0.0005996460888379071,0.0005214761131147772,0.0014012284649119256,0.0019828609927875327,0.003559305416715556,0.004152198012675966,0.002720972725773977,-0.05025307358868636,-0.044364033368177395,-0.02432928777669662,-0.017656129318607675,-0.03451746947843572,0.13991838245456226,0.1655205652570613,0.21995841836964844,0.24041171465786665,0.19172607973281963
1758,0.006663012313459988,0.010909485901878093,0.018166264551765527,0.01946217720864882,0.01581721507331418,0.0143839696988936,0.015031356489135629,0.01694232056021297,0.017656201977861493,0.01598600343072973,0.1900329531525379,0.21957444882605737,0.28812521355982734,0.31368047619108086,0.25243569826060663,-0.009518312081040042,-0.004876252279600089,0.001985023720614011,0.0029789477576910445,-6.919061003944496e-05,0.20413704983716008,0.23486016222124498,0.3012222737471987,0.3290275885332991,0.26773959207950615,-0.011366741797525679,-0.007062431421341495,-0.0004892082144360425,-0.00026882050727688756,-0.0019305876617149598,-0.00047407858712024246,-0.00020882319496199296,0.0006613565085657723,0.0009305099784162727,0.00023248935052961272,9.812023493329966e-07,0.0001556110446604967,0.0006760341767491803,0.0009333062920114171,0.0004014974754767101,0.0031763692416815594,0.0036015941644379035,0.004521604444072532,0.004856542501046754,0.0040646039741478925,0.010017034008308478,0.010539060315707876,0.012137070784175131,0.012673997249933528,0.011320171333681926,0.0,0.0,0.0,0.0,0.0,-1.3540997246729615e-06,0.00010699754171943336,0.00043419706212747243,0.0005477862749568016,0.0002758815985447313,3.0955686698850024e-09,4.457166766370524e-09,8.417906029558604e-09,9.916122066202123e-09,6.457411253814782e-09,-0.0020959038856635625,-0.0016222191102567107,-0.0004021544628267277,-2.0621329786181583e-05,-0.001024497747429757,0.0005183490003194178,0.0005453092196299557,0.0006446313260441649,0.0006852715159473077,0.0005959393936130061,0.0011872563012896155,0.0016800716422902186,0.003015787853321563,0.00351814381323007,0.002305471302651126,0.008087669018833218,0.012010407752691186,0.021951006536434812,0.025100978211529592,0.017092011353947667,0.1724393264607575,0.2039921723480505,0.2710829045308116,0.29629011872218497,0.23628858105778433
1759,0.006264516343700285,0.011029269802843402,0.01928738853259133,0.020784918592195476,0.016523627614523216,0.0161793325792042,0.01690756210115437,0.019056993124919038,0.019860033805114943,0.01798138825690743,0.23002082047469904,0.2583264065345929,0.3363530278935149,0.36590905339856317,0.2970081411083413,-0.011192780745778496,-0.00678284485772374,0.001199384479781278,0.0023969138055133896,-0.0012239320456496755,0.24525465791814052,0.27370835303804214,0.3510927395960311,0.38067239177063045,0.3137094096106009,-0.012444342916341552,-0.008269032647942941,-0.0004319890705827099,-0.00021420669578539543,-0.002566651542371428,-0.0008521880756754452,-0.0005588097959938695,0.00031747587031463054,0.0005983794243818746,-9.622610973371754e-05,8.760307215444339e-07,0.0001389316442494109,0.0006035724517464381,0.0008332684741006937,0.00035846237361664157,0.0035723413216538634,0.004050575571824156,0.0050852760389981785,0.005461968095268702,0.004571305043024566,0.011267822937232271,0.01185503268369762,0.013652580640068511,0.01425655107098264,0.01273367806291393,0.0,0.0,0.0,0.0,0.0,-1.5233621902570787e-06,0.0001203722344343623,0.0004884716948934055,0.0006162595593264005,0.0003103667983628221,3.4825147536206275e-09,5.014312612166839e-09,9.470144283253429e-09,1.1155637324477389e-08,7.26458766054163e-09,-0.0023560549744870065,-0.001831365722693864,-0.0004703977848541898,-3.7090373587453405e-05,-0.0011631873199963582,0.000583110046048121,0.0006134385982666992,0.0007251697253820152,0.0007708873847027103,0.0006703943617860426,0.001069227659393357,0.0015130507774503872,0.002715979510179362,0.0031683947861495423,0.002076277617608445,0.03392245087197673,0.04812662479877862,0.08658737869020885,0.09841398632839082,0.06802144626284468,0.16827297671199223,0.1990634663883587,0.26453320259003343,0.2891313789669545,0.23057955347961046
1760,-0.010055290829492402,0.005586013393258532,0.02008199645269212,0.022107587663785167,0.01554918207187798,0.017974112283857854,0.018783166642876496,0.021170975280571207,0.02206315836355271,0.01997613839657948,0.0949182633545916,0.114346968737114,0.16968169055394466,0.18769471046196348,0.14180968570188984,-0.03103215852160336,-0.014612669000853323,1.245993115607366e-05,0.0018403788418068022,-0.004465651141096398,0.10523764033004954,0.12549017043553531,0.1824397924182945,0.20149082035448165,0.1544418413499475,-0.031937937512849096,-0.015598500897166445,-0.0009424445954662485,-0.0004554030387485479,-0.0054494642222574375,-0.0025130075838099477,-0.0019606858427296332,-0.00016446350104989385,0.00037430175856934195,-0.001037993141235782,1.28112152264414e-06,0.00020317588783926155,0.000882674133898206,0.0012185853190504728,0.000524221183805928,0.003968075986239132,0.0044992877806986995,0.005648609669919194,0.0060670306907868446,0.005077702306061224,0.012518314534528629,0.013170692224961138,0.015167730236127936,0.015838728694823542,0.014146848780012726,0.0,0.0,0.0,0.0,0.0,-1.6926246558411957e-06,0.0001337469271492912,0.0005427463276593386,0.0006847328436959994,0.0003448519981809129,3.8694608373562534e-09,5.571458457963154e-09,1.0522382536948253e-08,1.2395152582752656e-08,8.071764067268477e-09,-0.0026235182649835894,-0.0020585875224920017,-0.0005467601687130943,-5.604494142425466e-05,-0.0013138209245795967,0.0006478638658722265,0.0006815603751671703,0.0008056991384105259,0.0008564937006151541,0.0007448410224265062,0.0012595921989545368,0.001782433272423859,0.003199530589662506,0.003732493562789502,0.0024459366225966493,0.046498755928730366,0.06578886377360191,0.11859629485682026,0.13438440423660533,0.09305128942054436,0.03645133667607506,0.04312118068516639,0.0573032522394458,0.06263171570549159,0.049948203797985966
1761,0.00019000110193843678,0.008722778669084769,0.023715223434812405,0.025851326698264638,0.01932613544606091,0.019768309412032486,0.020658170719571604,0.023284267733915388,0.02426557636300535,0.02197025448027491,-1.486865625011792,-1.3546978082003565,-0.9809012956212237,-0.8170910096579692,-1.1648983961290522,-0.021274906115569158,-0.013216581351999242,0.0015777241606040188,0.0035645081316128735,-0.002480729932987056,-1.4755018976727552,-1.3401913405990993,-0.9678198995634559,-0.7995189846563444,-1.1450092531883405,-0.023549731108004467,-0.01564480840190581,-0.0010150543239945446,-0.0005263534288849843,-0.004966944300958474,-0.0016183945783309402,-0.001057305902989051,0.0006092438941775297,0.0011640708345687964,-0.00017335098205889418,1.667180058005506e-06,0.0002644017624292697,0.0011486628612055046,0.0015857989324120875,0.000682192195024146,0.0043635736130564805,0.0049477312192330435,0.006211605874381479,0.006671730864965822,0.005583796246473778,0.013768508955177557,0.014486039102555045,0.016682519760133872,0.017420530317543842,0.015559683660120012,0.0,0.0,0.0,0.0,0.0,-1.8618871214253131e-06,0.00014712161986422015,0.0005970209604252716,0.0007532061280655985,0.00037933719799900374,4.256406921078699e-09,6.128604303740494e-09,1.157462079060724e-08,1.3634667840985703e-08,8.878940473967833e-09,-0.0028980261288160925,-0.002287216779676905,-0.000624177388282393,-8.973951052411679e-05,-0.0014745414453800575,0.0007126104639531603,0.0007496745547092387,0.000886219570304947,0.0009420904691861583,0.0008192793803187367,0.0016073303710662462,0.0022745132397166204,0.004082831486403688,0.004762930628071764,0.003121191304984172,0.04330427101320837,0.06145905560863706,0.11061370138347656,0.12565069605073903,0.0869489312338213,-1.5660771552726322,-1.4328413846589356,-1.0782252285242984,-0.9114488562948196,-1.248931791725912
1762,0.016187772720538573,0.019746958966996634,0.02512659207880477,0.026832375863611476,0.022878448040980038,0.02156192456161608,0.022532574935224335,0.025396871190182083,0.026467239833866844,0.02396373713719761,-0.6771566659094783,-0.6172464610193286,-0.43605673340145573,-0.36203180278068536,-0.5252116747946314,-0.007125131371350826,-0.003715630451500099,0.0007815751311137855,0.0019407880953633367,-0.0009920097302180027,-0.6571745659829757,-0.5957554597378906,-0.4146002871821032,-0.33758588628331254,-0.5024333762375703,-0.008066482446246987,-0.004253799127760033,-0.00028601063694156325,-0.00013974595089741852,-0.001455803260974557,-0.0006660298990073338,-0.0005223193160199751,-4.944817425779642e-05,7.667611245099365e-05,-0.0002844019510545617,3.6518151889984417e-07,5.791494250430723e-05,0.00025160476599071806,0.00034735568004621903,0.00014942836004082865,0.004758834578722889,0.005395906314462399,0.006774265188504381,0.007276069193638044,0.006089587346195767,0.015018406354044141,0.015801073479415038,0.01819694939972754,0.019001956135085735,0.016972182878247595,0.0,0.0,0.0,0.0,0.0,-2.03114958700943e-06,0.00016049631257914908,0.0006512955931912047,0.0008216794124351974,0.00041382239781709453,4.643353004827504e-09,6.685750149555785e-09,1.2626859044337904e-08,1.4874183099303185e-08,9.686116880722173e-09,-0.003184257963246282,-0.002523566106069395,-0.000709806854926692,-0.000125960051307532,-0.0016319774648808239,0.0007773498444432861,0.000817781141261239,0.0009667310262292581,0.0010276776959052606,0.0008937094402366548,0.0010521120332982554,0.0014888306675961058,0.0026725035587579775,0.0031176768122877624,0.002043041672896001,0.03210334988161474,0.045669571419813704,0.0823273570880283,0.0936013489582134,0.0646533395310405,-0.7378478891649358,-0.675074652369035,-0.5079993704221661,-0.4294236796921112,-0.5884267471327242
1763,0.01744373460453109,0.02105732714794538,0.027650758763170854,0.02950137308261802,0.024956602807444193,0.023354958329205106,0.024406379892532148,0.027508786353083715,0.02866809949322894,0.025956586995223373,-0.01725193063107948,-0.009803687823552263,0.00978181595935737,0.01773154017376636,0.0007843347572612739,-0.007903520126594963,-0.004616685318909026,0.0012587216284342456,0.0025250722272686468,-0.0009693488417069041,0.006196923808120988,0.014075295801085116,0.03495816740786626,0.042546234588312644,0.024916700345174743,-0.00876712870203943,-0.005687578356263416,-0.00045566531308040915,-0.0002379658296988738,-0.0018522719641335637,-0.0006855201486683058,-0.0004889671395725212,0.00010994317561002949,0.0003230241873387734,-0.00017300844591048046,5.810573448240603e-07,9.215116586012216e-05,0.00040034007666127835,0.0005526938213227799,0.00023776243219622215,0.005153859258856914,0.005843813492289896,0.007336588146985985,0.007880046251109383,0.006595076085883113,0.01626800688587124,0.01711579551834823,0.01971101934240206,0.020583006343236766,0.01838434660926916,0.0,0.0,0.0,0.0,0.0,-2.200412052593547e-06,0.000173871005294078,0.0007055702259571377,0.0008901526968047963,0.00044830759763518527,5.030299088563128e-09,7.2428959953521e-09,1.367909729803273e-08,1.611369835757845e-08,1.049329328744902e-08,-0.0034624451331246174,-0.002761919788847741,-0.0008020566276386597,-0.00016767147302161012,-0.0017925134739209894,0.0008420820114870639,0.000885880139183192,0.00104723351133761,0.0011132553862515503,0.0009681312069450946,0.0013125717765818912,0.0018574040145420926,0.0033341057159508502,0.003889485589746748,0.0025488149107251437,0.014833938026466322,0.021896426172346335,0.03978044729858238,0.0453868816670549,0.030994372644602985,-0.03828603147052889,-0.03502880439870679,-0.02635947079147135,-0.022282273563850156,-0.030532749757299207
1764,0.028252238690878336,0.030261583974765402,0.044525854459385915,0.06697151167102298,0.03459326999975483,0.025147411310107202,0.02627958619290779,0.02962001392481759,0.030868232903129417,0.0279488046809023,0.11804849311767654,0.13905933854616845,0.18766989229874603,0.20517737956034168,0.16264849553649557,0.000971837446821366,0.0025991204157560484,0.016527731065252186,0.039782856797675646,0.006269822314333028,0.15338618016263808,0.17454277842402835,0.2294852095353927,0.25274727750516834,0.19957619762916573,0.00036718690083412055,0.0007346035666559815,0.014301313704035116,0.038345823017030205,0.0043449771001438904,0.00017791673393113065,0.0008313685973681716,0.0026370763280892467,0.0032858611838035745,0.0017157316545016606,-0.0006673142643368094,-0.00048336462872405157,-0.00011126194120743323,-7.015599589494892e-07,-0.0002870708092017765,0.005548648028082414,0.006291453177490804,0.007898575283108398,0.008483662610164842,0.007100262944918877,0.017517310705277393,0.018430205382030926,0.021224729775499943,0.022163681137627206,0.019796175027917903,0.0,0.0,0.0,0.0,0.0,-2.3696745181776644e-06,0.00018724569800900693,0.0007598448587230708,0.0009586259811743953,0.0004827927974532761,5.417245172285574e-09,7.80004184112944e-09,1.4731335551691717e-08,1.7353213615811496e-08,1.1300469694148377e-08,-0.003747492369203879,-0.0029958890750303026,-0.0008851403351201303,-0.0002025596753549325,-0.00195552833197948,0.0009068069692214553,0.0009539715528272295,0.0011277270307748272,0.0011988235456942035,0.0010425446852002696,0.0010217916843618478,0.0014459247184955863,0.0025954858668480107,0.00302782987030082,0.0019841641632265825,-0.010611393698308482,-0.00878795783904743,-0.0033093922093969633,-0.001457351250109411,-0.005906867952265209,0.12305084718093458,0.14556661836312165,0.193441842666765,0.2114294393767629,0.16861298797150015
1765,0.00933111103364312,0.018515210007630213,0.031265480531087006,0.033799805190226705,0.026966394559847985,0.026939284098352143,0.028152194436490696,0.03173055460607895,0.03306764081689399,0.029940390819470853,0.13246454501885097,0.16135990275303488,0.23331284138356004,0.2570898765089609,0.19634678757333843,-0.019673259933370792,-0.011224976556623916,0.0011108666110189892,0.0030787014835348576,-0.0026910547816288684,0.15704143029376286,0.18624863641600256,0.2572569876165952,0.2820592183155177,0.22115071162302297,-0.021741870965397307,-0.013078161847900283,-0.0008388591633887514,-0.00042266486950621367,-0.004270920061108895,-0.0016393988794804089,-0.0012086810328058924,0.00017889839948801472,0.000635908781751194,-0.0004665081698310173,1.2335707155704035e-06,0.00019563470047029134,0.0008499123180141482,0.0011733556399100714,0.0005047639036537114,0.005943201260032241,0.006738825793716721,0.008460227128743027,0.00908691884207423,0.007605148401417999,0.01876631796676344,0.019744303233015605,0.02273808088622107,0.023743980713738393,0.021207668308794017,0.0,0.0,0.0,0.0,0.0,-2.538936983761781e-06,0.00020062039072393586,0.0008141194914890039,0.0010270992655439944,0.0005172779972713668,5.8041912560212e-09,8.357187686925756e-09,1.578357380538654e-08,1.8592728874086765e-08,1.2107646100875223e-08,-0.004030715868147338,-0.0032312486375095546,-0.0009896085511455592,-0.00025496174917257955,-0.002120061303998739,0.0009715247217759394,0.0010220553865376123,0.0012082115896764303,0.001284382179692504,0.0011169498797497905,0.0017352786887972296,0.002455571314594865,0.004407837116651255,0.005142074189533181,0.00336964749294532,-0.0532247829756246,-0.04631301387247532,-0.025150899377214923,-0.017940867083031855,-0.03582563013173057,0.16901466454123268,0.19994086781758136,0.2656991714854837,0.29040576793315387,0.23159586668586113
1766,0.025131716122873352,0.02984158691237439,0.03766801768707193,0.04091027089996625,0.03391609155601733,0.028730577286691206,0.030024205222146147,0.033840409096060835,0.03526632398621444,0.031931346034851066,-0.35658210488746844,-0.3290942973531208,-0.2526983163395685,-0.2209019808322416,-0.28890870551047343,-0.006270205166355118,-0.001815155553327396,0.005232954442547214,0.007813561743727306,0.002086075124557573,-0.3228514213337857,-0.29608003902196656,-0.21877826890811436,-0.1869432611999989,-0.2559338829097735,-0.00876365161590231,-0.004150846371092951,0.0015358507214372997,0.00494896325863638,-0.0002611010323053271,0.00016394661242024675,0.0003958983821787638,0.001043174166625353,0.0013146023024389936,0.0007111480500066006,7.700757380294415e-07,0.0001221280097259492,0.000530571006018426,0.0007324855389072233,0.00031510673099678416,0.006337519327351965,0.007185931763499792,0.009021544214355866,0.009689815516597828,0.008109732932232048,0.02001502882470939,0.0210580892337276,0.02425107286161891,0.025323905266898764,0.022618826626361124,0.0,0.0,0.0,0.0,0.0,-2.7081994493458984e-06,0.00021399508343886476,0.0008683941242549369,0.0010955725499135931,0.0005517631970894576,6.191137339770005e-09,8.914333532741048e-09,1.6835812059117208e-08,1.9832244132404247e-08,1.2914822507629565e-08,-0.004310701447504452,-0.0034789944323595804,-0.0010885118169882571,-0.00030371377825099235,-0.002288835249155097,0.001036235273271045,0.0010901316446491843,0.0012886871931668078,0.0013699312936939034,0.0011913467953309773,0.0017075753485515592,0.002416368661980673,0.004337466972547934,0.0050599821130495725,0.0033158518164308243,-0.07363178687279576,-0.06450112346617555,-0.03509379768233748,-0.02534280487124577,-0.05001400354368758,-0.3020261400762387,-0.27633092743422,-0.207941353851958,-0.17577766141139073,-0.24086300410135986
1767,0.0260399318871781,0.03126104458756246,0.03880342763973758,0.04102842649751097,0.035316634863669136,0.030521291466601257,0.031895619147469086,0.03594957809245809,0.03746428316115317,0.03392167094965407,-0.051767073794526365,-0.04438138713742876,-0.02297813844521676,-0.015643687271656666,-0.03387472059793751,-0.007288121713160939,-0.002409692760349594,0.004135996252420663,0.00571674466387945,0.0016397425806688641,-0.0182735677501955,-0.010728221957947695,0.012906384844394709,0.02105079365448502,0.000517812393471262,-0.00984087815004786,-0.004687625715381865,0.00028520899660669133,0.0013805030465919126,-0.00037107915404380773,1.0368456840610455e-06,0.0002409147657650632,0.000931799984335563,0.001233408133977985,0.0005689168818671577,8.652571945645271e-07,0.00013722304684423654,0.0005961496480327115,0.0008230208421781478,0.0003540539619497176,0.0067316026017034776,0.007632771508256796,0.009582527069012628,0.010292353201991919,0.008614017012953844,0.02126344343337241,0.022371563546463028,0.025763705888598123,0.02690345499228138,0.024029650154944043,0.0,0.0,0.0,0.0,0.0,-2.8774619149300156e-06,0.0002273697761537937,0.0009226687570208701,0.0011640458342831923,0.0005862483969075485,6.5780834235056295e-09,9.471479378537363e-09,1.788805031281203e-08,2.1071759390679512e-08,1.3721998914356411e-08,-0.004603171314185863,-0.003721206577233437,-0.0011998461980835117,-0.0003569743681898837,-0.002466779014639513,0.0011009386278198763,0.00115820033148898,0.001369153846361116,0.0014554708931360382,0.0012657354366726156,0.001807180089501146,0.0025573180934768827,0.0045904761733099935,0.005355136413565424,0.003509269085825679,-0.05471435479368825,-0.04750940848896393,-0.02578960217287868,-0.018539059556659212,-0.03676159018083072,0.0021870260979847313,0.002587206838872188,0.003438110082512462,0.0037578099817496035,0.0029968180926916205
1768,-0.015014883419603919,0.005044852896228492,0.03822388502541681,0.04226033688526006,0.02886446544161696,0.03231142722829132,0.03376644590721071,0.038058062291475014,0.03966151909015145,0.0359113661851871,0.14003895624412727,0.1617710159625903,0.21103736393972236,0.2283960740461582,0.18474221773805063,-0.05019738847689352,-0.030299337907664422,0.0021247178759999687,0.005904891803774904,-0.007029000765657198,0.15524993971022183,0.17930266911376447,0.23677853708621927,0.2578439506022413,0.2104148042141351,-0.05472762356934109,-0.034692521015700487,-0.0022363653241676707,-0.0011415443446933142,-0.011065118208933914,-0.004027326055529836,-0.0027905631481449306,0.0008946575208394438,0.0021536185526186487,-0.0008462096252211495,3.48484159855878e-06,0.0005526687150685269,0.002401005279680039,0.0033147337985981926,0.0014259597984133377,0.007125451453768305,0.00807934544829291,0.010143176220383463,0.010894532465013842,0.00911800111792169,0.022511561946889132,0.023684726333391175,0.0272759801539173,0.028482630084906754,0.02544013906873136,0.0,0.0,0.0,0.0,0.0,-3.046724380514133e-06,0.00024074446886872264,0.0009769433897868032,0.0012325191186527912,0.0006207335967256392,6.965029507241255e-09,1.0028625224333678e-08,1.8940288566506857e-08,2.2311274648954777e-08,1.452917532108326e-08,-0.004895985466636914,-0.003943797088029479,-0.0013070825768164564,-0.00042469293820343677,-0.002631490358370581,0.0011656347895285086,0.001226261451376638,0.0014496115543657685,0.0015410009834472506,0.0013401158084954084,0.0029390191403494406,0.004158969473133813,0.0074654968893555695,0.008709064752365431,0.00570712851021133,0.008554765165756758,0.013201210537797345,0.025502987011790854,0.029765282824281224,0.019360520293001594,0.12126249442175664,0.14345103387461253,0.1906304662236195,0.2083566411803807,0.16616246033044554
1769,0.011972409708021008,0.022331828491991227,0.039829374929834745,0.043012164586603605,0.034036452027697284,0.03410098516070796,0.03563672669572424,0.040165862387832936,0.04185803252003736,0.03790043236145985,0.07634474159046953,0.09358210397451032,0.14423272635671747,0.16162702886252628,0.12034527237320225,-0.025099890289622704,-0.015101712338931933,0.0016689228785739052,0.00433478481197126,-0.0032338983778459757,0.10581296662688044,0.12441912831429604,0.1774682763698508,0.19402953450158147,0.1512084573875592,-0.027617845340073634,-0.017859904664446025,-0.0012996914532461855,-0.0006722519186944367,-0.005701428718131504,-0.0020602291253356856,-0.0014088553687724688,0.00048505714168443296,0.0011244583609741766,-0.0004097870965558831,1.8338537794134383e-06,0.0002908349155127005,0.0012634986360223197,0.0017443367029430351,0.0007503932938281632,0.007519066253252095,0.008525654002806778,0.010703492194749345,0.011496353870928861,0.009621685720225127,0.02375938451927893,0.024997577756557962,0.028787895844192963,0.03006143073964706,0.026850293541779178,0.0,0.0,0.0,0.0,0.0,-3.21598684609825e-06,0.0002541191615836516,0.0010312180225527363,0.0013009924030223901,0.00065521879654373,7.3519755909768805e-09,1.0585771070129993e-08,1.9992526820201683e-08,2.3550789907230043e-08,1.5336351727810107e-08,-0.005179630470216435,-0.004178462931393352,-0.0014330315344038744,-0.0004967996648417217,-0.002803454749340107,0.0012303237624933956,0.0012943150086216764,0.0015300603222752147,0.001626521570043165,0.001414487915508998,0.002347976145867763,0.003322591874358927,0.005964169600873284,0.006957653324074808,0.004559412839272895,0.042713867684798644,0.060824060385817474,0.10996278008245633,0.12469672683104222,0.08642230899217634,0.02480144699688001,0.02933960108815402,0.03898906604701473,0.04261454637993996,0.03398469965844055
1770,0.013242427746375464,0.02389697737712758,0.04200712406361381,0.04534460155105083,0.03600418062044593,0.035890066220322946,0.037506418452780015,0.04227310180865324,0.044053824196024424,0.03988887009718281,0.22300836147076683,0.25150639020970184,0.33753098131191006,0.3696625245559445,0.2958529451793622,-0.025728404142517952,-0.015704262286632003,0.001817381957216868,0.004650203729170006,-0.0033151623083443387,0.254849874556842,0.2847332588562753,0.37264609381504504,0.40326186098654476,0.33004452520465954,-0.02847083351134109,-0.018491618028053443,-0.0013361359136780313,-0.0006929435791840284,-0.00595314733705287,-0.0021086510678274615,-0.0014321279866358742,0.0005348641167924591,0.0011985233473490301,-0.000399057568676879,1.919057317333307e-06,0.00030434753251111464,0.0013222026369380654,0.0018253811461165597,0.000785257667522097,0.007912447368887052,0.008971697589893298,0.011263475517005541,0.012097817983513885,0.010125071291708027,0.02500691130443661,0.026310117977878234,0.030299453145890696,0.031639857151216845,0.02826011374800278,0.0,0.0,0.0,0.0,0.0,-3.385249311682367e-06,0.0002674938542985805,0.001085492655318669,0.001369465687391989,0.0006897039963618208,7.738921674699327e-09,1.1142916915907333e-08,2.104476507386067e-08,2.479030516546309e-08,1.6143528134509465e-08,-0.0054973787120429565,-0.004443318211906155,-0.00155511907270532,-0.0005831713434394492,-0.0029984029299459387,0.0012950055508051403,0.0013623610075274568,0.001610500155176627,0.0017120326583316703,0.0014888517624162996,0.002500681010526821,0.0035386826312365917,0.0063520601308975685,0.007410156860393668,0.004855942478967604,0.0589770824272776,0.08358916268910375,0.15018585186025585,0.17104492327339005,0.11814435618750517,0.13025856222050922,0.15409319683432177,0.2047727169404067,0.22381393883302375,0.17848950972744382
1771,0.03643170499651979,0.03976670974891509,0.0485586686156946,0.05272777671188091,0.044038268860679006,0.03767870715296998,0.03937552175732473,0.04437978886179322,0.04624889486172499,0.041876680009778705,0.26657277999919393,0.2944191764046635,0.38728878155286844,0.42074987423098176,0.3428575817899965,-0.004170575445707119,-0.0013763830017831016,0.005989854267578829,0.00970530079941501,0.0019886996263962222,0.3100136630942935,0.33758687004813676,0.4331712454669439,0.46575211152985896,0.3873998914755649,-0.006039331799197644,-0.002852370542339431,0.0023299889601923226,0.007291509277000748,-0.0002677695343255793,0.0001541100847476798,0.0003719685424040928,0.0009003600819987552,0.001136599858065699,0.0006276006138216589,5.298729634918303e-07,8.403372193550873e-05,0.00036507478085366803,0.0005040079359062237,0.00021681833243667977,0.008305595168436507,0.009417476626548784,0.011823126710668111,0.012698925365064444,0.010628158302974464,0.026254142456139933,0.027622347159143714,0.031810652245334275,0.033217909514182575,0.029669599861185225,0.0,0.0,0.0,0.0,0.0,-3.554511777266484e-06,0.0002808685470135094,0.0011397672880846023,0.001437938971761588,0.0007241891961799116,8.12586775844813e-09,1.1700062761722623e-08,2.2097003327591333e-08,2.6029820423780574e-08,1.6950704541263803e-08,-0.005845078717031453,-0.004733861681009315,-0.001708474614256686,-0.0006741334098601965,-0.003218153684100757,0.0013596801585458943,0.0014303994523884509,0.0016909310581466673,0.0017975342537094822,0.001563207353910512,0.002023290749121585,0.002863133603093929,0.005139425799055249,0.005995527523126904,0.003928923143176846,0.05486054919198792,0.07809767173459964,0.14084374181504225,0.16003197371141603,0.11063866283943588,0.16981907256382253,0.2008924659440079,0.2669637395377208,0.29178792450617014,0.23269812354426123
1772,0.04134281096905576,0.04403511404757222,0.05589897340278986,0.06982626212445468,0.04805193655232093,0.039466793743789017,0.041244037187096946,0.04648581702062469,0.048443245259151495,0.04386386271538298,0.2544645644968877,0.28453728869780315,0.37184583834660967,0.4033365125459562,0.32896549648649237,-0.0005673585102238525,0.0009080725628066243,0.011678755957597538,0.025651862259997354,0.0037312279156054007,0.30382772922896295,0.33528553066355216,0.4239811634761651,0.4547981455662489,0.3793675301677313,-0.000545890740780169,-0.00025464650928736746,0.008748679965867614,0.02427755773720268,0.00017569022194867569,0.00036677952480040953,0.0007308342828000593,0.0018435797194221442,0.002205790760773077,0.0013034351642599467,4.804133777384138e-08,7.6189817145842805e-06,3.309978441648231e-05,4.569626525196509e-05,1.965800005252044e-05,0.008698510018697942,0.0098629915286744,0.012382446297878213,0.013299676576399333,0.01113094722339257,0.027501078128046648,0.02893426546201985,0.033321493328702066,0.03479558802295889,0.031078752054973915,0.0,0.0,0.0,0.0,0.0,-3.7237742428506263e-06,0.0002942432397284403,0.0011940419208505432,0.001506412256131197,0.0007586743959980075,8.512813842170578e-09,1.2257208607499963e-08,2.314924158125032e-08,2.7269335682013623e-08,1.7757880947963157e-08,-0.006191274554909775,-0.005024859651457714,-0.001849913463284597,-0.0007452463677676572,-0.003431832538937551,0.0014243475897897625,0.0014984303474906643,0.0017713530362519908,0.0018830263615626777,0.001637554694675583,0.0018922290720952992,0.0026776698521551595,0.004806511824892724,0.005607158282482961,0.003674421284620086,0.04308491175528924,0.061694957389561614,0.11156197081675674,0.12675024234709667,0.08746125908071922,0.17680786972648566,0.20916006907475881,0.27795046439286897,0.30379627308622537,0.2422746685166875
1773,0.04149758171759468,0.04483296420265351,0.0554823299082076,0.06419335213446806,0.04897424539663603,0.04125432652903108,0.04311196531862833,0.04859118692224765,0.0506368761287187,0.04585041882884506,0.22748957105312664,0.2563246691136164,0.333771467882634,0.3607781975660718,0.29374444842455155,-0.0023987732096049435,-0.0003197732882980787,0.008721551015280282,0.018618321592896007,0.0028537869250504196,0.27446952481605374,0.3056836899650505,0.3849431585895542,0.41425726409449093,0.3437655906495165,-0.0032153147237270257,-0.0014607175137752945,0.00593636068998587,0.016670429828798083,-3.3997832686739825e-05,0.00033556688509376724,0.0006069775888611662,0.0013991095977142975,0.001690338985635385,0.0010215478105875713,2.8340264375703804e-07,4.494545032893374e-05,0.00019526030802012424,0.0002695687293970678,0.00011596532161712156,0.009091192285506772,0.010308242711080452,0.012941434799407497,0.01390007217686638,0.011633438521099385,0.028747718473691352,0.03024587304804252,0.03483197658202321,0.036372892871804584,0.032487570502877094,0.0,0.0,0.0,0.0,0.0,-3.893036708434743e-06,0.0003076179324433692,0.0012483165536164764,0.0015748855405007959,0.0007931595958160983,8.899759925906203e-09,1.2814354453296278e-08,2.4201479834945145e-08,2.8508850940288885e-08,1.8565057354690007e-08,-0.006550841167696914,-0.005322304400088885,-0.0019912663998894555,-0.0008220185732076107,-0.003650818446678356,0.0014890078486031967,0.0015664536971120525,0.0018517660945497354,0.001968508987267218,0.0017118937893866612,0.0019855829971672794,0.0028097738317588525,0.005043643127532398,0.005883789818214531,0.0038557004195545674,0.024337440186347967,0.035949334386069266,0.06555298464575485,0.07495986233005411,0.05115358830222322,0.1779346883269742,0.21049307227579,0.2797218773609502,0.30573240461590345,0.2438187151891242
1774,0.009509127876674753,0.024595225730563646,0.049532042937454404,0.053509162020993546,0.041524629952604,0.04304130604384624,0.04497930672725606,0.05069589920245638,0.05282978820925827,0.047836348963741476,0.18981167059783777,0.2193787338552803,0.2902928058005697,0.3177853060777865,0.2533089121175708,-0.037396998266222545,-0.022236900110672236,0.0013674221952925485,0.004966266350613982,-0.005517319463338654,0.22359158960394285,0.2535908661751463,0.32864324888917024,0.35527443122030666,0.2927630142116159,-0.04028710093546797,-0.02546409628347461,-0.0018172859941884467,-0.000927813579035365,-0.008184211664681144,-0.0030607372956251554,-0.002134856599509621,0.0005882080900565135,0.001513557392930373,-0.0007053688156417161,2.5945403404116573e-06,0.0004114738749450745,0.0017876006353481203,0.002467891384717674,0.0010616580743063795,0.009483642333739668,0.010753230587490153,0.01350009273466282,0.014500112724347538,0.012135632663005094,0.029994063646493027,0.03155717007862596,0.03634210219118677,0.037949824254832176,0.03389605537827235,0.0,0.0,0.0,0.0,0.0,-4.06229917401886e-06,0.00032099262515829815,0.0013025911863824094,0.0016433588248703948,0.0008276447956341891,9.286706009641827e-09,1.3371500299092593e-08,2.5253718088639968e-08,2.9748366198564154e-08,1.9372233761416853e-08,-0.006905521578921889,-0.005637542020795666,-0.002121873650738114,-0.0009140138058500954,-0.0038510333400095073,0.0015536609390454069,0.0016344695055229516,0.0019321702380880326,0.0020539821361894887,0.0017862246427105704,0.002898317859455872,0.004101373596186352,0.007362110258852853,0.008588456456237032,0.005628092808333531,0.0019622181420690843,0.005620634541720139,0.014615834251042417,0.017974124162526767,0.009901224556927374,0.17810827647951769,0.2106984234857374,0.27999476627526837,0.3060306686800326,0.24405657797306562
1775,0.02586903799432347,0.0362928751354196,0.054178337413198156,0.05782853888859372,0.04797846917064938,0.04482773282227897,0.04684606198711827,0.052799954495734214,0.055021982238014966,0.04982165373237116,0.15305678773203854,0.18278277748703997,0.2563701860910289,0.2817216788370149,0.21858442256140526,-0.024090025843157413,-0.012901664500264665,0.003911112904835952,0.006485575307682721,-0.0012574438303955705,0.19663666366588722,0.22649986519912674,0.3031933143871329,0.32797497291485794,0.26449685499900505,-0.027549133207180578,-0.01680233035201958,-0.0011666560204807218,-0.0006349479978738338,-0.004514448831089779,-0.0011379838463518946,-0.0004820673264048022,0.0016141907343514101,0.0022604025055567036,0.0005764157552154392,2.404066422416549e-06,0.0003812661961926284,0.0016563668705374803,0.0022867151918052266,0.0009837181903760363,0.009875860527318321,0.011197955570543896,0.014058420621691624,0.015099798775264624,0.012637530114797863,0.031240113799747882,0.03286815671505523,0.03785187034193305,0.03952638236599887,0.03530420685439851,0.0,0.0,0.0,0.0,0.0,-4.231561639602977e-06,0.00033436731787322705,0.0013568658191483425,0.0017118321092399937,0.0008621299954522797,9.673652093377452e-09,1.392864614488891e-08,2.6305956342334794e-08,3.098788145683942e-08,2.01794101681437e-08,-0.007268182051463258,-0.0059445977953110855,-0.002279180714481018,-0.000990158249373495,-0.004074456997635332,0.0016183068651676197,0.0017024777769852997,0.0020125654719050853,0.002139445813685322,0.001860547259304955,0.0029396866478117287,0.004159914054651039,0.007467192446493977,0.00871104274755163,0.005708424708257985,-0.03959583589861879,-0.03384329640957912,-0.017750484393980408,-0.011675743425225022,-0.025739349898217564,0.17813432235838098,0.21072923522409825,0.28003571164798713,0.30607542144437594,0.2440922678814254
1776,0.0407616113356785,0.046983772357617,0.057517501192955525,0.060915499779383826,0.052483291568851766,0.04661360739727526,0.0487122316711616,0.05490335343526185,0.05721345895065566,0.05180633374576338,0.12753647355795772,0.16061655892828833,0.2368767232259844,0.26245324021749833,0.19810014308582802,-0.010086879516947584,-0.004149941482586349,0.004719262798834708,0.007167095743227851,0.0009753956131301734,0.1803298994301634,0.2116105087831557,0.2885730501008242,0.3158748742709854,0.24959751465507415,-0.012193057891396396,-0.0058127921025818655,0.0005168063522861644,0.0023419342719631364,-0.0005525042645805761,-5.646456612210957e-05,0.00023134063951370834,0.0010990966442447488,0.0014761764421833377,0.0006472348488007257,1.073491904126189e-06,0.00017024744870333596,0.000739620340438634,0.001021090857788264,0.0004392613712598022,0.010267847229212769,0.01164241807180301,0.01461641897718664,0.015699130884584418,0.013139131340948077,0.03248586908663243,0.03417883311848947,0.03936128121985731,0.04110256739911038,0.036712025104359156,0.0,0.0,0.0,0.0,0.0,-4.400824105187094e-06,0.000347742010588156,0.0014111404519142755,0.0017803053936095927,0.0008966151952703705,1.0060598177113078e-08,1.4485791990685225e-08,2.735819459602962e-08,3.222739671511469e-08,2.098658657487055e-08,-0.007675817273237819,-0.0062620214187138696,-0.002433974575206497,-0.0010688079848098146,-0.004296906475634658,0.0016829456310134905,0.0017704785157530694,0.0020929518010296814,0.002224900025100541,0.0019348616438187556,0.0023519017512247152,0.0033281469497304992,0.005974141157090396,0.006969285895900068,0.00456703576827833,-0.06999783143301873,-0.06059454221929682,-0.03286236269978087,-0.02319826652406378,-0.04683920879706652,0.17813817101067553,0.2107337881005116,0.28004176191426894,0.30608203430739667,0.2440975415774455
1777,0.021250436555965077,0.034797273850098245,0.05847234975827052,0.06252644513870631,0.05067278224640075,0.04839893030068877,0.050577816351147706,0.05700609665292463,0.059404219081277757,0.05379038961368479,0.13251817605619848,0.16460079383305665,0.24060440620279502,0.2657001619940807,0.20175265129925707,-0.03302984087036365,-0.01871537021631957,0.003936724341512779,0.007310660145975559,-0.002770552466356132,0.17889996552636928,0.2100613209894835,0.2883145686710975,0.31359300026384157,0.24934296990280452,-0.03744523119354094,-0.023567485466439157,-0.0015927515649906202,-0.0008691276434814254,-0.006485077231022865,-0.0016609981463318062,-0.0007861793139179563,0.0020998972762403235,0.0029833424254729485,0.0006868866946069639,3.235898904582668e-06,0.0005131883441781039,0.0022294873768802068,0.003077942903431545,0.0013240951185766819,0.01065960280144487,0.01208661850175372,0.015174088316490874,0.016298109605823976,0.0136404368047128,0.03373132966020595,0.03548919944996447,0.0408703350104128,0.04267837954782415,0.038119510301125384,0.0,0.0,0.0,0.0,0.0,-4.570086570771212e-06,0.00036111670330308496,0.0014654150846802087,0.0018487786779791918,0.0009311003950884615,1.0447544260861882e-08,1.5042937836500517e-08,2.8410432849760284e-08,3.346691197343217e-08,2.1793762981624888e-08,-0.0080300490422144,-0.006590410617818387,-0.0025817170301746088,-0.0011542687099158574,-0.004534042421980021,0.0017475772406191266,0.0018384717260722923,0.002173329230481221,0.0023103447757709893,0.002009167800892234,0.003297864592899838,0.004666767214986064,0.008377011745790246,0.009772415527951639,0.00640395184317083,-0.06489748174514756,-0.055743377001646395,-0.030203546308130578,-0.02151460617138508,-0.04287199203254784,0.17813873469053917,0.2107344549221831,0.28004264804609164,0.30608300283805123,0.2440983139715269
1778,0.009131378350091705,0.026075244104283878,0.06007774351391343,0.06516412163066827,0.04978283614363946,0.05018370206328218,0.05244281659765492,0.059108184779314114,0.06159426336241179,0.05577382194464108,0.17924079488269531,0.20828995588141205,0.2782458404216941,0.3049784747633962,0.24204485391445915,-0.04778696965518338,-0.029904454833735866,0.003696747813116197,0.008494534653462022,-0.005319771427852541,0.2168896804991108,0.24778847385760727,0.3243295216171533,0.35133461546810085,0.2886998784975813,-0.05245286226073841,-0.03476367136354217,-0.002372147615918277,-0.001249296416760365,-0.010552127590231972,-0.0030733844292999656,-0.0018282209970863757,0.0022104413842514254,0.0034275249285774215,0.00030643338361551614,4.282752918564122e-06,0.000679211231132488,0.0029507545976523693,0.004073696163429821,0.0017524565509478263,0.011051127605091905,0.012530557269811225,0.0157314291536027,0.016896735491056133,0.014141446968140379,0.034976495673408305,0.03679925587039037,0.042379031898908064,0.04425381900564648,0.03952666261753332,0.0,0.0,0.0,0.0,0.0,-4.739349036355329e-06,0.00037449139601801386,0.0015196897174461416,0.0019172519623487905,0.0009655855949065522,1.0834490344584327e-08,1.5600083682277856e-08,2.946267110341927e-08,3.470642723166521e-08,2.2600939388324245e-08,-0.008378194827309742,-0.0068942808558403144,-0.0026992470802343262,-0.0012531280430159583,-0.004753162663569767,0.0018122016980131055,0.0019064574121810804,0.0022536977652697393,0.0023957800710225565,0.0020834657351569965,0.00386361876167005,0.0054673589106678236,0.009814102076066825,0.01144888970333065,0.007502560457871954,-0.0061171670417433975,-0.0026772112741107836,0.005868258609681571,0.008939443639418385,0.0016026655730071134,0.1759814889726405,0.20818247765971779,0.2766513541516115,0.3023763623460716,0.2411423030653299
1779,0.028306309814889692,0.040605303186975625,0.06206174534328889,0.06630244317389625,0.05478635066552489,0.05196792321472755,0.0543072329800788,0.061209618443728527,0.06378359252502284,0.05775663134587757,0.1838155757702853,0.20399460389997187,0.26849316399083745,0.29175450300282557,0.23735235814454983,-0.029693123247279476,-0.01661612550183512,0.0037401076899877318,0.006901140651830073,-0.0024255481353811126,0.23369986210506852,0.25403074784703894,0.3210184224194395,0.348123479412121,0.29118068082504933,-0.03315173781290124,-0.020412624659000924,-0.0013591553200098402,-0.0007341741956075453,-0.005526039378781872,-0.0014208731971857814,-0.0006310382992772835,0.001914736446225735,0.00267606707481133,0.0006527653738415207,2.8981005746591462e-06,0.0004596161620082353,0.001996749230633071,0.0027566337392587463,0.0011858716657111865,0.011442422000289866,0.012974234784323411,0.01628844200118056,0.01749500909091452,0.014642162292074648,0.036221367279057066,0.038109002540548664,0.043887372070503444,0.045828885965928975,0.040933482226280904,0.0,0.0,0.0,0.0,0.0,-4.908611501939445e-06,0.0003878660887329428,0.0015739643502120748,0.0019857252467183895,0.001000070794724643,1.1221436428319953e-08,1.615722952807417e-08,3.051490935711409e-08,3.594594248994048e-08,2.340811579505109e-08,-0.008766118925011468,-0.007209169232880306,-0.0028674238580067408,-0.0013443934478440146,-0.0049708605881643424,0.0018768190072165035,0.0019744355783096524,0.002334057410395946,0.0024812059161712146,0.0021577554512360233,0.003202763882070943,0.004532191380558639,0.008135443376560705,0.009490607819647178,0.006219280715765917,0.0352964693018683,0.051611984931057654,0.09430510731604223,0.10760740349512685,0.07354511435307869,0.12003019969305573,0.14199325458586104,0.18869323971531327,0.20623927758959557,0.16447388279499575
1780,0.006914332000296975,0.02658629773330437,0.06193877357441704,0.06682528312870918,0.05102850395955978,0.05375159428361608,0.05617106606664243,0.06331039827418453,0.06597220729852327,0.05973881842339035,0.23376299846563842,0.2609658224962733,0.3490074742884202,0.38199570304534775,0.30689874832571773,-0.050987964434788924,-0.03298687506586156,0.0016318417733821554,0.006540701730053823,-0.007920652624458504,0.2734912854060452,0.3053796437636743,0.397405878780902,0.43202334521707403,0.35338159236896083,-0.054701861406939715,-0.03640363072164721,-0.0022826259969818065,-0.0011688779063534905,-0.011606254671857765,-0.0039014815675129217,-0.0025873863569303938,0.00134229008266933,0.0026372834793669587,-0.0004963080149194512,3.91498234667663e-06,0.0006208856850046132,0.00269736601173271,0.0037238778114939914,0.0016019687781985768,0.011833486346236944,0.01341765145257483,0.016845127370547927,0.01809293095459892,0.015142583236159397,0.03746594462985388,0.03941843962109885,0.04539535571021885,0.04740358062187653,0.04233996929993504,0.0,0.0,0.0,0.0,0.0,-5.077873967523562e-06,0.0004012407814478717,0.0016282389829780078,0.002054198531087989,0.0010345559945427337,1.1608382512068759e-08,1.6714375373889462e-08,3.156714761084476e-08,3.718545774825796e-08,2.4215292201805433e-08,-0.009126368331471908,-0.007520485518042759,-0.003014854317264153,-0.0014171158797838988,-0.005198485918279714,0.0019414291722425479,0.00204240622867997,0.002414408170850786,0.0025666223165225605,0.0022320369537432733,0.003558084103604734,0.005035000611794363,0.009038003680496072,0.010543512434890578,0.006909258585841645,0.057511577032529196,0.08234504905761635,0.14894850597238904,0.16924063878872286,0.11682847350268462,0.13929186923790662,0.16477941302286123,0.21897350949773514,0.2393352219624132,0.1908675869399288
1781,0.018713436311648474,0.034835027266635316,0.06587117020348578,0.0709056475528201,0.05603261454294942,0.055534715797460756,0.05803431642439934,0.0654105248974199,0.06816010841077655,0.061720383781929136,0.27118535213508094,0.3013282813989477,0.3967008913625434,0.431723238932096,0.3509622871666257,-0.0430071461814906,-0.026271354183935343,0.0033890299930201505,0.007613810323440644,-0.004901029129568789,0.3196708336119495,0.3492870044909731,0.45002364194827715,0.49022997010960206,0.40371483450650003,-0.04709084602730821,-0.03085297017475116,-0.002193228936299832,-0.001163954088640552,-0.009320444605882366,-0.002560743387106197,-0.0014051739115222448,0.0021853130707171534,0.003223266337865521,0.00046163988798474847,3.955053898424306e-06,0.0006272407207756362,0.002724974729256895,0.003761993324978228,0.0016183656273052495,0.012224321001197224,0.013860807680790871,0.017401485771698543,0.018690501629880892,0.015642710258843097,0.03871022787838244,0.0407275672725764,0.04690298300293129,0.04897790316654486,0.043746124010929394,0.0,0.0,0.0,0.0,0.0,-5.2471364331076795e-06,0.00041461547416280067,0.001682513615743941,0.0021226718154575873,0.0010690411943608245,1.1995328595791206e-08,1.7271521219666802e-08,3.2619385864503746e-08,3.8424973006491015e-08,2.5022468608504788e-08,-0.009438906859359542,-0.007799346004975981,-0.0031705340788694375,-0.0014895077580914674,-0.005398857384040534,0.0020060321970973858,0.0021103693675065477,0.002494750051616401,0.002652029277372829,0.0023063102472845624,0.003742732421599849,0.005296294152644146,0.009507034802033229,0.011090672586302051,0.0072678175572769895,0.05748615320009526,0.0820560148641175,0.148805531529364,0.16924538683062695,0.11652483687467396,0.17155599635414717,0.20294721102138422,0.26969426717137535,0.2947723559964183,0.2350781795688637
1782,0.030972693132137557,0.0428391677366587,0.06683054904763139,0.07169149074180836,0.05869655702858899,0.057317288282690136,0.059896984619227336,0.06750999893888687,0.07034729658809134,0.06370132802499098,0.25984472698412037,0.2876608449921685,0.378031229399001,0.4113809848481172,0.3338941434631111,-0.03315018982789026,-0.02045681068289273,0.002340091813230548,0.00603525499151281,-0.004591444125995589,0.31374913637363844,0.3423127943036083,0.4323803767034593,0.4691917184935241,0.39144798442462136,-0.0354851357153295,-0.023146963696243705,-0.0016496883489494462,-0.000874602634490547,-0.007067716393811865,-0.0020498465963722404,-0.0011899740571920379,0.0015160701947294903,0.0022869109524518228,0.00021536717233692224,2.9222431548957007e-06,0.000463444987055346,0.0020133831179916925,0.0027795978322977446,0.0011957505505539102,0.012614926322503469,0.014303703874140926,0.017957517713300425,0.01928772166310806,0.01614254381738246,0.03995421717710132,0.042036385655385027,0.04841025413336613,0.05055185379283131,0.045151946531556186,0.0,0.0,0.0,0.0,0.0,-5.416398898691797e-06,0.0004279901668777295,0.0017367882485098739,0.0021911450998271863,0.0011035263941789153,1.238227467952683e-08,1.7828667065463117e-08,3.3671624118198575e-08,3.966448826476628e-08,2.5829645015231634e-08,-0.00977262957438597,-0.008097287304208726,-0.0033140969430602574,-0.001571466593100639,-0.005592117751089063,0.002070628085778985,0.002178324998995294,0.0025750830576647603,0.0027374268040074434,0.002380575336456306,0.0032902557141474133,0.004655999985191042,0.008357684188552577,0.009749868475828705,0.006389176557000512,0.044938211758103384,0.06447471223176941,0.11770431609937651,0.13436542082794697,0.09216980778882133,0.1771362893173382,0.20954858268795085,0.27846675576572694,0.3043605728985802,0.24272469230596383
1783,0.03846865263582892,0.04913109874167185,0.06939981347450322,0.07412499533811125,0.062009200250631405,0.05909931226466889,0.061759071215849635,0.06960882102277514,0.07253377255524582,0.06568165175484231,-2.55255027028433,-2.338700827996516,-1.7339859404576474,-1.4579246849094107,-2.0270455436227612,-0.027153702971503754,-0.015937562207461703,0.0029414663902625486,0.006183231774729055,-0.0031486439912512517,-2.4978134414287525,-2.2812049236458765,-1.6729340706151705,-1.3908634966597566,-1.9706271725685274,-0.029914343580244748,-0.018682684437440984,-0.0014591616127119275,-0.0008198057725970021,-0.0053148425910561825,-0.001463581964384791,-0.0007476875227351084,0.0015722867417272649,0.0022631404259750502,0.000413415033394899,2.5923145750398196e-06,0.00041112088590574303,0.0017860671153134302,0.002465774267053321,0.0010607473149931716,0.013005302666561197,0.01474634043674301,0.018513223702701632,0.0198845915992103,0.01664208436784767,0.04119791267835668,0.04334489492981028,0.049917169286112575,0.052125432693491035,0.046557437033980624,0.0,0.0,0.0,0.0,0.0,-5.585661364275913e-06,0.0004413648595926584,0.0017910628812758068,0.002259618384196785,0.001138011593997006,1.2769220763262455e-08,1.8385812911259432e-08,3.47238623718934e-08,4.0904003523041546e-08,2.6636821421958484e-08,-0.01008950524147495,-0.008380516320819993,-0.0034720914160320643,-0.001668335579232052,-0.005804025217155533,0.002135216842279406,0.002246273127345904,0.002655407193960486,0.0028228149017040156,0.002454832225848125,0.0033031033636885644,0.004674180534446266,0.008390318915685925,0.009787939344518685,0.006414124739875152,0.025326706837927034,0.03830866808140392,0.07047398190251013,0.08143598443393779,0.05468302512757303,-2.607975831078284,-2.3860993619492006,-1.795559897533083,-1.5178285312941844,-2.0798361795395994
1784,0.04588966983795641,0.059693999386901356,0.07945911298117701,0.08691112640108803,0.07088634694438684,0.060880788267687926,0.06362057677782554,0.07170699177200233,0.07471953703547865,0.06766135557250977,-3.7853014024736753,-3.4691761745335254,-2.60353898064221,-2.1986334143043975,-3.019412679757461,-0.021221869840911105,-0.00802722175364471,0.010591268542153505,0.017780890564058106,0.003401354700023112,-3.7125622136229444,-3.3938996115828792,-2.5334150279357397,-2.1175021342068323,-2.9521726557528467,-0.025406913703720117,-0.012057213080805922,0.004024923842424519,0.01287074117904033,-0.0006315778393225001,0.0004223266541340406,0.0011214834504953643,0.0029604564943696045,0.003752115017212214,0.0020068860827509613,2.2535774899093355e-06,0.0003573998244771414,0.0015526821803545276,0.002143572171731395,0.0009221397335675051,0.013395450388851293,0.015188717771666724,0.01906860424593399,0.020481111981703787,0.017141332365125703,0.04244131453437512,0.044653095256011854,0.051423728645614925,0.0536986400611279,0.04796259569023277,0.0,0.0,0.0,0.0,0.0,-5.754923829860031e-06,0.0004547395523075874,0.0018453375140417402,0.0023280916685663846,0.001172496793815097,1.3156166846984902e-08,1.894295875703677e-08,3.577610062555238e-08,4.2143518781274585e-08,2.7443997828657838e-08,-0.010418919641336984,-0.008677576174660969,-0.0036333535741816738,-0.0017298123532895795,-0.00603499645719162,0.0021997984705810856,0.002314213756747946,0.0027357224654562325,0.002908193575727436,0.002529080920038578,0.0033851575697794365,0.004790294422099816,0.008598747439311367,0.010031086925369205,0.006573461537834315,0.0006499317451231183,0.005064643315258522,0.0169800712000084,0.02132793482302264,0.010719196607340185,-3.7965095510935645,-3.473517242586164,-2.613851025500669,-2.209549048465747,-3.0276806350108467
1785,0.03395687486308368,0.04690720239320693,0.07308352864491874,0.07842523142266498,0.06425993362207727,0.0626617168149716,0.06548150186755726,0.07380451180822033,0.07690459075049684,0.0696404400777867,-0.4148522573998895,-0.3819912443453558,-0.291037942639396,-0.25045321445234914,-0.3351498944148425,-0.03600140747827223,-0.022293264013382844,0.0027723334181462187,0.006686716728388237,-0.005052099401671929,-0.3581963925165203,-0.32722021203773055,-0.22734916247590486,-0.1869091912371639,-0.2738250815885015,-0.03879284850632846,-0.0253209078475141,-0.0018305202311064566,-0.0009833931660136832,-0.007749825345252818,-0.0022304552075834852,-0.0012670965854683998,0.0016802972655640379,0.0025170264422180984,0.0002553325250154296,3.210061040687402e-06,0.0005090906603565444,0.0022116854636874106,0.00305336627969845,0.0013135225418470075,0.013785369843934345,0.01563083628093817,0.019623659847719292,0.02107728335269759,0.0176402882629259,0.04368442289726149,0.045960986794021386,0.05292993239617,0.05527147608819173,0.04936742267220514,0.0,0.0,0.0,0.0,0.0,-5.924186295444148e-06,0.0004681142450225164,0.0018996121468076732,0.0023965649529359835,0.0012069819936331879,1.3543112930733706e-08,1.9500104602852065e-08,3.6828338879283044e-08,4.338303403959207e-08,2.825117423541218e-08,-0.01076334952961635,-0.008975293287537798,-0.003785016526310593,-0.0018501189735854343,-0.006233660574592536,0.0022643729746605933,0.0023821468913848187,0.0028160288770973587,0.0029935628313348377,0.002603321423599477,0.0037090217818743733,0.005248590645166682,0.00942140532362881,0.01099077934634924,0.007202356618138005,-0.04143126368996043,-0.03480387879536525,-0.016928220716838808,-0.010591264307085884,-0.02587915139960765,-0.3886882184722859,-0.35562013230407635,-0.26760714935147917,-0.22621454568128388,-0.3099751959761111
1786,0.042283158325542164,0.058985777226855315,0.07764767486991349,0.08279041985471655,0.07059385665076072,0.06444209842868484,0.06734184704629798,0.07590136650444365,0.07908893442048578,0.07161890586924209,-0.1263426426394533,-0.11526312778143233,-0.08391194826908613,-0.07059501269221624,-0.09913120880052015,-0.029346509813826572,-0.012316947553920436,0.005139066907061241,0.008964336797668481,-0.0006697720826296157,-0.06753341423605706,-0.050600344831084464,-0.01090025159269531,0.004873841934634153,-0.030147877960560655,-0.033341112466215204,-0.016346193372444116,-0.001391615209102153,-0.000756811022411624,-0.0036582772819949163,-0.0007427734295015198,5.978997441169066e-05,0.0025240565168473165,0.0034015660238985177,0.0012193602097341633,2.9706124721839822e-06,0.00047111598376449687,0.0020467088755330718,0.0028256060671905136,0.0012155427563053317,0.014175061385452884,0.016072696365542493,0.020178391011472434,0.021673106252897093,0.018138952513782815,0.04492723791900554,0.04726856970374939,0.05443578072193513,0.05684394096698673,0.05077191815166014,0.0,0.0,0.0,0.0,0.0,-6.093448761028291e-06,0.00048148893773744723,0.001953886779573614,0.0024650382373055924,0.0012414671934512836,1.3930059014469331e-08,2.0057250448648377e-08,3.7880577132977874e-08,4.4622549297867335e-08,2.9058350642139026e-08,-0.011085352227776075,-0.009274455110741023,-0.003931390312468673,-0.0019197289965434087,-0.006419530701030093,0.0023289403584871695,0.0024500725354322105,0.0028963264338201073,0.0030789226737736666,0.0026775537410942095,0.00371383559617733,0.005255402613983242,0.00943363304790977,0.0110050439082552,0.007211704313930147,-0.06841378335093067,-0.058976249791598115,-0.03169813306100834,-0.021819993598013867,-0.04509421963152486,-0.06774699973104842,-0.06198334773884451,-0.046642992026870396,-0.039428405691493584,-0.05402759466434047
1787,0.03298335218925014,0.04893164036797133,0.07852941430729725,0.08383059094587586,0.06863480917142231,0.06622193362993405,0.06920161287415295,0.07799688541651453,0.08127256876411187,0.0735967535442219,0.0759656400103186,0.09556104769311836,0.14318761003555672,0.15918753932398158,0.1199932866273768,-0.04089024753845449,-0.023714168377045312,0.004053438592778841,0.008315530014104011,-0.004056405833793656,0.13187950533220116,0.15671083267373936,0.21255390287678835,0.22964126803050672,0.18525386096760715,-0.04535767596936318,-0.028435386657778606,-0.0021870344813151865,-0.0012182358775727827,-0.008038617420444375,-0.0020808626212277257,-0.001011821720472131,0.0025467007904499796,0.0036147324501352137,0.0007773627744376907,3.975605333874264e-06,0.0006305000182506317,0.002739134369982247,0.0037815415700760417,0.0016267750542253846,0.014564525366135717,0.01651429842542879,0.02073279823930764,0.022268581221610653,0.01863732556906176,0.04616975975147982,0.048575844144983074,0.05594127380692566,0.05841603488966881,0.05217608230022776,0.0,0.0,0.0,0.0,0.0,-6.262711226612407e-06,0.0004948636304523762,0.002008161412339547,0.0025335115216751913,0.0012759523932693744,1.4317005098204955e-08,2.0614396294444695e-08,3.89328153866727e-08,4.586206455614261e-08,2.9865527048865876e-08,-0.011407340209501057,-0.009595511997204985,-0.00407535382941603,-0.0020136323578682737,-0.006629171343419565,0.002393500626021617,0.002517990693056932,0.002976615140550228,0.00316427310828021,0.0027517778770764605,0.004186096278925077,0.005923692839094087,0.010633237572295088,0.012404472993142825,0.00812876278754086,-0.049680481868611605,-0.04186231568021818,-0.02103760003507547,-0.013238654042651286,-0.03156981511167003,0.11003662332075494,0.13017105952425065,0.17298285760436072,0.1890680325460117,0.1507799764850512
1788,-0.00647429256345411,0.02294744980369737,0.0789689721869193,0.08665844078864435,0.0628295346515079,0.06800122293876472,0.07106079991007695,0.08009167454957203,0.0834554944985195,0.07557398369884592,0.13406991106826538,0.1507429892877238,0.19843022568804042,0.21286415122133165,0.17431484002270087,-0.08157158951747591,-0.0524837050351898,0.002985786659234658,0.010506787612223133,-0.011888708585082754,0.1630304028668394,0.1933167534655506,0.2627492578986723,0.2833258658909617,0.23196088711190396,-0.08710846004670189,-0.0588109264902842,-0.0039441642182304676,-0.002094366665640688,-0.018799563100939803,-0.005960366639183964,-0.0038455096433660696,0.0026125958205768336,0.0046863514823076505,-0.00040344877906262256,6.582366376229895e-06,0.0010439120012702323,0.004535154891588903,0.006261057119803982,0.002693433708669382,0.014953762137800235,0.01695564285951273,0.0212868820320417,0.022863708796753087,0.019135407878961768,0.04741198854643245,0.04988281027737875,0.05744641183500616,0.05998775804823643,0.05357991528939734,0.0,0.0,0.0,0.0,0.0,-6.431973692196524e-06,0.0005082383231673051,0.0020624360451054805,0.0026019848060447903,0.0013104375930874652,1.470395118194058e-08,2.117154214024101e-08,3.9985053640367527e-08,4.710157981441787e-08,3.067270345559272e-08,-0.011734918030830922,-0.009891812827124351,-0.004250953479368533,-0.002131745183948024,-0.006837671466377472,0.0024580537812185855,0.0025859013684193196,0.003056895002205818,0.003249614140082622,0.0028259938360928405,0.005280941399248814,0.007472994567253145,0.013414288817552094,0.015648778862337353,0.010254785621037085,0.015762707456897982,0.025408312789987193,0.04897202281482856,0.05768869914263753,0.037040676499622824,0.10039222611539785,0.11876193622686881,0.15782140191709315,0.1724967570044695,0.13756454020619233
1789,0.019174641075275046,0.040685382504228686,0.08103045659182381,0.08759652290633745,0.06822968075160599,0.06977996687417656,0.07291940871189048,0.08218577649837568,0.08563771233935114,0.07755059692802552,0.2564957765644152,0.286394774799355,0.37915598143230983,0.414151754925492,0.33436052929946164,-0.05710366350824327,-0.03729252029661467,0.002565264270419877,0.008501521490674936,-0.008351345869639634,0.31073816723422365,0.3457578489907488,0.44353762076188913,0.4820944032642463,0.39826215474525817,-0.06192846772567106,-0.04114547676311553,-0.002993411774668123,-0.001590013047711604,-0.012963303605956171,-0.003927639216560076,-0.002454847175630437,0.0022087694720308872,0.0036176171837317343,2.194293346458357e-06,4.868541258570651e-06,0.000772112695952991,0.00335435426132499,0.0046308900428438556,0.001992154855620857,0.01534277205135687,0.017396730065681605,0.02184064288920035,0.023458489514852524,0.0196331998925213,0.048653924455499944,0.05118946826047529,0.058951194989905954,0.06155911063454686,0.054983417290532105,0.0,0.0,0.0,0.0,0.0,-6.601236157780641e-06,0.0005216130158822341,0.0021167106778714135,0.002670458090414389,0.001344922792905556,1.5090897265676208e-08,2.1728687986037326e-08,4.103729189406235e-08,4.834109507269314e-08,3.1479879862319575e-08,-0.012054775449406285,-0.01017666750121467,-0.004401102292437323,-0.002195498058845772,-0.007058414174204673,0.00252259982802432,0.0026538045656708704,0.0031371660236945245,0.0033349457743979487,0.0029002016226802995,0.004665835482674202,0.006602565826365925,0.0118518385280089,0.013826062846825303,0.009060343412380609,0.05779598343163355,0.08322356127426042,0.15113035469425726,0.17274666834813912,0.11835578752095133,0.15802293485134938,0.18693787793515382,0.24841964441177297,0.27151946768122837,0.2165342199890197
1790,0.016381637671582724,0.039635663396177,0.08294650103889147,0.09002006239294934,0.06918602515871594,0.07155816595412022,0.07477743983627624,0.08427919196932364,0.08781922300074334,0.07952659382545949,0.018434465867269382,0.051991210955013106,0.13635461717146163,0.1650314376755864,0.09507695483793502,-0.06138420403653138,-0.0400335095929724,0.002677782015157646,0.008956814303637527,-0.00896073507678919,0.0756518557760249,0.10996276284449158,0.2049184201224827,0.23358368773263466,0.15850080933453375,-0.06711819772787586,-0.044330848543352105,-0.003171143730205459,-0.0016817663670733148,-0.013973511600311309,-0.004263220354679206,-0.002668279670026002,0.002308671856555707,0.003868567214878373,-4.3859974405693056e-05,5.219167427928098e-06,0.0008277192734709825,0.0035959306027487674,0.004964400872926579,0.0021356273227717774,0.015731555456811094,0.017837560440796606,0.022394081309021097,0.024052923911053438,0.02013070205762079,0.049895567630199866,0.05249581825368642,0.060455623455210286,0.06313009284030686,0.05638658847486088,0.0,0.0,0.0,0.0,0.0,-6.770498623364758e-06,0.0005349877085971629,0.0021709853106373464,0.0027389313747839877,0.0013794079927236468,1.5477843349411832e-08,2.228583383183364e-08,4.208953014775717e-08,4.95806103309684e-08,3.228705626904642e-08,-0.012478188100793822,-0.010499370538155865,-0.0045498803027805455,-0.0022704508517337567,-0.007324722042913659,0.0025871387703785887,0.002721700288956267,0.003217428209915937,0.0034202680164346698,0.00297440124136834,0.0049045364797737235,0.006940348641902634,0.012458170595353204,0.014533394899091813,0.009523864471927223,0.07167037880317285,0.10266945414724081,0.1858810285290287,0.2119752867648386,0.14549340008868328,-0.06318056927724966,-0.05780541147795147,-0.04349905974804832,-0.03677076663427858,-0.050385909355763314
1791,0.04390303257731717,0.060891224089977214,0.08655335063118337,0.09269140178736142,0.07719778006922409,0.07333582069549884,0.0766348938387811,0.08637192166730902,0.09000002719533008,0.08150197498363618,0.16542497011497936,0.19316849726926988,0.27434028847982256,0.3040866445519624,0.2355395330070741,-0.03717600790943597,-0.019882899106004184,0.004160969031025374,0.008407804231925867,-0.0036869614296568837,0.23750556436546386,0.26635635357975834,0.35205220780015484,0.37877862331013007,0.30797634793496675,-0.04116895894397638,-0.0239136974178637,-0.002124399187499864,-0.0011919450307015644,-0.00673731234372847,-0.0016753295149899712,-0.0006746047827210674,0.002489336606431381,0.0035499536642515134,0.0008911476845533128,3.6598428243089955e-06,0.0005804225454322337,0.002521578584116751,0.003481192577680219,0.0014975684226607262,0.016120112703267873,0.018278134380697853,0.022947197788459568,0.024647012519123462,0.020627914820988337,0.051136918221928826,0.05380186041629863,0.06195969741435783,0.0647007048570702,0.05778942901347579,0.0,0.0,0.0,0.0,0.0,-6.9397610889488754e-06,0.0005483624013120918,0.0022252599434032794,0.002807404659153587,0.0014138931925417376,1.586478943314746e-08,2.2842979677629956e-08,4.3141768401452e-08,5.082012558924366e-08,3.309423267577327e-08,-0.012914862460410051,-0.010866747147569664,-0.004711658860182465,-0.0023661943291742116,-0.007597877225820646,0.002651670612213936,0.0027895885424125914,0.003297681565760663,0.0035055808713917156,0.003048592696678158,0.0043883387677153855,0.006209883672458138,0.011146960212012252,0.013003769168650182,0.008521486964768926,0.06439598811452663,0.09270113415680754,0.16785508743396815,0.19182144333758017,0.13138161292471076,0.07629071893558975,0.09025034952921342,0.1199326748849829,0.1310848669776661,0.10453894767021786
1792,0.050492318718581716,0.06936462372704981,0.09023965317319482,0.09645927591831026,0.08229183730984521,0.07511293161417576,0.07849177127382435,0.08846396629572964,0.09218012563425326,0.08347674099384278,0.25169483384145763,0.28067437099983356,0.3711982239725889,0.40453720916943825,0.3273171136810219,-0.032983730130314685,-0.014213155803775487,0.0057197932156167275,0.010429868446898777,-0.000936059841414703,0.330191417797285,0.35789040810796496,0.4513693772815479,0.4870253939845789,0.4072521906219363,-0.03738919581031355,-0.018327296116728533,-0.0016891988662850104,-0.0009235415682201374,-0.004087496068374701,-0.000787974873214298,0.00011237885702661127,0.002870632533763248,0.0038950818293161274,0.0013899507771320857,3.338918444067648e-06,0.0005295264401586105,0.00230046634427888,0.0031759336843003544,0.0013662496089895005,0.016508444138933962,0.018718452280207035,0.02349999282319278,0.025240755871456914,0.021124838628202684,0.0523779763819691,0.055107594907478075,0.0634634170506487,0.06627094687624592,0.05919193907733973,0.0,0.0,0.0,0.0,0.0,-7.109023554532992e-06,0.0005617370940270207,0.0022795345761692123,0.002875877943523186,0.0014483783923598284,1.6251735516869904e-08,2.3400125523407295e-08,4.4194006655110985e-08,5.2059640847476715e-08,3.390140908247262e-08,-0.01332977143904432,-0.011210842511872893,-0.00490042012943272,-0.0024733979072353593,-0.007854370620146947,0.002716195357454587,0.002857469330168174,0.0033779260961089635,0.0035908843444570197,0.003122775993121388,0.0044032968517568995,0.0062310506713562225,0.011184955721585343,0.013048093794067009,0.008550533290707896,0.05451251096404037,0.0791785528471351,0.14483118642347556,0.1652437218519236,0.11329283468001232,0.15669267533780468,0.18536420832321407,0.24632841255583368,0.2692337782315587,0.21471140416535875
1793,0.053958147587270765,0.07035386068273877,0.09101277091523997,0.09753644735134105,0.08290685829005293,0.07688949922497852,0.08034807269470162,0.09055532655649326,0.09435951902716705,0.08545089244616877,0.21385939299829512,0.2366776528248346,0.31316965078349857,0.3401424749737734,0.275784508102793,-0.030873029214868786,-0.014330948078291408,0.004448977786471079,0.009091661834212953,-0.002266575893916989,0.293533951164926,0.315284812523603,0.39379997254787286,0.42376846377659166,0.35827009467157456,-0.03458523188820267,-0.017478311371514156,-0.001739402078199373,-0.0009398907062204886,-0.004523842713401859,-0.0009802483632708066,-0.00014063054095553993,0.0024511793139216226,0.0033800233769135622,0.0010888430031723646,3.0836270345115186e-06,0.0004890392124620144,0.0021245742685946575,0.0029331039774644833,0.0012617871028434912,0.016896550111121657,0.019158514533131603,0.02405246690762446,0.0258341544990805,0.021621473923697964,0.0536187422614854,0.056413021886267255,0.06496678254724061,0.06784081908909431,0.06059411883728275,0.0,0.0,0.0,0.0,0.0,-7.27828602011711e-06,0.0005751117867419497,0.002333809208935146,0.0029443512278927854,0.0014828635921779192,1.6638681600605528e-08,2.3957271369203614e-08,4.5246244908805815e-08,5.329915610575198e-08,3.470858548919947e-08,-0.013782980976822685,-0.011585836977023404,-0.005074294548554496,-0.0025893323354471503,-0.008130583427862846,0.0027807130100190995,0.0029253426563453848,0.003458161805834052,0.0036761784408110222,0.0031969511352031464,0.004307697507893759,0.006095769227516715,0.01094212075857457,0.012764808508660958,0.008364893893730728,0.03836291184978886,0.05752172533453847,0.10551052525732642,0.12105878601974639,0.08187391134535456,0.14200547095853125,0.16798954798011878,0.22323942175374328,0.24399780904431978,0.19458595625441505
1794,0.01702525292003968,0.04236726269398917,0.08972418748171634,0.09703497048780553,0.07450846293640043,0.07866552404169665,0.08220379865358325,0.092646003150017,0.09653820808223766,0.08742418012934103,0.19805720627014012,0.225058308467097,0.2948367345007628,0.3167102668336459,0.2589977808152234,-0.06946039958426511,-0.04487747283064606,0.0013096653068826176,0.008417351679866262,-0.011369809040009865,0.25636474989583385,0.2861432772400331,0.3662042708214587,0.39763576072658907,0.32996980054899006,-0.07222876737604651,-0.048868328305571564,-0.003741161890366253,-0.0019865520074468838,-0.015939418875224008,-0.005160438549564246,-0.003399319127096253,0.0018954681278262654,0.0036310683876607324,-0.0005923093867722937,5.37787641087278e-06,0.0008528892811149872,0.00370527878837087,0.005115362692862799,0.002200569336038544,0.017284430966251985,0.01959832153226846,0.02460462053488962,0.026427208931658227,0.022117821150767818,0.054859216011522986,0.057718141511582985,0.0664697940871465,0.0694103216867246,0.06199596846399992,0.0,0.0,0.0,0.0,0.0,-7.447548485701227e-06,0.0005884864794568786,0.0023880838417010787,0.003012824512262384,0.00151734879199601,1.7025627684354334e-08,2.4514417215018904e-08,4.629848316253648e-08,5.4538671364069465e-08,3.551576189595381e-08,-0.014222674380377729,-0.011972210312220552,-0.005247384047430584,-0.002696543515759727,-0.00841104480896275,0.002845223573817754,0.002993208525057884,0.003538388699798847,0.0037614631656232205,0.003271118127419034,0.005252181000350367,0.007432296084071587,0.013341233604823045,0.015563554450943883,0.010198937297266435,0.01993758623481089,0.03123034080076458,0.060044999288893695,0.07017097427954438,0.045446357279362984,0.15634568963239148,0.18495373137880858,0.24578293435904033,0.26863757759704066,0.21423593977065136
1795,0.034350718681548875,0.05422335314922314,0.09393506353375183,0.10061641736732062,0.08071407201261988,0.08044100657708841,0.0840589497015213,0.09473599677523581,0.09871619350615166,0.08939682037919022,-0.19965379309271308,-0.18088203351442644,-0.1302380035156408,-0.10983977915884822,-0.1555447501478,-0.05534996242288593,-0.03416824181620898,0.0035048129052532634,0.00927441043411348,-0.0074198304038410575,-0.13884918068270277,-0.11285010836674508,-0.04714952662062152,-0.026263579162538155,-0.07712115232090944,-0.05954645286252237,-0.039140332080106706,-0.0030323542317031403,-0.0016841885616386964,-0.012016767279866725,-0.0033237502526277693,-0.001822940653996636,0.002732649775127126,0.004103551351746364,0.0005338326969422345,5.0275177471263475e-06,0.0007973251279018405,0.003463886754430296,0.004782106310468749,0.0020572063293139787,0.017672087049857763,0.020037873669407368,0.02515645419685887,0.02701991969749605,0.022613880751569296,0.056099397783009805,0.05902295394221864,0.06797245185323716,0.07097945486009753,0.06339748812805371,0.0,0.0,0.0,0.0,0.0,-7.616810951285344e-06,0.0006018611721718076,0.0024423584744670116,0.003081297796631983,0.0015518339918141008,1.741257376807678e-08,2.5071563060796244e-08,4.735072141619547e-08,5.577818662230251e-08,3.632293830265317e-08,-0.014707045320330478,-0.012372722181021013,-0.005414502865820534,-0.002823019114290425,-0.008707150532868552,0.0029097270527537033,0.003061066940411834,0.003618606782857404,0.0038467385240536886,0.003345276974256457,0.005255198743179542,0.007436566454458768,0.013348899070282179,0.015572496794103358,0.010204797295216235,-0.004995903145298834,0.0005642101692236393,0.014907739364355178,0.01996352417074835,0.007616019685054355,-0.2042595797401808,-0.18688196688101413,-0.14063025649926758,-0.11887802571836782,-0.16289509239260647
1796,0.05587349780369947,0.06917144975834437,0.09525535898272025,0.10140724210583672,0.08553598279381905,0.08221594734288834,0.08591352638845734,0.09682530812961171,0.1008934760041255,0.0913688359048545,0.06626566809563139,0.08330408544633941,0.12603286775949338,0.1402777795134342,0.10500721370971375,-0.03541997454988418,-0.02124390143056757,0.0026307285489094107,0.007248326819674784,-0.00553918678178574,0.1422622016769082,0.16269431432268233,0.21348283540475874,0.22749826271674484,0.18879006060271386,-0.037551575231435416,-0.02356891266191479,-0.002190170623103684,-0.0012486578603835461,-0.007069434424042663,-0.0018949043085744151,-0.0009974337013775765,0.0019139917538686288,0.0028139178926553316,0.0004784604671758824,3.279958318710748e-06,0.00052017582383942,0.0022598436737015252,0.0031198516172213425,0.0013421237581895326,0.018059518706586772,0.020477171335334582,0.025707968384142986,0.027612287323546758,0.023109653167126928,0.057339287726759926,0.0603274593368478,0.06947475602824549,0.07254821880002978,0.06479867799987793,0.0,0.0,0.0,0.0,0.0,-7.786073416869462e-06,0.0006152358648867364,0.002496633107232945,0.003149771081001582,0.0015863191916321915,1.7799519851812406e-08,2.5628708906592556e-08,4.840295966989029e-08,5.701770188057777e-08,3.7130114709380014e-08,-0.015174154710275136,-0.012775585201459192,-0.0055794812143563684,-0.0029435293031040838,-0.00898447094403491,0.0029742234507233794,0.003128917906506327,0.0036988160598554185,0.003932004521253616,0.0034194276801950948,0.004523292048751282,0.006400854383884265,0.011489759374477732,0.013403670226438475,0.008783545726881972,-0.04387534504350816,-0.036452159142141866,-0.016114802825896665,-0.009628413873040545,-0.026229404421452676,0.09566540534430051,0.11317020458892678,0.1503906126062961,0.16437500011645684,0.13108751552834874
1797,0.03247239156658796,0.05433897380514287,0.09781620193108667,0.1051227828468872,0.08343452004842494,0.08399034684980149,0.0877675292632169,0.09891393790912906,0.10307005627990018,0.09334022731900585,-0.0450518888514813,-0.032547736291241344,0.000298244279560878,0.011794433870101,-0.016500238274770797,-0.06192401267482585,-0.03826292085164876,0.0034915060772583214,0.009888547376504348,-0.00852914874900079,0.006246551235818284,0.03312814097712494,0.08828910410566997,0.10282251512962128,0.06463669640704958,-0.06605623884148273,-0.043180100744803884,-0.003457747140175249,-0.0019311135209325618,-0.01336072752598328,-0.003719825600554272,-0.0020418937044602518,0.0029967832757812167,0.004517024530415864,0.0005684150123940091,5.553087023703108e-06,0.0008806763186375402,0.003825996357466571,0.005282020638079587,0.00227226363923291,0.018446726280204925,0.020916214919836435,0.026259163586097378,0.02820431233541478,0.023605138837336767,0.058578885993466084,0.06163165785401638,0.07097670679475726,0.07411661369718447,0.06619953824976925,0.0,0.0,0.0,0.0,0.0,-7.955335882453579e-06,0.0006286105576016654,0.002550907739998878,0.003218244365371181,0.0016208043914502823,1.818646593556121e-08,2.618585475240785e-08,4.9455197923620953e-08,5.8257217138895255e-08,3.793729111613435e-08,-0.015588193984010925,-0.01316323374519117,-0.005758776975120799,-0.00306539779507867,-0.009280127182038942,0.0030387127716157473,0.0031967614274325995,0.0037790165356293027,0.004017261162364321,0.003493570249706041,0.005586080811985751,0.007904793559372679,0.014189383237773035,0.016552984917868108,0.010847319986707486,-0.07840878009209892,-0.06752861825307911,-0.035601779360650516,-0.0236260332630217,-0.051280089067973975,0.02558729580521353,0.03026924404628494,0.04022445812292618,0.04396481398709055,0.03506152536669531
1798,0.02254555265967121,0.04804229991356734,0.09908708707765056,0.10726493368689904,0.08301033226963128,0.08576420560751605,0.08962095887352259,0.10100188680830953,0.10524593503575667,0.09531099523306252,0.05734119012216215,0.08057628698889387,0.1454475689707905,0.16543471258152503,0.11263828065758222,-0.07313741650310242,-0.047592740135634255,0.003107430937782283,0.010569240341777959,-0.010817104385737762,0.1153508041428941,0.14817196961422974,0.22749776953324644,0.25329647582751996,0.19054603260738445,-0.07762431684948938,-0.052512077814797324,-0.0042408616389744335,-0.0023159044154208237,-0.01663758515605248,-0.004892812217904381,-0.0030090556033974818,0.003059321832685717,0.004854679144590018,0.0001532773565558371,6.364617186220265e-06,0.0010093786769723348,0.00438512886025497,0.006053937060160293,0.0026043330760267933,0.018833710113599626,0.021355004811703136,0.026810040290826887,0.028795995257361356,0.024100338200970697,0.059818192733707386,0.06293554965215074,0.07247830433522066,0.07568463974208106,0.06760006904789594,0.0,0.0,0.0,0.0,0.0,-8.124598348037696e-06,0.0006419852503165944,0.002605182372764811,0.0032867176497407796,0.0016552895912683731,1.8573412019296833e-08,2.6743000598204165e-08,5.0507436177315776e-08,5.949673239717052e-08,3.87444675228612e-08,-0.016042324023383334,-0.01356230071723967,-0.0059618968138835885,-0.0031886123217461206,-0.009551458219200245,0.0031031950193131,0.0032645975072748703,0.003859208215007171,0.004102508452518302,0.0035677046872527223,0.00608667420100146,0.008613177045137045,0.015460956579103636,0.018036371051592132,0.01181939626999946,-0.09618575593920432,-0.08266194493171714,-0.04454592848825206,-0.030584532346942448,-0.0634091528914877,0.12834708519469423,0.15183195887374482,0.20176778323568265,0.22052958504588266,0.17587026849387774
1799,0.03166094164269121,0.05481874456086852,0.10021256270059242,0.10783786953774925,0.08518870523773403,0.08753752412470239,0.09147381576599324,0.10308913120210537,0.10742111297251582,0.09728114025718856,0.10098750959921321,0.13367059840710288,0.21094572739206216,0.23528415529050087,0.1713563826542055,-0.06421929271273762,-0.04266487759035597,0.0017995192889674004,0.008478281267217853,-0.010944893651597815,0.17044320097814114,0.20702227754235325,0.2935752006781228,0.32318340331155915,0.25135825664180456,-0.06854438345837399,-0.045827329382046214,-0.0038032119129889734,-0.0020886288367758968,-0.014663786724241299,-0.004409320299961893,-0.0027917344190089405,0.0024126853337239585,0.003976557027713272,-5.563859030113317e-05,5.427935305111282e-06,0.000860828231559101,0.0037397686399071057,0.0051629780303063845,0.0022210528985530213,0.019220470548782658,0.021793541398732057,0.0273605989851899,0.02938733661230892,0.024595251695680116,0.061057208097946125,0.06423913488955435,0.07397954883194224,0.07725229712509106,0.06900027056429422,0.0,0.0,0.0,0.0,0.0,-8.293860813621813e-06,0.0006553599430315233,0.002659457005530744,0.0033551909341103785,0.001689774791086464,1.896035810303246e-08,2.730014644400048e-08,5.1559674431010606e-08,6.07362476554458e-08,3.9551643929588045e-08,-0.01650197501099169,-0.013954387775910834,-0.006141826685699236,-0.003326927522642358,-0.009843287724154975,0.0031676701976906876,0.0033324261501099456,0.003939391102808375,0.0041877463968387416,0.003641830997290462,0.005613784243175256,0.00794399634068036,0.01425975361288571,0.016635077263841534,0.010901115839821085,-0.09242242223878022,-0.07972144819292305,-0.04276730764493858,-0.02951027554838688,-0.06094126639096148,0.1693785418786215,0.20037132721478312,0.2662712041391531,0.29103099224658674,0.23209447719133808
1800,0.021588746830541683,0.04889988002436436,0.1004404231437311,0.10864812700441581,0.08389911619394452,0.089310302909012,0.09332610048614333,0.10517567157146356,0.10959559078953876,0.09925066300029384,-0.23804041130894743,-0.21645851157236842,-0.16543218313605393,-0.14500260819991356,-0.1911854643170236,-0.07606815699250684,-0.04956425492786343,0.0001716300545709734,0.007884101687504785,-0.013983693239260304,-0.1888421572416915,-0.15268837053808998,-0.07719327113533674,-0.05220410929686263,-0.1119894921040957,-0.07945645123929554,-0.053179211824336124,-0.0044525994282558655,-0.002403984850838729,-0.01781898252907816,-0.005869063955489641,-0.003947185229200069,0.0018877280221462852,0.0038031597174742744,-0.0008165568767127963,5.801529441108087e-06,0.000920077349563168,0.003997169576970301,0.005518335676995074,0.0023739236112633867,0.019607007926893613,0.022231825067731612,0.027910840154803215,0.029978336921846364,0.02508987975800033,0.062295932236524784,0.06554241372440461,0.07548044046708348,0.07881958603643452,0.070400142968865,0.0,0.0,0.0,0.0,0.0,-8.463123279205954e-06,0.0006687346357464541,0.002713731638296685,0.0034236642184799874,0.0017242599909045595,1.9347304186768084e-08,2.7857292289796795e-08,5.261191268470543e-08,6.197576291372105e-08,4.03588203363149e-08,-0.017058735250168672,-0.014418102936428683,-0.006363628282209628,-0.0034887210669797023,-0.010183514230138338,0.003232138310615623,0.0034002473600060756,0.004019565203842152,0.0042729750004380715,0.003715949184265234,0.005771569940410409,0.008167276920615649,0.014660550128880425,0.017102636605443748,0.011207511684214005,-0.06753488754313738,-0.056908539874065876,-0.02859302398556529,-0.018004366644539246,-0.043001229240610096,-0.1861651469713701,-0.17032693827607462,-0.1281724578260138,-0.10834715883424872,-0.14846495256065123
1801,0.03171168052613384,0.05587691114892625,0.10422683574180061,0.11244672525538743,0.08819511456478482,0.09108254246709045,0.09517781357839622,0.10726153126695853,0.11176936918474199,0.10121956407004785,0.0707818441116419,0.08493059335525639,0.12243652432886706,0.1358604893585629,0.10388874745205534,-0.06995788830721528,-0.04588909658246344,0.0020429583188418575,0.009145749298395792,-0.011759396224610018,0.12799065121533768,0.15605326351918514,0.21481295270872364,0.23086241941890384,0.1887074958293937,-0.07306483791367174,-0.04952736471824295,-0.004182097785737901,-0.0023288955206918305,-0.015683997911895384,-0.0046269552959337665,-0.0028430636225835154,0.002854856302622042,0.004539287592322868,0.00013982227154598497,6.010148270354783e-06,0.0009531626698103077,0.004140904922263796,0.005716771062010563,0.0024592881982279345,0.019993322588202588,0.022669856204524337,0.02846076428404592,0.03056899670623317,0.025584222823354028,0.06353436529967349,0.06684538631476074,0.0769809794226697,0.08038650666618927,0.07179968643138213,0.0,0.0,0.0,0.0,0.0,-8.632385744790071e-06,0.0006821093284613831,0.002768006271062618,0.0034921375028495864,0.0017587451907226503,1.973425027049053e-08,2.8414438135574134e-08,5.366415093836442e-08,6.32152781719541e-08,4.1165996743014256e-08,-0.017746291058901277,-0.014966099877781395,-0.006606352730325531,-0.0036618798123600766,-0.010570031317247035,0.0032965993619487786,0.0034680611410249427,0.004099730522909974,0.004358194268420469,0.0037900592526158346,0.005992766152251036,0.00848028893200004,0.015222417729115614,0.017758097505800083,0.011637041111094936,-0.02767542164939277,-0.021791275481362456,-0.004242512922087134,0.0017633019417041588,-0.012404709981114613,0.08514111601551098,0.10072018702818346,0.13384592423429564,0.14629186908889916,0.11666638872867305
1802,0.032112101916258934,0.05752729273036163,0.10435652275592079,0.1123725012228574,0.08872118022120465,0.09285424330457284,0.0970289555860795,0.10934671098101588,0.11394244885459319,0.10318784407287532,0.14870227343623452,0.16959481685136835,0.22548781827430311,0.24431034661691764,0.1965838327839634,-0.06882392465853873,-0.04561131891582873,-2.7645328705086835e-05,0.007197295296895444,-0.013459487380698968,0.2139801926993548,0.24265865453801946,0.3140934858613802,0.3353291382042758,0.2804990733316096,-0.07149554570385178,-0.047577528380765975,-0.004402341886440505,-0.002427440507934127,-0.015788043627435855,-0.0049401160102374685,-0.0032347474515249932,0.002083205765369854,0.0037441850556784147,-0.0004202508163172683,5.498594343274724e-06,0.0008720342042626859,0.003788451691600961,0.005230187943684845,0.0022499658189730747,0.02037941487211342,0.02310763519395052,0.029010371856063946,0.03115931648440434,0.02607828132605538,0.06477250743750289,0.06814805281855621,0.07848116588058139,0.08195305920428199,0.07319890112148447,0.0,0.0,0.0,0.0,0.0,-8.801648210374189e-06,0.000695484021176312,0.002822280903828551,0.0035606107872191853,0.001793230390540741,2.0121196354226156e-08,2.897158398137045e-08,5.471638919205924e-08,6.445479343022938e-08,4.19731731497411e-08,-0.018396245194813397,-0.015505428245280733,-0.006872134809047837,-0.003828984685071366,-0.010931414174657327,0.003361053355544432,0.0035358674972212917,0.004179887064805116,0.004443404205881396,0.0038641612067734795,0.0056794128151137595,0.0080368665175058,0.01442645885577892,0.016829551493277736,0.011028556552558383,-0.00020407421247289166,0.006203971589805411,0.02429033685862495,0.03103344030861486,0.015006570549669095,0.13246719077086022,0.15670595892950753,0.20824478711573927,0.2276088667582708,0.181515929030728
1803,0.050219220721897634,0.06904840887806797,0.1073166504960597,0.11486374312413687,0.09379408486173832,0.0946254059260891,0.0988795270514312,0.11143121140460781,0.11611483049411911,0.10515550361396322,0.1897168963487317,0.2164427697529576,0.2847752663406147,0.3070245392321253,0.24960753269411123,-0.05542664262777386,-0.03536241577080233,0.0008971584423633186,0.007293121543732719,-0.010794145043788846,0.2702979005406745,0.2999945087642516,0.37665309083317844,0.40426498230694136,0.341411957488696,-0.056679002367166054,-0.03705448863494914,-0.0037066601193464347,-0.0020919247262653337,-0.012241094671389164,-0.0034886774259033485,-0.00206926055121658,0.00232568751591524,0.0036813290377797955,0.00018591902898315192,4.741285735608735e-06,0.0007519309618994771,0.0032666770530908004,0.004509846325047729,0.0019400832607613361,0.020765285117167274,0.02354516241987229,0.029559663352775198,0.03174929677397586,0.026572055699314638,0.06601035880000726,0.06945041339360208,0.07998100002255812,0.08351924384049209,0.0745977872086794,0.0,0.0,0.0,0.0,0.0,-8.970910675958306e-06,0.000708858713891241,0.0028765555365944844,0.0036290840715887847,0.0018277155903588323,2.050814243797496e-08,2.952872982718574e-08,5.5768627445789905e-08,6.569430868854685e-08,4.278034955649544e-08,-0.019024303315749166,-0.01606455219616911,-0.00716074559950957,-0.00399727038060764,-0.011328420532472745,0.0034255002952491603,0.003603666432641767,0.004260034834311272,0.004528604817906131,0.003938255051160529,0.005471128570316909,0.007742126070275558,0.013897389357630708,0.016212352050807403,0.01062410020336747,0.010631284134487204,0.02015176517113548,0.044314204607567076,0.05384877776695113,0.03227955035110955,0.1586899019438342,0.18772688627143724,0.2494681487197412,0.27266546936815256,0.2174481455484038
1804,0.050531006818331704,0.07490573219492232,0.11174011575558476,0.12003941013429863,0.09891622315052903,0.09639603083527046,0.100729528515606,0.11351503322726056,0.11828651479691321,0.10712254329726748,0.2053408158517695,0.2341198597402727,0.30739969868478456,0.3317294105668352,0.2698596712641433,-0.0564399999225615,-0.031503883959190654,0.0036637521315456435,0.00982105315544999,-0.007815643300714773,0.28936889189574644,0.32060317032549535,0.4038627341697922,0.4326440021736978,0.36626306527213914,-0.06072883435528676,-0.035313091037038814,-0.0036599751065396046,-0.0020614172850985523,-0.010461089691928861,-0.002501718545811017,-0.0009848483420446846,0.0037221777905755266,0.0053929946560567705,0.0013471118283695117,5.473374452264891e-06,0.0008680345261239904,0.003771075552756485,0.005206199127331808,0.0022396461101188013,0.02115093366104498,0.02398243826517629,0.030108639254872904,0.03233893809124833,0.027065546375241167,0.06724791953706678,0.07075246819758939,0.08148048203020121,0.08508506076445467,0.0759963448623453,0.0,0.0,0.0,0.0,0.0,-9.140173141542425e-06,0.0007222334066061699,0.0029308301693604173,0.0036975573559583836,0.001862200790176923,2.0895088521697407e-08,3.008587567296308e-08,5.682086569944889e-08,6.693382394677991e-08,4.35875259631948e-08,-0.019678373494506116,-0.016641410635175043,-0.0074284585082961445,-0.004151999030277947,-0.011744476959522094,0.0034899401849029935,0.0036714579513261254,0.004340173836203998,0.004613796109571298,0.004012340790191819,0.005894624042841066,0.008341409252224805,0.014973123805691964,0.017467277356298258,0.01144646404986514,0.011679469699834362,0.02193862024498888,0.04703889861163088,0.05720333788047124,0.03462476726019176,0.1718492639887246,0.2032941405941487,0.2701552979804015,0.2952762567251543,0.2354800356574181
1805,0.03384856227757613,0.05926894614613496,0.11039448143386625,0.11904826274613725,0.09347070978373258,0.0981661185347499,0.10257896051867652,0.11559817713705699,0.12045750245513788,0.10908896372551463,0.1311475239759651,0.14950819887839967,0.19840242574945022,0.2138993203014833,0.17358803035648543,-0.07428905018620431,-0.049744910293075116,0.00012010540549864553,0.007885978428962366,-0.014637377702191479,0.19838994568780688,0.22518677992896435,0.295042750141344,0.31338159279714195,0.2625591214861278,-0.07720753096954493,-0.05171602200759922,-0.004668930929053398,-0.002609798550400626,-0.016934947791662186,-0.005086353091193745,-0.003219209087347833,0.0027099827885676184,0.004480331721072294,-0.00010793382888629939,6.205670514315187e-06,0.0009841709737118684,0.004275616910389158,0.005902749153726797,0.002539293802987246,0.021536360840570583,0.024419463111777655,0.03065730004183063,0.03292824095121235,0.027558753784847942,0.06848518979844574,0.07205421738808719,0.08297961208497148,0.08665051016565814,0.07739457425172963,0.0,0.0,0.0,0.0,0.0,-9.30943560712654e-06,0.0007356080993210989,0.0029851048021263507,0.0037660306403279825,0.0018966859899950137,2.128203460543303e-08,3.0643021518759395e-08,5.787310395314372e-08,6.817333920505516e-08,4.439470236992164e-08,-0.02032411810029528,-0.017237651730149774,-0.007669802770480293,-0.004337270912010218,-0.012108125086201436,0.0035543730283386795,0.003739242057306462,0.00442030407524979,0.004698978085943896,0.004086418428273811,0.006108542176958941,0.008644122146241617,0.015516504127006869,0.018101171452515764,0.011861860555901564,0.006200352305409518,0.015308409827009727,0.03711547627653342,0.045803378750866326,0.02570325759775264,0.10752285159808221,0.12719731933968895,0.169031087704212,0.18474879900782762,0.147335428390109
1806,0.038382286387139766,0.06464249636436292,0.11383688293614884,0.12251432964488816,0.09739288815069494,0.0999356695261616,0.1044278235996325,0.11768064382063663,0.1226277941595243,0.11105476550020156,0.17571657118670375,0.20238917220391528,0.2694514523214051,0.2943369122954403,0.23513156018228765,-0.0731182801793201,-0.04563443747013612,0.00157607862442065,0.009012862506178648,-0.012737605240569615,0.2506518135598734,0.2837166696018438,0.3653250586158702,0.3927663215488774,0.3278614144134223,-0.07704451842839695,-0.049255270793071466,-0.00465770621726209,-0.0026391535905443517,-0.015623604526810227,-0.004252035206337753,-0.002318208563554209,0.003597118625182305,0.0054268229208094335,0.0007062959031803891,6.575869391759626e-06,0.0010428816301737418,0.004530678563591221,0.0062548772767886006,0.002690775212320696,0.021921566991713964,0.024856237340623012,0.031205646191906022,0.03351720586755252,0.028051678358054898,0.0697221697337892,0.07335566112253913,0.0844783903681854,0.08821559223344014,0.0787924755459451,0.0,0.0,0.0,0.0,0.0,-9.478698072710657e-06,0.0007489827920360277,0.0030393794348922832,0.003834503924697581,0.0019311711898131044,2.1668980689155476e-08,3.1200167364536734e-08,5.8925342206802707e-08,6.94128544632882e-08,4.5201878776620995e-08,-0.021004124177490775,-0.017791797421998753,-0.007900900913548019,-0.004470126115649399,-0.012490264153168801,0.003618798829381711,0.0038070187546072414,0.004500425556206124,0.0047841507520813295,0.004160487969804628,0.006309003167476071,0.008927792003531415,0.016025701525756997,0.01869518859339407,0.01225112533422808,-0.004422413308730466,0.002544145814551348,0.021049215174472474,0.02744950125032121,0.01143577118530174,0.1628247975044606,0.19261838257426261,0.25596840316582464,0.2797701636493648,0.2231140723697133
1807,0.030087435119496683,0.058504919425823365,0.11492477259442588,0.12452902199737373,0.09687814724999944,0.10170468431015445,0.10627611829639487,0.11976243396321187,0.1247973905993888,0.1130199492216101,0.1701886005451781,0.19771100050472218,0.2687301757758517,0.29566802726846164,0.23222959590660258,-0.08518147669026047,-0.054367254149743895,0.0008989132509198635,0.008984344275332694,-0.015032614920033587,0.23605610520373166,0.27534453885517596,0.36486468362797775,0.3932842247757619,0.32391685823439087,-0.0874208089326404,-0.057354405710277084,-0.005210329150181457,-0.0029345753770385714,-0.01862728679564325,-0.005325673554734054,-0.003066852970259936,0.003616994905167545,0.0056922700293197594,0.00041467897240725295,7.283220604540047e-06,0.0011550620190990792,0.005018033282146077,0.006927700102782287,0.0029802157404643414,0.022306552449594393,0.025292761331694516,0.03175367818214589,0.0341058333526529,0.02854432052369353,0.07095885949263059,0.07465679955827142,0.0859768170610241,0.08978030715699699,0.08019004891397824,0.0,0.0,0.0,0.0,0.0,-9.647960538294773e-06,0.0007623574847509566,0.003093654067658216,0.00390297720906718,0.001965656389631195,2.2055926772904282e-08,3.1757313210352025e-08,5.997758046053336e-08,7.06523697216057e-08,4.600905518337534e-08,-0.021659185218056612,-0.01838423682280703,-0.008152244633629506,-0.004632659422758418,-0.012887207978223491,0.0036832175918518465,0.003874788047246892,0.004580538283823344,0.0048693141130334225,0.004234549419175797,0.006611412565420386,0.009355727785633755,0.016793861347743303,0.019591304917463928,0.012838358426067915,-0.023751082484761724,-0.017879464204789804,0.00043373726915513737,0.007198497375364574,-0.00791967302212495,0.17575844076869582,0.20791861622743968,0.2763007116606165,0.30199311462535766,0.24083666661511116
1808,-0.009466009241034246,0.03254096956514382,0.1159546506460705,0.12781970649738794,0.09071628312807033,0.1034731633863847,0.10812384514580867,0.12184354824856121,0.12696629246262595,0.11498451548880045,0.14881020942093473,0.17782717348667784,0.2517445757125809,0.2774015244656937,0.2140106496478064,-0.12626124109519354,-0.08153401087361176,4.493664392925889e-05,0.01181876724205037,-0.021967323493085243,0.1882623051611558,0.23864889651834467,0.34593274953061065,0.3747307270075223,0.2966365457650382,-0.12997932906883336,-0.0878067543604841,-0.0069887788917401324,-0.0037560456765074897,-0.028720853870076658,-0.009018875757633504,-0.005822404287646534,0.003925357346041985,0.007123276379009852,-0.0006491013773154382,1.0022339138646318e-05,0.0015894648686549872,0.006905246194428372,0.009533112293432148,0.00410103366066472,0.022691317548483168,0.02572903546401283,0.03230139648838993,0.034694123917601065,0.02903668070951021,0.07219525922438458,0.07595763285248529,0.08747489234452482,0.09134465512537476,0.08158729452468141,0.0,0.0,0.0,0.0,0.0,-9.81722300387889e-06,0.0007757321774658856,0.0031479287004241496,0.003971450493436779,0.002000141589449286,2.2442872856653084e-08,3.231445905616732e-08,6.102981871426404e-08,7.189188497992317e-08,4.681623159012968e-08,-0.022282461266795586,-0.018946645830489203,-0.008439472261828588,-0.004801186925138486,-0.013306261376533457,0.0037476293195612535,0.00394254993923586,0.004660642262842352,0.004954468173839965,0.004308602780770121,0.007748029995000502,0.010964140989670757,0.019681019777037775,0.022959392813517384,0.015045496735751916,-0.05106593896360705,-0.04263841868171123,-0.01788686561995532,-0.009924379627183169,-0.029999667570417828,0.17778029303812434,0.21031042582837442,0.2794791605503112,0.30546711827199113,0.24360715182667597
1809,0.009948008210791273,0.04831381427664744,0.1174437627678685,0.12824129880101384,0.09539580773671717,0.10524110725352238,0.10997100468364987,0.12392410302247774,0.12913450043571692,0.11694846489961842,-4.341634570480097,-3.9703287823618587,-2.996631154334244,-2.5467779428593964,-3.467730748290113,-0.10445731980177206,-0.06887562274209622,-0.000496815169379192,0.009552937899069495,-0.019474783126105975,-4.24189188658129,-3.8964668326866905,-2.9086139439138736,-2.4618319713526824,-3.3785229000683605,-0.1082014154412714,-0.07251603185949253,-0.006104189770129786,-0.0033102741141598233,-0.02351641738761739,-0.007295796594554521,-0.004717738024447711,0.0034813943881926057,0.006045027468693011,-0.00037399368343510623,8.470652148682814e-06,0.0013433794066109327,0.0058361563807467435,0.008057168792125152,0.003466099990128867,0.023075862621806643,0.026165060115640536,0.032848801585275055,0.03528207807219264,0.0295287593421701,0.0734313690783502,0.07725816116226035,0.08897261639958479,0.0929086363274733,0.08298421254677632,0.0,0.0,0.0,0.0,0.0,-9.986485469463009e-06,0.0007891068701808146,0.003202203333190083,0.004039923777806378,0.002034626789267377,2.2829818940375533e-08,3.287160490194466e-08,6.208205696792302e-08,7.313140023815623e-08,4.762340799682903e-08,-0.022912020705172235,-0.01951268016675544,-0.008704507501818165,-0.004899543447763174,-0.01372584253229944,0.0038120340163145237,0.00401030443457662,0.004740737497994632,0.0050396129395307325,0.004382648058961691,0.007150250585739873,0.010118230774030812,0.018162581105071372,0.021188019666807424,0.01388469997108607,-0.07854262760899906,-0.06610273830730327,-0.03310230257638883,-0.020905956533119458,-0.04981128939083548,-4.283845435089754,-3.9193924796191224,-2.949375902497171,-2.493176028531378,-3.416326415790232
1810,0.005205894748489439,0.045002280516403884,0.1190465384370322,0.13062099351977588,0.09581710154645583,0.10700851640925914,0.11181759744463317,0.1260043680289961,0.13130201520373902,0.118911798050704,-5.071709883657526,-4.638275196825094,-3.5040204161349795,-2.9781789584754548,-4.050568706322931,-0.11156727790244962,-0.07395931057699645,-0.0006760454336519656,0.009939512617202573,-0.02074893143258131,-4.97545892083986,-4.565662149739569,-3.4137973648879747,-2.8916275769448774,-3.9632825717443545,-0.115592147481392,-0.07806042543682694,-0.006407600893919365,-0.0034775063293256653,-0.02507177665636751,-0.007843662364909538,-0.005065036285401134,0.003686707717418187,0.0064123687975642845,-0.0004041600541658341,9.014495697007738e-06,0.0014296287544077874,0.006210856691770375,0.00857446535777902,0.003688634936009485,0.023460188002149454,0.026600835663685846,0.03339589394623998,0.03586969632493637,0.030020556847261258,0.0746671892037132,0.07855838464455693,0.0904699894069638,0.09447225095204898,0.0843808031488565,0.0,0.0,0.0,0.0,0.0,-1.0155747935047125e-05,0.0008024815628957434,0.0032564779659560155,0.004108397062175978,0.0020691119890854674,2.3216765024111157e-08,3.342875074774097e-08,6.313429522161785e-08,7.437091549643149e-08,4.843058440355588e-08,-0.023574974920091623,-0.020126407320784148,-0.008979694500249494,-0.0050037733326990744,-0.014162383341685096,0.0038764316859102176,0.004078051537265303,0.004820823994004164,0.005124748415127524,0.0044566852581176646,0.007386185604426521,0.010452099487878098,0.018761887221834465,0.02188715541821606,0.014342849920917194,-0.09680389883499128,-0.08282599116521037,-0.043654982603811024,-0.028807084443003696,-0.06312385430772566,-4.999589649692445,-4.5742439523324245,-3.4421571596380955,-2.909735483219094,-3.9871256904949166
1811,0.02775436117339223,0.05946370995604675,0.12223829773975424,0.13280698151174086,0.10243794634673438,0.10877539135030849,0.11366362396241278,0.12808397500218052,0.13346883745036692,0.12087451553749232,-2.1319561162719496,-1.9541207791873958,-1.4871729595117913,-1.2719548755476513,-1.714869920096461,-0.09548164904019427,-0.061170810731798544,0.0002949318173692156,0.009415143384392005,-0.017318447110312468,-2.0374009492528615,-1.8773975074435565,-1.3803844326626495,-1.1661790466244557,-1.6172170167813367,-0.09711585831571132,-0.06373716808142102,-0.005703549906952174,-0.00321169363128017,-0.02061188243645454,-0.005896406834714382,-0.0033866953790194173,0.004064890092794241,0.006361961215284729,0.0005050735320337121,8.13179522489902e-06,0.0012896393397059933,0.005602688878695142,0.007734852707910682,0.0033274433720118374,0.023844294021257234,0.027036362484305635,0.033942674043529075,0.03645697918305813,0.030512073649298133,0.07590271974954384,0.07985830345621399,0.0919670115472819,0.09603549918771218,0.08577706649938519,0.0,0.0,0.0,0.0,0.0,-1.0325010400631244e-05,0.0008158562556106725,0.003310752598721949,0.004176870346545576,0.0021035971889035586,2.3603711107846784e-08,3.398589659353729e-08,6.418653347531267e-08,7.561043075470676e-08,4.923776081028273e-08,-0.024276242547156327,-0.020758631800217458,-0.00926098411084486,-0.005113395975918329,-0.014627276307331665,0.00394082233214086,0.004145791251291688,0.004900901755587424,0.0052098746056441604,0.00453071438259826,0.007122588400873924,0.010079086359883178,0.018092315501069572,0.02110604954423082,0.013830984212064367,-0.10335478849182118,-0.08897598473251918,-0.0470536126312528,-0.031458927504784934,-0.06777743528024421,-2.0638548581993232,-1.888270091164561,-1.4209391718861737,-1.2011529213174732,-1.645904824826068
1812,0.042054395719493785,0.07170499467922051,0.12511997958155077,0.13481396898915918,0.10718404685416162,0.11054173257240278,0.11550908476957965,0.13016292458100157,0.13563496785787083,0.12283661795421141,-0.8940005692278091,-0.8259662204444265,-0.6293133895090905,-0.5426101548397094,-0.7250683339431732,-0.07964721807916939,-0.05034110218512242,0.0013243542844919504,0.009664903730368758,-0.014751763812866416,-0.8001448184150316,-0.7387916463534986,-0.5248431291176611,-0.4379053397944252,-0.6243126403023133,-0.08404441326621745,-0.05392266666752204,-0.0052478846273486405,-0.002964180748698769,-0.016680816695229722,-0.004351725262701168,-0.002276287689526557,0.004266630367500022,0.006252905059849624,0.0010284526419306866,7.353692247035152e-06,0.0011662382723103145,0.005066587220944457,0.006994731767956929,0.0030090519805872026,0.024228181010039585,0.027471640952708827,0.03448914234819664,0.037043927152505596,0.03100331017172535,0.07713796086479417,0.08115791775394601,0.09346368300101579,0.09759838122292365,0.08717300276669186,0.0,0.0,0.0,0.0,0.0,-1.0494272866215359e-05,0.0008292309483256013,0.003365027231487882,0.004245343630915175,0.002138082388721649,2.399065719158241e-08,3.4543042439333603e-08,6.523877172900749e-08,7.684994601298203e-08,5.0044937217009575e-08,-0.024975997288858295,-0.02136603271690858,-0.009525561205784456,-0.005222216841183906,-0.01506919200895769,0.0040052059587903505,0.004213523580636482,0.004980970787450161,0.0052949915160830615,0.00460473543675378,0.006893481499378061,0.009754880029844688,0.017510353704031426,0.02042714724892149,0.013386093428107867,-0.09625608363659195,-0.08241152816318353,-0.04272682134521703,-0.028436169134231762,-0.06242754288599202,-0.8320478888329362,-0.7612604814035386,-0.5728549337812631,-0.48424759540488754,-0.6635503602764552
1813,0.03777529235902765,0.06765904150665596,0.12590757565549063,0.13572982205489412,0.1065844217511077,0.1123075405703068,0.11735398039767526,0.13224121740314237,0.13780040710713248,0.12479810589389681,-1.021927017095205,-0.9368066425995841,-0.7127319422154557,-0.6144419368622237,-0.8219068114944982,-0.08871259003799031,-0.05696655106838202,-0.0003587729635727679,0.008740390090737156,-0.017388662369019217,-0.9285865270671556,-0.8526453537303955,-0.6083573343726455,-0.5073763916958918,-0.7205372908923674,-0.0893834012417063,-0.05860288535474991,-0.005498557598979133,-0.003101060696802961,-0.01896888445560649,-0.0052918761570151665,-0.0029816336806106256,0.004002216015949503,0.006135847452354181,0.000574898868732641,7.616934568911457e-06,0.0012079864527278121,0.005247957359811497,0.007245124274148811,0.0031167679147610368,0.024611849298573383,0.027906671443160138,0.035035299330111534,0.037630540737953175,0.03149426683692193,0.07837291269830421,0.08245722769434963,0.09496000394850643,0.09916089724600237,0.08856861211897946,0.0,0.0,0.0,0.0,0.0,-1.0663535331799478e-05,0.0008426056410405303,0.0034193018642538152,0.004313816915284774,0.0021725675885397398,2.4377603275318035e-08,3.510018828512992e-08,6.629100998270232e-08,7.808946127125728e-08,5.0852113623736425e-08,-0.02567637663634611,-0.021983591404243056,-0.009793341953156615,-0.005352928863913909,-0.01552145878083025,0.004069582569636974,0.0042812485292744885,0.005061031094291142,0.005380099151439223,0.0046787484249280736,0.0069539862189126125,0.009840499506788553,0.017664043684908117,0.020606438194331077,0.013503584398179237,-0.07494010427478251,-0.06295666915439385,-0.030717073113761713,-0.01925585786993787,-0.04691279497526738,-0.9725588362022709,-0.8898173023178745,-0.6695950259455551,-0.5660242446877811,-0.7756065183426513
1814,-0.0017348259470966183,0.04135266444599369,0.12495762576777726,0.1375624757758715,0.09871706977238315,0.11407281583781674,0.119198311377191,0.13431885410499894,0.13996515587764516,0.12675897994839108,-0.6433231816253789,-0.5881457530594403,-0.44518475146525927,-0.3824177487836546,-0.516694318459443,-0.1289440049632045,-0.08426479057220237,-0.002992648585693195,0.009265519915980621,-0.02551652757613416,-0.593542569572094,-0.520679322424602,-0.3434448900358519,-0.2827977358242191,-0.42540984476844224,-0.12986277198833282,-0.08840191567739,-0.007514983871760007,-0.004068667456016322,-0.02948929872009018,-0.009475441010127641,-0.00622004614399309,0.0035372297994194913,0.006703677690461673,-0.0010052236686242375,9.927358640084229e-06,0.0015744017019048582,0.00683980600954062,0.00944276813864426,0.004062168659558556,0.024995299216105084,0.028341454328982715,0.035581145457960546,0.038216820442805666,0.03198494406620429,0.07960757539880002,0.0837562334339016,0.09645597456995676,0.10072304744512321,0.08996389472432215,0.0,0.0,0.0,0.0,0.0,-1.0832797797383594e-05,0.000855980333755459,0.0034735764970197478,0.0043822901996543725,0.0022070527883578306,2.476454935905366e-08,3.5657334130926234e-08,6.734324823639715e-08,7.932897652953256e-08,5.165929003046327e-08,-0.026407278674619082,-0.022577466793628712,-0.010123168356188473,-0.005502789284845588,-0.015974723400000362,0.004133952168452312,0.004348966101173449,0.005141082680800796,0.005465197516698777,0.004752753351457277,0.007877614724414917,0.011147514730392561,0.020010182109147075,0.023343385480966875,0.015297130586507,-0.04661236875267767,-0.03833349670454845,-0.013980126535851145,-0.005220651625705549,-0.025552086211562755,-0.6145709230800074,-0.5622856124504165,-0.4231246664644518,-0.3576771189512754,-0.4901145269380679
1815,0.009778323254096185,0.050644426483123846,0.12856547512390487,0.14102394001480206,0.10451885916828046,0.11583755886775544,0.12104207823756336,0.13639583532167537,0.14212921484750904,0.12871924070833946,-4.082122519818944,-3.736655639903123,-2.812207844740249,-2.3765017600324603,-3.257216408000277,-0.11792628784494547,-0.0792332383684626,-0.0012756437832373122,0.010081716526262819,-0.022418339801309292,-3.9854564140080435,-3.6545162206907924,-2.7136634294241655,-2.289639712171337,-3.161921192087522,-0.12197440925173339,-0.08149444669980893,-0.007109455400742611,-0.0038847913966259372,-0.02654764204314379,-0.007827625276971551,-0.004879989711538961,0.004526853491856461,0.007350068770117201,4.9787152694412374e-05,9.883320880684266e-06,0.0015674176565146343,0.00680946463251266,0.009400880022536499,0.004044148880828149,0.02537853109105434,0.02877598998256219,0.036126681199253476,0.03880276676920366,0.03247534227983083,0.08084194911488655,0.08505493512895128,0.09795159504542299,0.10228483200830778,0.09135885075065721,0.0,0.0,0.0,0.0,0.0,-1.1002060262967736e-05,0.0008693550264703899,0.0035278511297856885,0.004450763484023981,0.0022415379881759265,2.5151495442776107e-08,3.621447997670357e-08,6.839548649005613e-08,8.05684917877656e-08,5.246646643716262e-08,-0.02710011081175741,-0.023225071567603894,-0.010430397623605571,-0.0056327127094811386,-0.016458117963630677,0.004198314759000499,0.004416676300293282,0.00522112555166029,0.005550286616838013,0.004826750220668971,0.007964135823277745,0.011269949662514068,0.020229957130533046,0.023599769606574367,0.015465141411368843,-0.023798626066284394,-0.017577957772055137,0.0027458537053962583,0.010439975304143837,-0.006447174501143573,-4.073363219346019,-3.7268172744723285,-2.804461436178249,-2.370676460637082,-3.248468829750993
1816,0.01925020976895498,0.05609924914792256,0.12932464690262682,0.14123443211336084,0.10617469942612331,0.11760177015198969,0.12288528150719193,0.1384721616870038,0.14429258469345213,0.1306788887632087,-7.339096105703461,-6.724351503138299,-5.055245590690145,-4.269448719762239,-5.859795081961183,-0.10985818658576633,-0.07440507495614651,-0.0028421723213153303,0.008046878729001308,-0.02294410440216251,-7.235478723113449,-6.635567562362014,-4.966006157273525,-4.168648243184817,-5.762704555930727,-0.11258255581612443,-0.07547924637274762,-0.006964765452803686,-0.0039023853820587522,-0.024942242265310235,-0.0074644060435458135,-0.004786510681542623,0.0038905353334738697,0.006510254246863408,-0.00021537502817600349,9.039125014798792e-06,0.0014335347722371848,0.006227825934239157,0.008597892428941219,0.003698712988638021,0.02576154525101628,0.029210278775349305,0.0366719070203264,0.03938838021802711,0.03296546189700482,0.08207603399506022,0.08635333293573377,0.09944686555482975,0.10384625112344033,0.09275348036579928,0.0,0.0,0.0,0.0,0.0,-1.1171322728551853e-05,0.0008827297191853189,0.003582125762551622,0.004519236768393581,0.0022760231879940173,2.553844152652491e-08,3.6771625822518864e-08,6.94477247437868e-08,8.180800704608309e-08,5.327364284391697e-08,-0.027828368270221,-0.023865556860669983,-0.010701481766640803,-0.005772707349186703,-0.016900238668228797,0.004262670345039751,0.004484379130587674,0.005301159711543434,0.005635366456825395,0.004900739036883931,0.007552908832762103,0.010688027457039798,0.01918538624755861,0.022381198948373322,0.014666601092416999,-0.013456263027611355,-0.0051429104986310216,0.014973017600743875,0.022012812508268892,0.004740911868068232,-7.347617646871277,-6.722510833928037,-5.058746109496613,-4.276275711056272,-5.859655919076568
1817,0.009173817083301561,0.050329477003659015,0.13189690342006907,0.14496168801195175,0.10675163856149947,0.11936545018142401,0.12472792171343335,0.14054783383353872,0.1464552660908244,0.13263792470128138,-4.500305351641222,-4.125892001897879,-3.100023266862528,-2.6159563483036075,-3.5912213877740733,-0.12389403997861322,-0.08329372253785322,-0.0018869478752136203,0.00995406465563668,-0.023943724290402,-4.406556567525665,-4.041391425063794,-2.997454946213503,-2.5265709529725178,-3.500148752095191,-0.12693833299938068,-0.08464953496755054,-0.007637934015857779,-0.0042567185119346315,-0.027829248567182177,-0.008155804525024388,-0.005039592277057983,0.0048471003650159055,0.007783496112193401,0.00012090138152646063,1.0440007435266114e-05,0.0016557038049995227,0.007193013588433838,0.009930392680575467,0.00427193904709546,0.026144342022764843,0.029644321077863675,0.03721682338634643,0.03997366128890041,0.033455303335878754,0.08330983018770187,0.08765142701036265,0.10094178627796163,0.10540730497825888,0.09414778373743238,0.0,0.0,0.0,0.0,0.0,-1.1340585194135972e-05,0.000896104411900248,0.0036364003953175553,0.00458771005276318,0.002310508387812108,2.5925387610260537e-08,3.732877166831518e-08,7.049996299748163e-08,8.304752230435834e-08,5.408081925064382e-08,-0.028599236340810297,-0.024524228527183712,-0.010995069897744562,-0.005914395322895422,-0.01732230331539358,0.004327018930320505,0.0045520745960021276,0.005381185165114362,0.005720437041619103,0.0049747198044139875,0.008199451355829362,0.011602941749227748,0.02082768967067305,0.024297069662260883,0.015922088413272764,-0.011756767807785588,-0.0036153975229910747,0.01700358997390543,0.024139069469171937,0.006393181529133929,-4.509838103660897,-4.126158568421352,-3.1049691284723737,-2.6247026002629763,-3.596553441978059
1818,-0.013261645150931835,0.03662052950740929,0.1333074119123174,0.14779467404495678,0.1040676984992652,0.12112859944600457,0.12656999938260516,0.1426228523925608,0.14861725971360237,0.1345963491096598,-3.1993384645378233,-2.93257640605119,-2.2042600945476183,-1.8606463423804804,-2.5537774068411534,-0.14613298853304624,-0.09712039263397625,-0.0025701989099144594,0.011417498141938416,-0.028105357779239226,-3.1139535527661213,-2.854662495781777,-2.104406900563576,-1.7735136256050505,-2.460579087886744,-0.15104115092766454,-0.10236377419295407,-0.008935280922261691,-0.004849592873802966,-0.03324360703913867,-0.010317000634132035,-0.006636148216122223,0.0049588350164087355,0.00864089278780053,-0.0004910992893358725,1.2002975332227132e-05,0.0019035783309647903,0.008269875783296814,0.011417066426757574,0.004911488743758512,0.026526921732255605,0.030078117259697005,0.03776143076131573,0.0405586104801967,0.03394486701355789,0.08454333784107458,0.08894921750882752,0.10243635739446066,0.10696799376035256,0.09554176103310744,0.0,0.0,0.0,0.0,0.0,-1.1509847659720088e-05,0.0009094791046151768,0.0036906750280834883,0.004656183337132779,0.002344993587630199,2.631233369399616e-08,3.7885917514111494e-08,7.155220125117644e-08,8.428703756263361e-08,5.4887995657370667e-08,-0.029372052448617895,-0.025148756414813275,-0.01126266383462727,-0.006056103683599869,-0.01778953923666452,0.004391360518588079,0.004619762700476761,0.0054612019170308425,0.0058054983761705505,0.005048692527565084,0.008999489062294913,0.012735065168522871,0.022859891137818174,0.02666778582885039,0.01747564005270535,-0.018865619539183556,-0.011332829194666105,0.00954142548882913,0.017016641447318192,-0.0007215910520831045,-3.1990461026159496,-2.926883667147322,-2.2025046489183824,-1.8618283918177152,-2.551209158056067
1819,0.00032200684824923713,0.04626343405985406,0.1345460150327939,0.1484876800939615,0.10789979035112028,0.12289121843472482,0.12841151503999204,0.14469721799408547,0.15077856623439745,0.13655416257427355,-1.3774843089076982,-1.2577754362603344,-0.9489354857703581,-0.80564231896834,-1.1008142148197293,-0.13379365288371625,-0.0894491881077343,-0.003160572081586513,0.00971639388566855,-0.02667431088422052,-1.3004660754950512,-1.1835822723481169,-0.8419811052429697,-0.7124389951081245,-0.9987023535128997,-0.1379349712759241,-0.09177340001584891,-0.008117497172359869,-0.004424217154707214,-0.030212287484288267,-0.009166690488267603,-0.005862327730715496,0.0047025536343885555,0.007992109058314647,-0.0002878785659430384,1.0965053392074983e-05,0.00173897200129903,0.0075547626317459095,0.010429809233560672,0.004486782220179295,0.026909284704628424,0.030511667689516058,0.03830572960807526,0.04114322828904189,0.034434153346103655,0.0857765571033302,0.09024670458700101,0.10393057908383398,0.1085283176571696,0.0969354124202497,0.0,0.0,0.0,0.0,0.0,-1.1679110125304205e-05,0.0009228537973301058,0.003744949660849421,0.004724656621502378,0.0023794787874482897,2.6699279777731785e-08,3.844306335990781e-08,7.260443950487127e-08,8.552655282090889e-08,5.569517206409751e-08,-0.030099791457469827,-0.025795388664253904,-0.011548364737998303,-0.006222050693602861,-0.01825026851329304,0.004455695113579668,0.004687443447943148,0.005541209971940539,0.00589055046542041,0.005122657210633827,0.008423952887869065,0.0119206310781628,0.02139795322087867,0.024962325071011482,0.01635803626965098,-0.03356222192094676,-0.0259654618640109,-0.00327604225790626,0.0052803857155296905,-0.013573092764567703,-1.3600355918229556,-1.2443290383313168,-0.9363680977385829,-0.7915337252151434,-1.0846155840966558
1820,-0.014351228305769464,0.0364461700240867,0.1343958675864715,0.14879168340562499,0.10434533518961316,0.12465330763562825,0.130252469209849,0.1467709312668655,0.15293918632445958,0.13851136567988226,-0.17566581212497331,-0.1594609391658734,-0.11840795605585444,-0.10038475251661354,-0.13896996635577968,-0.1523672638473974,-0.09989284660308068,-0.005122748116191403,0.009249017208148066,-0.03177008351528119,-0.16400231143921687,-0.10396555245998848,0.003141848396725361,0.03218993099114829,-0.037245674379124245,-0.1532193558485528,-0.10449626044613328,-0.008956362498078827,-0.004842887698461744,-0.03488634601003639,-0.011283228168032032,-0.00740109778686856,0.004136088779400262,0.007924077189455599,-0.0012711873862058557,1.1701935570883835e-05,0.001855835771258506,0.00806246375725873,0.011130721511666098,0.004788306502827671,0.02729143126421036,0.03094497273506602,0.03884972038830897,0.04172751521131921,0.03492316274853742,0.08700948812250633,0.09154388840063556,0.10542445152545035,0.1100882768560138,0.09832873806615533,0.0,0.0,0.0,0.0,0.0,-1.184837259088832e-05,0.0009362284900450346,0.003799224293615354,0.004793129905871976,0.0024139639872663805,2.7086225861467412e-08,3.900020920570413e-08,7.365667775856609e-08,8.676606807918414e-08,5.650234847082436e-08,-0.03084780577840439,-0.026529755091803792,-0.011875152406616142,-0.006403237676689571,-0.018756479631454413,0.004520022719026641,0.004755116842326732,0.005621209334483873,0.005975593314301652,0.005196613857910126,0.00868215181157435,0.01228600516741035,0.02205381259766639,0.025727434462328017,0.016859419339449268,-0.05539706300098916,-0.04588380623657322,-0.017939285827426828,-0.008663168422974243,-0.03124982666998205,-0.13456659856455994,-0.12311819425175206,-0.09264747972378888,-0.0783170688265359,-0.10731559584140649
1821,-0.012301451870875385,0.03927853336425024,0.13773391014512168,0.1530147529041814,0.10792437059478263,0.12641486753580836,0.13209286241540094,0.1488439928383919,0.15509912065367798,0.14046795901007625,-0.055640368254105524,-0.04200848140169712,-0.006976012522722238,0.005055544089167104,-0.024767868900739426,-0.150442308761722,-0.10073662045587803,-0.0036732230003852537,0.010783492149027641,-0.030222688779029547,-0.04132189169634089,0.01277826284496258,0.11790856296518272,0.13868986213012532,0.08008034316247215,-0.1538960218159908,-0.10457189178418098,-0.009032502612028176,-0.004889550614273681,-0.03382125813869194,-0.010455014989523729,-0.0067263263057520065,0.0051455231584698795,0.008903606614091543,-0.0004375878042763607,1.228494462969781e-05,0.0019482964637448697,0.00846414853653035,0.011685271776716548,0.00502686755545151,0.027673361734518655,0.03137803276317382,0.039393403562548016,0.042311471741673684,0.03541189563484425,0.08824213104652424,0.09284076910536114,0.10691797489853755,0.11164787154404174,0.09972173813798893,0.0,0.0,0.0,0.0,0.0,-1.201763505647244e-05,0.0009496031827599636,0.0038534989263812876,0.004861603190241576,0.0024484491870844713,2.7473171945203036e-08,3.955735505150044e-08,7.470891601226092e-08,8.800558333745942e-08,5.730952487755121e-08,-0.03167468245435402,-0.027262008191361868,-0.012204967771495913,-0.006602038088415845,-0.019287497518271815,0.004584343338653793,0.004822782887546042,0.0057012000092930915,0.00606062692773856,0.005270562473676334,0.009009823153488238,0.012749688812586825,0.02288614109468266,0.026698408381838873,0.017495707287269034,-0.07811613999507214,-0.06538349247782467,-0.031201426479749474,-0.01886939628798132,-0.04828144390624654,0.017070542470422046,0.020194100227441544,0.026835712767943828,0.02933108797757033,0.023391266603796444
1822,-0.0037994180618608803,0.04481965430835816,0.13790109887404176,0.15234707063070443,0.10870735060442782,0.12817589862141238,0.13393269517884754,0.15091640333489972,0.15725836989058722,0.14242394314728168,-0.0972279316247599,-0.08230003156651425,-0.042347061999477936,-0.02817157820484544,-0.0626943750303883,-0.14569424729547342,-0.09600762211382458,-0.005858700085873646,0.008171889130965471,-0.03133955681263653,-0.07035298799653082,-0.018544378945939625,0.08299695383875313,0.10543986680969183,0.04354248368328213,-0.1454463011321086,-0.09839805368942593,-0.008776568040925076,-0.004767194302576836,-0.03272194985614158,-0.010353224573948317,-0.006763553590120071,0.004278320625383123,0.007759101837829105,-0.0009012821360661562,1.1297582530963558e-05,0.0017917085308412617,0.007783870381851144,0.010746106415087825,0.004622849576598657,0.02805507643826363,0.03181084813975147,0.03993677959017489,0.042895098373516564,0.035900352417976664,0.08947448602319125,0.09413734685668791,0.1084111493821853,0.11320710190826577,0.10111441280278644,0.0,0.0,0.0,0.0,0.0,-1.2186897522056555e-05,0.0009629778754748924,0.00390777355914722,0.004930076474611174,0.002482934386902562,2.7860118028938663e-08,4.0114500897296754e-08,7.576115426595575e-08,8.924509859573467e-08,5.811670128427805e-08,-0.03252540215242034,-0.028045872710741923,-0.012531312670728252,-0.006802041861865235,-0.019822705550192523,0.004648656976178243,0.00489044158751153,0.00578118200099089,0.006145651310645265,0.005344503062205973,0.008445386648971955,0.011950961727221035,0.021452397805687258,0.025025838782361323,0.016399657376295708,-0.09473187670758175,-0.07964764831252094,-0.039706058673474084,-0.025180236232025865,-0.0599053116895345,-0.003423774077043335,-0.00313249265707865,-0.002357227148232657,-0.0019926189180569124,-0.002730427602567295
1823,0.013168730013106297,0.05559873941132887,0.14057458391044625,0.15435195552628456,0.11403428600983437,0.12993640137765078,0.13577196802137217,0.15298816338137766,0.15941693470237764,0.14437931867277004,-0.6399027859718526,-0.5879173066629126,-0.44889811747687747,-0.3897574266636233,-0.5176792580402587,-0.1302185359780553,-0.0889848854192742,-0.005372678374206752,0.007711008212463758,-0.028781101179611357,-0.5716216184235328,-0.5009984664056095,-0.33343238069509934,-0.27234627011691154,-0.413604755395592,-0.13149044829743736,-0.08835312188542661,-0.00829036760594189,-0.004642565150961012,-0.029283775289866164,-0.00869417920703384,-0.005514545921004367,0.004724559738181673,0.007791729614642464,-0.00014117119099450487,1.0704234087848841e-05,0.0016976080925947311,0.007375061916870253,0.010181721468709954,0.004380057758834932,0.028436575697351068,0.0322434192297987,0.04047984892942681,0.04347839559902903,0.03638853350985764,0.0907065532002038,0.09543362181000932,0.10990397515534897,0.11476596813555807,0.10250676222745839,0.0,0.0,0.0,0.0,0.0,-1.2356159987640674e-05,0.0009763525681898214,0.003962048191913153,0.004998549758980774,0.002517419586720653,2.8247064112661108e-08,4.06716467430741e-08,7.681339251961474e-08,9.048461385396773e-08,5.8923877690977406e-08,-0.0333557789505624,-0.028818207078957138,-0.012898530582044213,-0.006997913236583157,-0.020357760315623252,0.004712963635312091,0.004958092946128366,0.005861155314193726,0.0062306664679292615,0.005418435627766796,0.00827808483011097,0.01171421500179485,0.021027429083591183,0.024530080740623763,0.01607478266992744,-0.0980767930206429,-0.08264255711441593,-0.04153038362654095,-0.026136198435615002,-0.062328660980286894,-0.5719686922225026,-0.5233078141689517,-0.39379354446492204,-0.3328828395251631,-0.4561396487928581
1824,0.011324814277903597,0.055453339770530616,0.14416813875324633,0.15829057833130503,0.1172281584012036,0.13169637628879002,0.13761068146313535,0.15505927360156188,0.16157481575488905,0.1463340861666519,-0.14748253070714853,-0.1333840560525943,-0.09376175859697322,-0.07798604993563277,-0.11298352284840299,-0.1393840380314244,-0.09018479781245575,-0.003234976142612235,0.010033565262386834,-0.02784716152565722,-0.11220591075232296,-0.06184584651068409,0.03862138509151102,0.062499211997034634,0.0002911486702158461,-0.1381096710927668,-0.09126257702811212,-0.008698170317482646,-0.004864110767930328,-0.030191212329731255,-0.00841542445964807,-0.00474438089896967,0.006221559925418756,0.009524978685770239,0.0008796702665252019,1.1908975053814362e-05,0.0018886706194900552,0.008205110955864257,0.011327654644006441,0.004873024838222115,0.028817859832885567,0.03267574639740684,0.04102261203740051,0.04406136390916726,0.03687643932138497,0.09193833272514035,0.09672959412059476,0.11139645239684107,0.11632447041264145,0.1038987865787821,0.0,0.0,0.0,0.0,0.0,-1.252542245322479e-05,0.0009897272609047504,0.004016322824679086,0.005067023043350372,0.0025519047865387437,2.8634010196396732e-08,4.122879258887041e-08,7.786563077330955e-08,9.1724129112243e-08,5.973105409770426e-08,-0.03418597384583651,-0.029597585114599215,-0.013274524920696506,-0.007196965198249026,-0.02091981565279207,0.00477726331976017,0.005025736967294083,0.0059411199535090225,0.006315672404488446,0.0054923601746182105,0.008817154737488175,0.012477046130686483,0.022396737864680386,0.026127482630575915,0.017121574504370424,-0.08165457389460717,-0.06836603882026172,-0.03266334211638502,-0.01975519229944113,-0.05048361926333463,-0.07929744242705926,-0.07255112356665468,-0.05459533248055323,-0.04615070398282215,-0.0632389640039596
1825,-0.007591374419186936,0.044339405158337064,0.14312899749437386,0.15909584522426024,0.11308701617857868,0.13345582383816265,0.13944883602328537,0.15712973461794813,0.16373201371262355,0.14828824620788805,0.02717984564835155,0.03926949284081526,0.07230952656789236,0.08488416757140216,0.05684248804026114,-0.15330569261865953,-0.10306250151149499,-0.00636576489250237,0.008592764251558319,-0.03322995121523738,0.04728318887941765,0.1028621458993965,0.20393933133961234,0.22261693788130266,0.16656946361795444,-0.15547519596749546,-0.10413517110475656,-0.009653090283182324,-0.005310156538676652,-0.03460583864789067,-0.010515591061282475,-0.006755689324776118,0.005287667780381656,0.009032442907179299,-0.0004153181495878725,1.2465477984260398e-05,0.0019769276466182545,0.008588533397421124,0.011856992641271887,0.0051007398674628845,0.029198929165172926,0.033107830005761466,0.041565069370055614,0.04464400379366612,0.037364070262434226,0.09316982474546881,0.0980252639435972,0.11288858128533999,0.11788260892609884,0.10529048602340986,0.0,0.0,0.0,0.0,0.0,-1.2694684918808907e-05,0.0010031019536196793,0.00407059745744502,0.005135496327719971,0.0025863899863568345,2.902095628013236e-08,4.178593843466673e-08,7.891786902700438e-08,9.296364437051825e-08,6.05382305044311e-08,-0.03501595193485046,-0.03034426123485517,-0.013662076835371163,-0.0073975848825680165,-0.021461585787665265,0.004841556033220083,0.005093373654898598,0.006021075923535206,0.006400669125211146,0.005566276707011299,0.00893035239713935,0.012637230732568134,0.02268427487470057,0.02646291622275085,0.01734138715608647,-0.042411108768003476,-0.03360602030562746,-0.007724265471599144,0.0014467349961190632,-0.019800546712556877,0.055985927252227306,0.06623019908223088,0.08801256699316981,0.0961966006989075,0.0767158836742711
1826,0.005139003448013878,0.05187836668551091,0.1463651082184801,0.1617749244014897,0.11722817595766709,0.13521474450817023,0.14128643221996084,0.15919954705179465,0.1658885292387483,0.15024179937429288,0.1586507260649543,0.18243774478924554,0.24587083024481746,0.2673833836190784,0.21330101877900634,-0.14839750639218366,-0.09978467302914606,-0.005085878117576367,0.009364237739900267,-0.031104290600965277,0.20654087642383842,0.2594231602340027,0.37116668743661274,0.3978395609468385,0.32436379060183307,-0.14671676992676974,-0.09981655088679509,-0.009236309300611836,-0.005157853829709944,-0.03268012560855832,-0.009395149373013528,-0.005641536034071637,0.006135792146299031,0.009658115280723405,0.0004982430751621421,1.254907563607539e-05,0.0019901855825974523,0.008646130966119702,0.011936509587485222,0.005134947129789881,0.02957978401372329,0.03353967041714598,0.04210722138221911,0.04522631574104394,0.037851426741862856,0.0944010294085435,0.0993206314340502,0.11438036199938663,0.1194403838623695,0.10668186072786563,0.0,0.0,0.0,0.0,0.0,-1.2863947384393024e-05,0.0010164766463346081,0.004124872090210952,0.00520396961208957,0.0026208751861749252,2.9407902363867983e-08,4.234308428046304e-08,7.99701072806992e-08,9.420315962879353e-08,6.134540691115795e-08,-0.035910917688384225,-0.031099725466281515,-0.014016787464108997,-0.0076137570353656215,-0.022008974740709494,0.004905841779384086,0.0051610030128262105,0.006101023228864054,0.0064856566349786255,0.005640185229191004,0.008941233983306042,0.012652629129967194,0.022711915541126795,0.026495161143252757,0.017362517542682337,-0.008463457529832455,0.0009189271421935733,0.02513077236477276,0.03365740276814122,0.012797884905992814,0.1460056397783676,0.17272166532287037,0.2295278792915405,0.25087101203614315,0.20006727095118648
1827,-0.007930998876667915,0.04389116896254483,0.1474595798353346,0.16429593077170176,0.11611213188071871,0.13697313878028108,0.1431228152442283,0.16126871152312097,0.16804436299509512,0.1521947462425326,0.1508024696836322,0.1719532431940138,0.23022574771799784,0.24870737862627193,0.20068464601003952,-0.16111392339282796,-0.10904262860565693,-0.005922536515970004,0.009610779632725023,-0.03395499043597108,0.18707388758477692,0.24402269967332194,0.3581067863136544,0.3821628098340153,0.3108722627283413,-0.16317186375686757,-0.10941035908558949,-0.010200369826199766,-0.005704920283467112,-0.03621925558939097,-0.010537776862334992,-0.00644249225838168,0.0064049441168821854,0.010219859409917898,0.0002518326185145834,1.360668647051502e-05,0.0021579144174328825,0.00937480948005461,0.012942494588390434,0.005567710137698478,0.02996042469725336,0.03397126799294412,0.04264906852758853,0.04580830023860589,0.03833850916751297,0.09563194686160317,0.1006156967468657,0.11587179471738183,0.12099779540774651,0.10807291085854277,0.0,0.0,0.0,0.0,0.0,-1.3033209849977141e-05,0.0010298513390495372,0.004179146722976886,0.0052724428964591695,0.002655360385993016,2.9794848447603607e-08,4.290023012625936e-08,8.102234553439403e-08,9.544267488706878e-08,6.21525833178848e-08,-0.036789999569542146,-0.031845883597736914,-0.01438389285562569,-0.007807268557880304,-0.022585482967994806,0.004970120561937614,0.00522862504495404,0.0061809618740788635,0.006570634938663132,0.005714085745394423,0.009338017426488487,0.013214112451047068,0.023719797905742548,0.027670931879788887,0.018133010687785542,0.00925964583814773,0.02203961049870537,0.052738957266364045,0.06507766607315846,0.03664314928219335,0.1190581345253528,0.14084332150914655,0.18716510657734198,0.2045690477768507,0.16314189023919967
1828,-0.05151860009595589,0.014786706977608744,0.1473062333142797,0.166853226642543,0.10894784855679297,0.13873100713503583,0.14495839045594777,0.163337228650715,0.17019951564216762,0.15414708738813188,0.19047935600522023,0.21710229355223057,0.28737996908930563,0.3102072442819464,0.25182107949582977,-0.2064161400069085,-0.1358877980235963,-0.007537357460537118,0.011401723281551724,-0.04303518886602916,0.19365827822589957,0.26985774748249014,0.41158049103688116,0.44123592913217996,0.3530251409290103,-0.20628455113291166,-0.1415143571565759,-0.012484095889242455,-0.006778257388633306,-0.04750392465150549,-0.014899737330804658,-0.009635339203903047,0.0064500618824820805,0.011556059410405212,-0.0010980691254320219,1.649425597539775e-05,0.0026158604338585943,0.011364302956467946,0.01568911131771171,0.0067492726026294435,0.03034085153368971,0.034402623093643746,0.043190611258736626,0.046389957772449086,0.03882531794621563,0.09686257725177323,0.10191046003683635,0.11736287961758908,0.12255484374837941,0.10946363658170655,0.0,0.0,0.0,0.0,0.0,-1.3202472315561282e-05,0.0010432260317644682,0.004233421355742827,0.005340916180828778,0.002689845585811112,3.0181794531352416e-08,4.345737597207465e-08,8.20745837881247e-08,9.668219014538628e-08,6.295975972463915e-08,-0.03769736237320282,-0.03258382656101346,-0.01477178283010956,-0.007997479006210938,-0.023144987149329353,0.005034392384558922,0.005296239755151655,0.006260891863754003,0.006655604041127418,0.005787978259850403,0.010465842469639611,0.01481008365827903,0.026584622511948045,0.03101296568803915,0.020323075519256086,0.013871873832185487,0.027195905864709623,0.06158641465185127,0.07500456961165293,0.04451749773425257,0.1511547423259633,0.17881294760682181,0.23762251583981595,0.2597183453936359,0.20712293603446025
1829,-0.031633090204117344,0.028353847212152238,0.14885197774477546,0.16758384045464433,0.11378340902805487,0.14048835005205576,0.14679338712435697,0.16540509905214243,0.17235398783915107,0.15609882338548295,0.10735844443667121,0.12548903750158344,0.17083719994226534,0.1856467400465216,0.14707117844235135,-0.18818582176098977,-0.1250075156452184,-0.008251161882537179,0.00958436219128173,-0.040713394282830724,0.11160291636148284,0.1807302356160342,0.3032104884534103,0.325998421403332,0.2559258468383483,-0.18846665769668233,-0.12888440365551493,-0.011660552031434785,-0.006365366225221374,-0.04251363707879585,-0.013218212884676625,-0.008517829865703371,0.00613013493830885,0.010762270634510945,-0.0008091178232221396,1.5109891990759534e-05,0.0023963110962664444,0.010410496264797973,0.014372323176942228,0.006182805710911381,0.03072106484017136,0.034833736078839696,0.043731850027115084,0.04697128882746651,0.039311853483794096,0.09809292072606901,0.10320492145863903,0.11885361687813846,0.12411152907027855,0.11085403806349782,0.0,0.0,0.0,0.0,0.0,-1.3371734781145401e-05,0.001056600724479397,0.00428769598850876,0.005409389465198378,0.002724330785629203,3.056874061507486e-08,4.401452181785199e-08,8.312682204178369e-08,9.792170540361932e-08,6.376693613133849e-08,-0.03860587071158065,-0.03331764434053355,-0.015153872389583252,-0.008196811653159277,-0.02369100976984871,0.005098657250920986,0.005363847147283066,0.006340813202457269,0.006740563947227255,0.005861862776781715,0.009927033442625667,0.014047621697948454,0.025215976401446353,0.02941633685326895,0.019276790274831004,0.007912796652424068,0.0206309483119402,0.05104683973401162,0.06301754930652682,0.03507779213080998,0.08150061322641933,0.09641354719359244,0.1281228789738279,0.14003665442454657,0.11167791390667742
1830,-0.04090417417789343,0.021498281201465578,0.14811997746096073,0.16847834028067135,0.11062469805242545,0.14224516801003495,0.14862780580949767,0.1674723233437391,0.17450778024390495,0.15804995480783807,0.15293634449930138,0.1751920607953518,0.23758625664354494,0.25830822851354684,0.2053377554995875,-0.20035050447507685,-0.13294957663661655,-0.011179587541775823,0.008755591844854627,-0.04510252000063826,0.15615505396307228,0.23248108732252518,0.3642515944509804,0.3920243066678109,0.3102357566013977,-0.19984602676672977,-0.13722426915522645,-0.013956007902004883,-0.00790468234427942,-0.04698149898856699,-0.014652648895084316,-0.009589138152690866,0.006085614298440205,0.011110325355966724,-0.0012567508731372887,1.6092506904178637e-05,0.002552146162580821,0.011087503677699414,0.015306973080646305,0.006584881192458813,0.03110106493305231,0.03526460730723673,0.04427278528305808,0.047552293887350876,0.039798116185067074,0.09932297743138849,0.10449908116682714,0.12034400667701793,0.1256678515593058,0.11224411546992485,0.0,0.0,0.0,0.0,0.0,-1.3540997246729516e-05,0.0010699754171943259,0.004341970621274693,0.005477862749567975,0.0027588159854472936,3.0955686698823664e-08,4.457166766366728e-08,8.417906029551435e-08,9.91612206619368e-08,6.457411253809284e-08,-0.03967775732515642,-0.034225091662113474,-0.01557726887246376,-0.00842940106842525,-0.024369052369002955,0.00516291516468926,0.005431447225204378,0.006420725894747115,0.006825514661808478,0.005935739300402491,0.010233407069515263,0.014481167211182377,0.025994205888666678,0.030324200200726188,0.01987172129681495,-0.006530826188629278,0.002932166097965801,0.029273710541216535,0.03808037522213168,0.015613184173417335,0.13828393111076592,0.16358704297382456,0.21738898234432602,0.23760335421806136,0.18948643871380003
1831,-0.012715351415638097,0.04176842745499373,0.15168916852504216,0.16969387499988547,0.1178285491273961,0.14400146148675297,0.15046218894547891,0.1695389021406257,0.17666089351297812,0.1600004822273234,-2.7974414640737852,-2.558866126353485,-1.927146729362222,-1.629305110693836,-2.2312924756173675,-0.1744673142050947,-0.11917030089922917,-0.009645227246722012,0.008000431254902525,-0.04067949020038589,-2.701592166621276,-2.4726130734778664,-1.8119948236539982,-1.5303307153307268,-2.126527254442194,-0.17439216575590957,-0.11770197446624944,-0.012590467407116765,-0.007118473597297664,-0.04046256624940951,-0.011761199531118614,-0.00729793722997003,0.0066183226448658,0.010863661165595255,-2.4550860344309277e-05,1.4734501505162317e-05,0.002336777091217329,0.010151857668933723,0.014015256867014138,0.006029199951214908,0.03148085212790446,0.03569523713665279,0.04481341747578647,0.04813297343459909,0.04028410645385248,0.10055274751451976,0.10579293931583847,0.12183404919208228,0.127223811401184,0.11363386896687169,0.0,0.0,0.0,0.0,0.0,-1.3710259712313635e-05,0.001083350109909255,0.004396245254040626,0.005546336033937576,0.0027933011852653844,3.134263278255929e-08,4.512881350946359e-08,8.523129854920917e-08,1.0040073592021207e-07,6.538128894481968e-08,-0.04091292852255193,-0.03528195916372312,-0.016070773663319146,-0.008695223135274209,-0.0251317096314344,0.005227166129523215,0.005499039992765395,0.006500629945174541,0.006910456189709003,0.006009607834919973,0.0097216344202876,0.013756964093175594,0.02469423574950925,0.028807687062236246,0.018877936589170502,-0.03207755265983454,-0.024111145542376946,0.0014345668157475005,0.01131197043393916,-0.009917218506322108,-2.7828090302849398,-2.546058430627401,-1.9159304460297268,-1.6195805547642732,-2.2192640104119095
1832,-0.006605668461358078,0.046608774078639656,0.15400560790821896,0.17122076572512862,0.12095983244480615,0.145757230959074,0.15229637257423145,0.17160483605670743,0.17881332830160884,0.16195040621493867,-2.2729614061079473,-2.0803385949841497,-1.569873669095751,-1.3353178959809358,-1.8191512869229682,-0.17264718866391118,-0.11668010309412775,-0.009443191004743374,0.007808290349013205,-0.03986651172569098,-2.174439647230214,-1.9983739398344456,-1.4538901964339792,-1.229749591190197,-1.71135782942125,-0.16872569538682167,-0.11423861974151513,-0.012482605780953499,-0.0069203318264225225,-0.0392999899197206,-0.010912355145941478,-0.00662319966827354,0.007094534732752237,0.011306554508806728,0.0005052960744231374,1.4667149903678694e-05,0.002326095652191476,0.010105453393105528,0.013951192942295203,0.006001640398403635,0.03186042673952033,0.0361256259240221,0.045353747053411664,0.04871332795051642,0.04076982469297092,0.10178223112213809,0.1070864960599921,0.12332374460104961,0.12877940878149322,0.11502329872009495,0.0,0.0,0.0,0.0,0.0,-1.3879522177897751e-05,0.0010967248026241836,0.004450519886806559,0.005614809318307174,0.002827786385083475,3.1729578866281736e-08,4.568595935524094e-08,8.628353680286816e-08,1.016402511784451e-07,6.618846535151905e-08,-0.042149042537216304,-0.036330599788396166,-0.01656949168473088,-0.008940998308595668,-0.02588618560371965,0.00529141014907596,0.0055666254538092284,0.006580525358282645,0.00699538853575834,0.006083468384534097,0.009736807833811962,0.013778435802149751,0.02473277822441589,0.028852649763936238,0.018907401052240258,-0.06307360339906914,-0.05225388439218442,-0.020027399544013856,-0.009094961471842732,-0.03530335216072776,-2.2336511413095406,-2.0436207650330083,-1.5378418644148946,-1.2999734855041571,-1.7813157625179126
1833,-0.011335295749105537,0.04268856864483574,0.15429686303596735,0.17214483606312503,0.11949893022503834,0.14751247690294622,0.15413000085279138,0.17367012570467366,0.18096508526372443,0.16389972734055672,-0.9958980402734505,-0.91357745095497,-0.6947565702037276,-0.5956994398152606,-0.8022612814011977,-0.17842620788064906,-0.1224131259143897,-0.01090601554676681,0.00688371518896208,-0.04286626262315555,-0.9294576845924606,-0.8362503735057901,-0.5723200831483763,-0.47906097468711706,-0.6979231665454475,-0.17539337795638868,-0.11857561312485107,-0.012957005547152201,-0.007307049701439702,-0.04123394887651095,-0.011879621808041248,-0.007317132648402169,0.00677950393592334,0.011079651169357108,3.6506016746700766e-05,1.4989183039499927e-05,0.002377167597457917,0.010327329549444592,0.014257506468860275,0.00613341290296395,0.03223978908191545,0.036555774025397884,0.04589377446293897,0.04929335791522014,0.041255271304248685,0.10301142840080281,0.10837975155348513,0.12481309308149752,0.13033464388566687,0.11641240489522012,0.0,0.0,0.0,0.0,0.0,-1.404878464348187e-05,0.0011100994953391126,0.004504794519572492,0.005683282602676773,0.002862271584901566,3.211652495001736e-08,4.624310520103725e-08,8.7335775056563e-08,1.0287976643672038e-07,6.699564175824589e-08,-0.04338609178886947,-0.03737958210046707,-0.017068929973053742,-0.009170770857834243,-0.026641106465592923,0.005355647226994283,0.005634203612172347,0.006660412138606663,0.007080311704777648,0.006157320953437534,0.00975229268062766,0.013800348216505439,0.02477211178102586,0.028898535322062387,0.018937470271431396,-0.08449332656021491,-0.07047481102532102,-0.032341023858154704,-0.01949718324704151,-0.051333584518512373,-0.9415114831932166,-0.8614113376910911,-0.6482192979486581,-0.5479548447889251,-0.7508465465293885
1834,-0.048684478312972464,0.01663248001385609,0.15334940172801165,0.17478022894844095,0.11364603573597007,0.14926719979341224,0.1559630742925364,0.17573477169601107,0.1831161650519552,0.16584844617293584,-0.1635129711602073,-0.14793802558582134,-0.10534714059156665,-0.08769335767571129,-0.12594667268208837,-0.2183549308065202,-0.143777460950856,-0.013513574971621445,0.007527304945874065,-0.04993503877342083,-0.18468728240708177,-0.11129212997316053,0.03596508890385801,0.06431909816378482,-0.016729796991442253,-0.21390345032245106,-0.1465732448049206,-0.01463118504620414,-0.008211174245223508,-0.0503345355152075,-0.01575053701200003,-0.01031646949507275,0.006482878046710516,0.01182330169265255,-0.0013735715515195614,1.721332167969024e-05,0.0027298986498295956,0.011859728789641292,0.01637307680825707,0.007043506575032356,0.032618939468331644,0.036985681795956085,0.04643350015027239,0.049873063807644585,0.04174044668852206,0.10424033949696473,0.1096727059504005,0.12630209481087212,0.131889516899001,0.11780118765775013,0.0,0.0,0.0,0.0,0.0,-1.4218047109065984e-05,0.0011234741880540415,0.004559069152338425,0.005751755887046372,0.0028967567847196568,3.250347103375299e-08,4.680025104683356e-08,8.838801331025782e-08,1.0411928169499565e-07,6.780281816497273e-08,-0.04462356988458936,-0.03842883188263463,-0.01756902851113206,-0.009399882534397766,-0.02739586653449399,0.005419877366918279,0.00570177447168417,0.0067402902906735,0.007165225701579227,0.006231165545815251,0.010551727591420722,0.014931618627133146,0.026802782067527727,0.03126746525103538,0.02048985137327848,-0.08145363860276268,-0.06758503087115776,-0.030121806198639373,-0.018068637717852897,-0.04882634861121096,-0.09763518683153295,-0.08932876379693672,-0.06722064827969199,-0.05682317698851811,-0.07786314257535581
1835,-0.03741284966050437,0.02864877587632424,0.15694655246318717,0.17778343622847406,0.11879922185572794,0.15102140010460538,0.15779559340385516,0.17779877464099889,0.18526656831762967,0.16779656327971534,-2.4947157444949912,-2.2800090150864216,-1.7189465137121582,-1.4548338998103094,-1.9888650707925244,-0.20305633612901,-0.1379596485024892,-0.012091518121083252,0.007971359503358016,-0.04776193680401865,-2.4095945583377096,-2.2114555414362744,-1.59972917864397,-1.3626680935986848,-1.8863708526977283,-0.20319310518079142,-0.13794562813718214,-0.014356471068456689,-0.00807526765624735,-0.046799246754286886,-0.01377979875151088,-0.008676257141455576,0.0076274177944661145,0.01258555000610393,-8.548486432952585e-05,1.712790919611758e-05,0.0027163528956792673,0.011800880828203573,0.01629183361882843,0.007008556703018768,0.032997878211239076,0.03741534958999766,0.04697292456021738,0.0504524461055442,0.04222535124563984,0.10546896455695902,0.11096535940469944,0.1277907499664794,0.13344402800664534,0.11918964717305722,0.0,0.0,0.0,0.0,0.0,-1.4387309574650103e-05,0.0011368488807689705,0.004613343785104358,0.0058202291714159705,0.0029312419845377476,3.289041711748861e-08,4.735739689262988e-08,8.944025156395264e-08,1.0535879695327091e-07,6.860999457169958e-08,-0.04586095417505724,-0.03948042662780849,-0.01806977258737984,-0.009629234495089845,-0.028139598776315118,0.0054841005724825045,0.005769338036168293,0.006820159819003182,0.00725013053096806,0.006305002165845855,0.010517257007000467,0.014882839731359137,0.02671522222920252,0.031165320100755005,0.020422914737035582,-0.03873811460700251,-0.029735460713118313,-0.0019321424724456405,0.008175188096630742,-0.014546670502275205,-2.474182082873971,-2.2636882669464105,-1.7034445159587925,-1.4399612574056326,-1.9731369245865773
1836,-0.04140657111737775,0.025988175735507612,0.15552433520448258,0.17781988816880254,0.11605509493600175,0.15277507830975334,0.15962755869615208,0.17986213514871507,0.18741629571078108,0.16974407922742113,-2.393966218144395,-2.1911171645404615,-1.6275157663390416,-1.3661672796993056,-1.9037097827635614,-0.20828889460931174,-0.1418719170832514,-0.01528099150651823,0.0057342118667977745,-0.05204102365556611,-2.3171616071121286,-2.1146869166586377,-1.5160787348832039,-1.2915802715309737,-1.7967466975359956,-0.2074646047003759,-0.14026791514529138,-0.015746126136474258,-0.008914834413078318,-0.049270868090556974,-0.014757762901957319,-0.009447302315366782,0.007052063555720544,0.012117310821701775,-0.0007368649011093972,1.725478489857829e-05,0.002736474393161786,0.011888296345625445,0.016412516056544202,0.007060472879403729,0.033376605622339205,0.037844777760951985,0.047512048136485185,0.05103150528549819,0.0427099853744672,0.10669730372700835,0.1122577120702249,0.12927905872548912,0.13499817739360745,0.12057778360638648,0.0,0.0,0.0,0.0,0.0,-1.455657204023422e-05,0.0011502235734838994,0.004667618417870292,0.005888702455785571,0.0029657271843558384,3.327736320122424e-08,4.79145427384262e-08,9.049248981764746e-08,1.0659831221154618e-07,6.941717097842643e-08,-0.047099037425637556,-0.04054424563069961,-0.01857109798671537,-0.009880930073803888,-0.028889932260854657,0.005548316847314118,0.005836894309440532,0.006900020728106529,0.007335026197739351,0.006378830817699443,0.01032922514876174,0.014616758184745424,0.026237596468448185,0.030608133654968894,0.02005778544466403,0.011577837113090258,0.025914067826116743,0.06109132565848473,0.07525732188042458,0.043000361561993335,-2.434548266025904,-2.227426341522936,-1.6761571111943332,-1.416894579678327,-1.9415293286757769
1837,-0.052520333458763904,0.019717856317770302,0.15828977196038874,0.18201154547634998,0.11665614281603004,0.15452823488118603,0.1614589706778545,0.1819248538270446,0.18956534788015614,0.1716909945814733,-0.5630987678862056,-0.5066830547978558,-0.3428183285975091,-0.2797270492959438,-0.4243462502912294,-0.22228316804927375,-0.15093476667603598,-0.014302345760461223,0.007634918783139768,-0.05318364052993458,-0.5284788639986253,-0.44011256082275385,-0.2188035404519408,-0.14770946982959296,-0.32219925320128184,-0.22126193797143323,-0.1502410077266557,-0.016417827386554527,-0.009314239148188255,-0.05194575845977652,-0.015344932736773873,-0.009647703038905832,0.008175605935148088,0.01362867690937643,-0.00026669936758927696,1.8764055284449346e-05,0.0029758329124113564,0.012928161734755271,0.017848113462560915,0.00767805013057003,0.03375512201256736,0.038273966661379735,0.048050871321696435,0.05161024182291431,0.04319434947288889,0.1079253571532253,0.11354976410070389,0.13076702126493753,0.13655196524475532,0.12196559712285854,0.0,0.0,0.0,0.0,0.0,-1.4725834505818337e-05,0.0011635982661988285,0.004721893050636225,0.005957175740155169,0.003000212384173929,3.366430928495986e-08,4.847168858422252e-08,9.154472807134229e-08,1.0783782746982143e-07,7.022434738515327e-08,-0.048337809105145964,-0.04160821077788787,-0.019061383952204525,-0.01015480579881443,-0.029640490530966786,0.0056125261950347735,0.0059044432953109065,0.006979873022487516,0.0074199127066810235,0.006452651505539787,0.010994314800865585,0.015557918288816131,0.027927012049570765,0.03257896425174136,0.02134928847139052,0.03746187432228366,0.05997259771018385,0.11528679628586076,0.13511344495096578,0.08728817134736128,-0.6402783794364513,-0.5858059781219365,-0.4408239400356059,-0.3726387264400525,-0.5106159814289097
1838,-0.07018773210021534,0.008164338209364987,0.15970841689483742,0.18392996227533617,0.1143549129470505,0.15628087029033372,0.16328982985641208,0.18398693128267873,0.19171372547321464,0.17363730990618592,-0.5167517458925077,-0.4639857858717033,-0.30678842323156696,-0.24506900963495423,-0.38465654538898053,-0.2419119189595049,-0.16410114539178278,-0.015228864492463115,0.008150374952429776,-0.05725714831353827,-0.5018971163963942,-0.4064644789605751,-0.18277099161699686,-0.10937420429503436,-0.28447062057966077,-0.24291010361923196,-0.16626374837774438,-0.01772257503298441,-0.010043275799432745,-0.057139008932302636,-0.017198553029132396,-0.011101920993532194,0.008399286821629074,0.014512734610727107,-0.0007236757922577437,2.0324220459759454e-05,0.0032232629485684956,0.014003092895081674,0.019332121298135156,0.00831645298359979,0.034133427692095396,0.038702916642975885,0.04858939455738496,0.05218865619203301,0.043678443937812714,0.10915312498161013,0.11484151564974533,0.13225463776172489,0.13810539174481506,0.12335308788746721,0.0,0.0,0.0,0.0,0.0,-1.4895096971402454e-05,0.0011769729589137573,0.004776167683402157,0.006025649024524768,0.00303469758399202,3.405125536868231e-08,4.902883442999985e-08,9.259696632500128e-08,1.0907734272805449e-07,7.103152379185263e-08,-0.049575955791127044,-0.0426703800829591,-0.01957151140771876,-0.010430114549030657,-0.03039126380340898,0.005676728619259139,0.00597198499758209,0.007059716706641434,0.007504790062571768,0.006526464233522626,0.011668747713918034,0.016512299925380888,0.029640160747837978,0.03457748131828957,0.02265893469092785,0.044364873827278224,0.06819908767025563,0.1299263274992109,0.15125525894299974,0.0989702939360857,-0.605591154182668,-0.5540698074643964,-0.4169422039089951,-0.35245093960007545,-0.48295324575822307
1839,-0.06244045686047053,0.014103437132155177,0.15953828723608723,0.18420601625467606,0.11570691459069887,0.15803298500772928,0.1651201367382982,0.18604836812111758,0.19386142913613208,0.17558302576476886,0.04769751428692382,0.06822312551200634,0.12398534934715616,0.14325716228765561,0.09602541338762638,-0.23332852562820133,-0.15975565690025356,-0.016954283333027224,0.006333306390998539,-0.05800421222629522,0.027330281326003437,0.11067134798498589,0.264884349994041,0.2954663573590477,0.20797006114202288,-0.23272320333562382,-0.15918840217956487,-0.017616152528276478,-0.009998798195242407,-0.055488853941432485,-0.01660195249686321,-0.010617975878164248,0.008126649045848752,0.013844045154948845,-0.000727356648853229,1.959557346093195e-05,0.0031077052139652705,0.013501065689044137,0.01863904221090791,0.008018298448256704,0.0345115229703346,0.03913162805657305,0.04912761828400189,0.05276674886593187,0.04416226916517327,0.11038060735804793,0.11613296687083696,0.13374190839261185,0.139658457078367,0.12474025606507602,0.0,0.0,0.0,0.0,0.0,-1.5064359436986571e-05,0.0011903476516286864,0.00483044231616809,0.006094122308894367,0.0030691827838101107,3.443820145244429e-08,4.958598027583412e-08,9.364920457876779e-08,1.1031685798641418e-07,7.183870019863448e-08,-0.05079635226073836,-0.043732959106806225,-0.020080024157064023,-0.010705841549918204,-0.0311568395478108,0.005740924123596417,0.006039519420051007,0.007139551785056773,0.007589658270183049,0.006600269005797413,0.01119235507905769,0.015838162626168068,0.028430060519215806,0.03316580820340968,0.02173385259427199,0.0361357579498658,0.05843777143480988,0.11283611156544064,0.13312741387784688,0.08537911208266359,0.0075830339889219585,0.008970573059744122,0.011920893690921695,0.013029383070359862,0.010390810368672376
1840,-0.061634870474339506,0.01289457322618739,0.15920159308084678,0.18353932956512684,0.1145959747546228,0.1597845795030166,0.16694989182901954,0.18810916494668026,0.1960084595138104,0.17752814271933787,0.19948226623088186,0.22607845414068325,0.300206213124519,0.3237848321080353,0.26250397398096426,-0.23772862629008415,-0.1625945387917868,-0.019523786906734245,0.004241184343826766,-0.06091581945733643,0.19007459419771422,0.27862949033240114,0.4355835181106698,0.46800833989147433,0.3693966592349821,-0.23593463675798507,-0.16133006598459293,-0.0181097894683393,-0.010332737894498794,-0.05683619162446862,-0.017356097831795033,-0.011388251588924805,0.0074606039978435,0.01342821436817911,-0.0013767461770354214,1.943790447894291e-05,0.0030827001423665836,0.013392434048985082,0.018489069625696065,0.007953781992224353,0.03488940815593767,0.03956010125214367,0.04966554294091849,0.05334452031652861,0.04464582554993435,0.1116078044283159,0.117424117917353,0.13522883333422836,0.1412111614298549,0.1261271018204267,0.0,0.0,0.0,0.0,0.0,-1.5233621902570689e-05,0.0012037223443436152,0.004884716948934023,0.006162595593263966,0.0031036679836282015,3.482514753616674e-08,5.014312612161146e-08,9.470144283242676e-08,1.1155637324464724e-07,7.264587660533382e-08,-0.051973946497585556,-0.04475436049469429,-0.020577437113239505,-0.010975252048544638,-0.031909772698706484,0.005805112711649612,0.0061070465665080615,0.007219378262214317,0.007674517334278138,0.0066740658265064794,0.010959688583654235,0.015508919159012919,0.027839056883395576,0.03247635792173043,0.02128204961991976,0.022069091539395725,0.040910539800849376,0.08521831693316222,0.10283148821656558,0.06311365103548158,0.1453713828612525,0.17197135245048434,0.2285307969505268,0.24978121389595406,0.19919816719134714
1841,-0.07792802051243491,0.0038744140697008064,0.16221922643573736,0.18801226167789706,0.11432144034809008,0.16153565424494506,0.16877909563311044,0.19016932236250003,0.19815481724987338,0.179472661330909,0.20101753237514622,0.22930047457721164,0.3061743928011339,0.33133313141649967,0.2666572106151546,-0.25588717412922307,-0.1738934838269407,-0.019152933199786167,0.00639180401814948,-0.0628903281350951,0.18180898600659848,0.27510381480353635,0.441398254448827,0.4768630818314723,0.37446905870465214,-0.25466523545835396,-0.17433259736064793,-0.019425350519773663,-0.011023654610222703,-0.06077484534138094,-0.01837116449398224,-0.011879516886559015,0.008700130495378027,0.015048453898215424,-0.000978892732807807,2.14056675904131e-05,0.0033947720341923815,0.014748194271129325,0.02036077905889456,0.008758969548214757,0.03526708355680176,0.03998833657880354,0.05020316896643053,0.05392197101458578,0.045129113486093,0.11283471633807636,0.11871496894254678,0.1367154127630652,0.1427635049835772,0.12751362531813107,0.0,0.0,0.0,0.0,0.0,-1.5402884368154804e-05,0.001217097037058544,0.004938991581699957,0.006231068877633564,0.0031381531834462923,3.521209361990236e-08,5.070027196740778e-08,9.575368108612159e-08,1.1279588850292251e-07,7.345305301206067e-08,-0.05310869629832253,-0.04570867866590432,-0.021060030843347455,-0.011238310791870522,-0.03264029271655508,0.0058692943870144254,0.00617456644073597,0.007299196142585767,0.007759367259610647,0.006747854699783759,0.011821885023022505,0.01672900262902086,0.030029149743883706,0.03503126629800742,0.022956304072014377,0.0021969595642300824,0.014794373298025954,0.04670775071003995,0.05878341522081111,0.030058393537099236,0.17260326985067181,0.20418611400241168,0.27134063141497866,0.2965718108828911,0.23651322790471732
1842,-0.06558487681320034,0.011194544222481775,0.16160881555274287,0.1868610967625507,0.11553083581803494,0.1632862097013773,0.170607748654141,0.1922288409705332,0.20030050298667545,0.18141658215940773,0.17371418389313797,0.20184194711326725,0.2773907655106096,0.30360460305998216,0.23972046817576953,-0.24452049714937701,-0.16798811376160744,-0.02123630763448548,0.003260513674918049,-0.06426161240708836,0.16189477511702136,0.25193886549077804,0.4129999292208175,0.4456416517025926,0.3473991111166632,-0.24121649391484057,-0.16533381043697537,-0.0194685068008077,-0.010793786877950705,-0.05900522637084596,-0.01790573268597064,-0.011640999120530262,0.007750243300600739,0.013862618198359022,-0.0014144233382497222,2.0100926954472138e-05,0.003187850339082508,0.01384924691099596,0.019119727561418564,0.008225083676622339,0.03564454948007119,0.04041633438481479,0.050740496797762075,0.05449910142971483,0.04561213336668285,0.11406134323287982,0.12000552009955398,0.1382016468554776,0.1443154879236909,0.12889982672267458,0.0,0.0,0.0,0.0,0.0,-1.5572146833738923e-05,0.001230471729773473,0.00499326621446589,0.006299542162003164,0.003172638383264383,3.559903970363799e-08,5.125741781320409e-08,9.680591933981642e-08,1.1403540376119777e-07,7.426022941878752e-08,-0.0542436428829408,-0.04666291381405826,-0.02154307141062096,-0.011504094564793878,-0.03336485652897192,0.0059334691532807755,0.006242079046511371,0.0073790054306356314,0.007844208050926548,0.006821635629756535,0.011217460004579799,0.01587368829438789,0.028493830346645554,0.03324020051306622,0.021782602544289986,-0.028617224276462492,-0.01927039620726744,0.009390385005024733,0.019640767162449235,-0.004063019999748195,0.17726028989851056,0.20969527282206898,0.2786616906358499,0.3045736341977122,0.2428946066867314
1843,-0.04068691759642003,0.025704026575633244,0.16359661038109496,0.1877566506562548,0.12094533987657251,0.16503624633929506,0.17243360778320144,0.1942877213715652,0.2024455173653089,0.18335990576367472,-0.2849838637525454,-0.25830787776646946,-0.19355681239768088,-0.1664041475212181,-0.22689005920327437,-0.22522810277967997,-0.15718468402925148,-0.020918940277878557,0.001814287118046433,-0.06121007573762981,-0.2828017877427729,-0.2062693274676143,-0.049890496671769584,-0.007058536300807777,-0.11103467834840233,-0.22076737741081803,-0.1488866180225252,-0.01915619979559281,-0.010454313299241295,-0.05495183000722799,-0.01575439379016593,-0.0099103566303981,0.008022154002598099,0.013367510907025171,-0.0006005525960840273,1.8928689675415985e-05,0.0030019426435822804,0.013041592440498479,0.018004711449790645,0.007745416757234433,0.03602180623213954,0.04084409501758835,0.05127752687106854,0.055075912030379405,0.04609488558377691,0.11528768525816725,0.1212957715413951,0.13968753578768814,0.1458671104342144,0.13028570619841895,0.0,0.0,0.0,0.0,0.0,-1.5741409299323066e-05,0.001243846422488404,0.005047540847231831,0.006368015446372772,0.003207123583082479,3.598598578736043e-08,5.181456365898143e-08,9.78581575934754e-08,1.1527491901943082e-07,7.506740582548687e-08,-0.05537872317889813,-0.047623810264698356,-0.022021729046186437,-0.011770183336841341,-0.03405095633891357,0.00599763701403356,0.006309584387605619,0.007458806130822176,0.007929039712965174,0.006895408620546319,0.010730469471035252,0.015184554040408136,0.027256810055280536,0.03179712311618877,0.02083694093901556,-0.06425851896952155,-0.05238123703673561,-0.017923804807941923,-0.0051383416601377754,-0.03395176283938752,-0.24041166351878646,-0.21995837158128287,-0.16552053004842154,-0.1399183526918804,-0.1917260389498845
1844,-0.04678967924974982,0.025156747306151545,0.16669310156742317,0.19123400051277617,0.12213774359381108,0.16678576462479577,0.1742588151276398,0.19634596416520952,0.2045898610256024,0.18530263270146394,-0.042394984962378604,-0.025694952171245924,0.017777531168146718,0.03229526940020748,-0.003628425317999541,-0.2367981512622627,-0.16272303925229104,-0.01984031483393047,0.003520801256160954,-0.06156029080532592,-0.05518018500193983,0.02076563908240861,0.1674196706598393,0.19509551105215395,0.11482477877388611,-0.22700658894804066,-0.15512363999000853,-0.020306944013504295,-0.011050967743806936,-0.05738562592777441,-0.015647084690064327,-0.00952601500674206,0.009375987531004952,0.014844280420321413,0.00014252592877997666,2.0351023300902005e-05,0.003227513670259997,0.014021559663591414,0.01935761579506449,0.008327420418667238,0.03639885411865262,0.04127161882368723,0.05181425962144082,0.05565240328389978,0.046577370528491265,0.11651374255926812,0.1225857234209733,0.1411730797357843,0.147418372699025,0.1316712639095999,0.0,0.0,0.0,0.0,0.0,-1.591067176490718e-05,0.0012572211152033328,0.005101815479997764,0.006436488730742372,0.0032416087829005694,3.6372931871109235e-08,5.237170950479672e-08,9.891039584720607e-08,1.1651443427774829e-07,7.587458223224122e-08,-0.05651392321391557,-0.048618666444844784,-0.02247745091623392,-0.012036520604303314,-0.03473557294787667,0.006061797972849682,0.006377082467781656,0.007538598247593723,0.008013862250455287,0.006969173676265431,0.011300442355129208,0.015991115587734077,0.02870461647981254,0.03348609842312623,0.02194374165773195,-0.08926281427994484,-0.07418557484391089,-0.03279825928509902,-0.0195430564095208,-0.05343667582333734,0.03577585735015958,0.04232210255201761,0.05624136629162894,0.06147108805878465,0.04902261417333176
1845,-0.07217700525957382,0.008547544649586496,0.1642804411004877,0.19162445702866235,0.1151758003881809,0.16853476502309678,0.17608350338629145,0.1984035699499112,0.2067335346061249,0.1872447635294467,0.023525349580539805,0.044250092347288904,0.09884035742060236,0.11844380922042685,0.07286781772895295,-0.2576301980607409,-0.17697220629669394,-0.02496911434883381,0.0012105473103228106,-0.0697552466429554,-0.00799671291086249,0.08372022047244655,0.24341169020064515,0.2739084868282798,0.1832215455456217,-0.25294235785965863,-0.17286926292980875,-0.02278109223130802,-0.012482197247614018,-0.06442371401418914,-0.018744715233689306,-0.01203990967001701,0.008552248728728772,0.014860243238617135,-0.0013642184578286452,2.1577132158285343e-05,0.0034219649781829843,0.014866330869621941,0.020523873817239732,0.008829131009998055,0.03677569344451103,0.04169890614882954,0.052350695482909076,0.05622857565645693,0.04705958859098845,0.11773951528139737,0.12387537589107117,0.14265827887571472,0.14896927490185508,0.13305650002032365,0.0,0.0,0.0,0.0,0.0,-1.60799342304913e-05,0.0012705958079182618,0.005156090112763697,0.00650496201511197,0.0032760939827186602,3.675987795484486e-08,5.292885535059304e-08,9.99626341009009e-08,1.1775394953602357e-07,7.668175863896806e-08,-0.057649245961308465,-0.049604784369259025,-0.022929897808102055,-0.012303076306921202,-0.03543097911975206,0.006125952033301436,0.006444573290797581,0.007618381785392865,0.00809867566811956,0.007042930801020898,0.011570474862869887,0.01637323523473771,0.02939053472338112,0.034286273747903995,0.0224681037493063,-0.09124965526228672,-0.07573884743185312,-0.033578681806993395,-0.020112130443340773,-0.0545551815515308,0.09211225987686496,0.10896690666700087,0.14480489725178786,0.15826988526828878,0.1262187438970509
1846,-0.0600319263790565,0.013818930360466462,0.16749411506073714,0.1941282531566653,0.11923706349661697,0.17028324799854166,0.1779078883296336,0.20046053932295554,0.20887653874419504,0.18918629880321927,-0.5890875214901226,-0.5392129150550374,-0.40960286145771735,-0.3513900362859708,-0.47340137165545515,-0.25329473966144267,-0.17607087298628765,-0.023182544416771856,0.00199700803899678,-0.06807310910025671,-0.5786134912753886,-0.4807977059020352,-0.27254513122243823,-0.20899894973471425,-0.36473624351904593,-0.2430664520023908,-0.16575277549612497,-0.022294820023673667,-0.01219366555094935,-0.06317675054895125,-0.017474762395839737,-0.010832485410942607,0.009618441942210289,0.015670260629278582,-0.000234325074211557,2.1798976583547655e-05,0.0034571477748718046,0.01501917845860351,0.020734889208800622,0.00891990736897431,0.037152324513872216,0.04212595733789066,0.052886834888445505,0.05680442961309548,0.047541540160479984,0.11896500356966275,0.12516472910435864,0.1441431333832983,0.15051981722630148,0.13444141469457532,0.0,0.0,0.0,0.0,0.0,-1.6249196696075416e-05,0.0012839705006331907,0.00521036474552963,0.00657343529948157,0.0033105791825367515,3.714682403856731e-08,5.348600119637037e-08,1.0101487235455987e-07,1.1899346479425662e-07,7.748893504566741e-08,-0.05878467891518835,-0.05057239301305565,-0.023380961470682977,-0.012569811971786348,-0.03613627879108161,0.006190099198953912,0.006512056860403908,0.007698156748653234,0.008183479970671138,0.007116679998911456,0.011564879185045666,0.01636531686056555,0.029376320962464415,0.034269692324586445,0.022457237793380356,-0.07428062359575026,-0.061580739438505144,-0.02372740876962879,-0.010910633320988045,-0.04166146060972866,-0.5417056038792226,-0.4956193920118121,-0.3729577732291789,-0.31526987763145004,-0.4320051206692087
1847,-0.08885152765007305,-0.0005993213660087272,0.1671632365869534,0.19590131997525137,0.11437375243443942,0.17203121401459823,0.17973168627731223,0.202516872880466,0.21101887407587883,0.19112723907730125,-0.06366812214978927,-0.05162895587717455,-0.01713467461452951,-0.0049216615306983905,-0.03342427109928085,-0.2763634837997005,-0.19137199260269167,-0.02585489217954435,0.0025065238298960244,-0.0741437783990728,-0.12349485386533196,-0.032236788805481024,0.13768040562186454,0.16952560622881818,0.07692124151568516,-0.2732308467161789,-0.1857764048967914,-0.02497673043958048,-0.013730877407342891,-0.07048906125964621,-0.020178040964602784,-0.012696996153839851,0.009972548459875111,0.016840233239025372,-0.0008965351536913417,2.3892854080461696e-05,0.003789220425235304,0.016461829661795362,0.0227265569253521,0.009776699578593423,0.03752874763015368,0.042552772734907,0.053422678269969,0.057379965617728734,0.04802322562523054,0.12019020756905771,0.12645378321338532,0.14562764343421528,0.15206999985581635,0.13582600809621093,0.0,0.0,0.0,0.0,0.0,-1.6418459161659535e-05,0.0012973451933481197,0.005264639378295562,0.006641908583851168,0.003345064382354842,3.753377012230293e-08,5.404314704216669e-08,1.020671106082547e-07,1.2023298005253187e-07,7.829611145239427e-08,-0.059920161946183,-0.05153922904022191,-0.023836196439040547,-0.012836686894213209,-0.03684348476816344,0.006254239473366876,0.006579533180345552,0.007777923141801839,0.008268275162816125,0.007190421274029724,0.012222106014892833,0.01729535038254319,0.031045763936300125,0.036217223369739926,0.02373347241424458,-0.0592054338554693,-0.0472692607657285,-0.013113688699888073,-0.0005035148848869145,-0.029410873318721772,-0.005329932341919787,-0.004876482369481537,-0.0036695941180401558,-0.0031019932324636047,-0.004250570878427074
1848,-0.11520926494726887,-0.022565404121127022,0.16713235784254646,0.19767401771767792,0.10843069079841415,0.1737786635338621,0.18155489781068926,0.20457257121740924,0.2131605412359956,0.1930675849051398,0.12325437766062777,0.1458971167260573,0.21122758785335438,0.23317002066463577,0.17933582816011995,-0.3099504354662217,-0.21259601597017738,-0.028566252918777135,0.0023765526316321555,-0.08187825869995904,0.056090954306457434,0.15971417249665576,0.3530887768541805,0.3865567063854066,0.2826679662689781,-0.3079127508843061,-0.2136952383539154,-0.027465367797594002,-0.014955509318733752,-0.07847694909915318,-0.023934762588542817,-0.015515587005691972,0.00981402923218599,0.017822183189685085,-0.002305454899254787,2.616305452685602e-05,0.004149256521043973,0.018025964817889407,0.024885940626570575,0.010705641247631445,0.03790496309603512,0.042979352683078446,0.05395822605834822,0.05795518413314197,0.0485046453725607,0.12141512742446474,0.12774253837058408,0.14711180920401154,0.1536198229737114,0.137210280388961,0.0,0.0,0.0,0.0,0.0,-1.6587721627243653e-05,0.0013107198860630486,0.0053189140110614964,0.0067103818682207675,0.003379549582172933,3.792071620605174e-08,5.460029288798198e-08,1.0311934886198536e-07,1.2147249531084938e-07,7.91032878591486e-08,-0.06105570669410023,-0.052506079199686216,-0.024284176765625998,-0.013103668647747665,-0.0375499924613603,0.006318372860092921,0.006647002254359884,0.007857680969256774,0.008353061249251153,0.007264154630460077,0.01311439842925738,0.01855802229287644,0.03331230454924832,0.038861313810682536,0.025466168675916334,-0.04430247402531434,-0.033903659004035344,-0.0019840007181132135,0.009764082884942613,-0.01653720719071537,0.14285795592822342,0.16899802014497117,0.22457956907626028,0.2454625727850692,0.19575409155160023
1849,-0.10693227936701151,-0.01421455227367342,0.16755989223071957,0.197401929825299,0.11067767036445031,0.17552559701806442,0.1833775235099588,0.20662763492760355,0.21530154085812592,0.19500733683911817,0.16721501038199788,0.19440632552538936,0.2696163474055421,0.2951119150855274,0.23209855553154526,-0.29875276984426036,-0.2065515402624216,-0.029673628834013754,0.0009052813540299404,-0.08125329259219378,0.11552087791585228,0.21912209134855679,0.40804338408863355,0.44387316673870486,0.33728522752743834,-0.2966567899559497,-0.2052913094677301,-0.027797739994129125,-0.015173016621993548,-0.07678477439996698,-0.02277868499543743,-0.01467316007492253,0.009774518990276617,0.01737432406077334,-0.0020207992635087853,2.5483878727189337e-05,0.004041544533026307,0.017558022550009846,0.024239917869244624,0.010427729796281558,0.0382809712134608,0.043405697524770935,0.05449347868340489,0.05853008562099597,0.04898579978884991,0.12263976328065732,0.1290309947282731,0.14859563086810093,0.15516928676316055,0.13859423173643287,0.0,0.0,0.0,0.0,0.0,-1.6756984092827766e-05,0.0013240945787779774,0.005373188643827429,0.006778855152590366,0.003414034781991024,3.830766228978737e-08,5.51574387337783e-08,1.0417158711568019e-07,1.2271201056912464e-07,7.991046426587546e-08,-0.062191312199174065,-0.05347295634880211,-0.024732171687734627,-0.013370724144388313,-0.03826920421780397,0.006382499362680111,0.006714464086179507,0.007937430235430492,0.008437838234666852,0.0073378800722816735,0.01280641049790842,0.018122192397457094,0.03252997451543597,0.03794866686659144,0.02486810292000783,-0.030971767034389266,-0.021125550152377225,0.009634679562232924,0.020817341536516556,-0.004777255671051893,0.17221068073973614,0.20372168916833427,0.27072346247408846,0.29589725318961085,0.23597527449312805
1850,-0.11559509756874746,-0.02000786198411457,0.16859994322145982,0.19970083566536465,0.1096736389669391,0.17727201492806927,0.18520132939822934,0.2086820646037178,0.21744187357461178,0.19694649543055373,0.18419356688021757,0.21246127261616196,0.28970975307534336,0.3154816545009359,0.250357087144218,-0.31192776617341617,-0.21513173672641286,-0.03075337265434719,0.0006780894955758729,-0.08442725626246304,0.12993567126065897,0.23584049773132018,0.4290517675838578,0.46475498873262394,0.3543033888341948,-0.3062770645666875,-0.21411143987529432,-0.028341774982335623,-0.01544557772156958,-0.07941990141961683,-0.023729511364268468,-0.015332855455699077,0.010040878705608314,0.017944247215904336,-0.002243447037691005,2.6389159142831198e-05,0.004185114950773963,0.01818174761643639,0.02510100825343257,0.010798160830946117,0.03865677228364258,0.04383180760151997,0.05502843657391814,0.0591046705418317,0.049466689259540425,0.12386411528229818,0.13031915243865402,0.15007910860176302,0.15671839140719754,0.13997786230210882,0.0,0.0,0.0,0.0,0.0,-1.6926246558411885e-05,0.0013374692714929065,0.005427463276593362,0.006847328436959965,0.0034485199818091146,3.869460837352299e-08,5.571458457957461e-08,1.0522382536937502e-07,1.2395152582739988e-07,8.07176406726023e-08,-0.06383332173785825,-0.0548890670468031,-0.025386788777012146,-0.013713440527554044,-0.03927174833512698,0.006446618984668989,0.0067819186795291175,0.008017170944726103,0.008522606123743925,0.007411597603565037,0.013027716989193444,0.018435360463913218,0.033092122240028915,0.03860445455312243,0.02529784649280995,-0.020336287118901644,-0.007745272069194412,0.022735584491874506,0.033401798352406246,0.007224360252176569,0.17713443347887103,0.20954638726925942,0.27846383829850907,0.30435738414453517,0.24272214930462485
1851,-0.08548066130511664,-0.00048077518147413554,0.17129582386530404,0.20198497873996826,0.11747496541001456,0.1798678228924645,0.18785889685489138,0.2115347428539245,0.22038624877415947,0.19971171920853673,0.1799137947297951,0.2079835516579381,0.2850533655518867,0.3113936461719361,0.24689478743412785,-0.2871560806528065,-0.20144939836291217,-0.02998934790941799,-0.0008954533444645961,-0.08037527359226972,0.15096114011712117,0.24663320109021702,0.42776152768600184,0.46537451306315936,0.3585885349703831,-0.2760843518721824,-0.18894382216341557,-0.027279763335719045,-0.014660922771897981,-0.07355887561013488,-0.020630374507472692,-0.012988642119037826,0.010577210653515148,0.01771341561951465,-0.0008209798186472082,2.4968588245652823e-05,0.003959823479066322,0.0172029948875618,0.023749780591283003,0.01021687845902709,0.03873747210500819,0.04392331081905764,0.05514331385774721,0.05922805736573932,0.04956995584779829,0.1259364789677635,0.13249951499498422,0.1525900738955001,0.15934043817559868,0.1423198242007816,0.0,0.0,0.0,0.0,0.0,-1.6962727430215837e-05,0.0013403518978842139,0.005439161002449521,0.006862086375765019,0.003455952522445669,4.160141091279783e-08,5.8609099809312466e-08,1.0836358790895385e-07,1.2622783962033383e-07,8.329098850580351e-08,-0.06598186081016752,-0.05675453633731597,-0.0262480844346926,-0.014131803595746948,-0.04057110902966954,0.006705960977275945,0.007054749493360397,0.008339694905397654,0.008865463311301051,0.0077097598643533095,0.012437436212434498,0.017600061469968495,0.0315927310852587,0.03685530177072204,0.02415161093285027,-0.02563245449733684,-0.013761109275375051,0.017176110308183383,0.028522822608759785,0.0020650499176163893,0.1777850375997676,0.21031603854709882,0.27948661922912527,0.30547527051174655,0.2436136531611537
1852,-0.07370597195974028,0.00919695376865429,0.17345368628762153,0.20458905897128352,0.12180635250682074,0.18303075750545295,0.19110246838112194,0.21513186808013643,0.22404962000452272,0.20311722174006536,0.17943207246489534,0.2072268055897591,0.28414897671903877,0.31081922752923596,0.2463054594295877,-0.2830036353113035,-0.19572360130837738,-0.03116625967727186,-0.002272165978467395,-0.0793346515250434,0.16206602063762707,0.2542227748992624,0.42960375270300416,0.4682413547186132,0.3623493157026744,-0.26742520858575647,-0.18346460509776993,-0.02731566255054281,-0.014896763932099393,-0.07076841911502255,-0.019360806094168702,-0.012044224905780181,0.01089199402066019,0.017679362934091693,-0.0003241289207912447,2.4496664894115105e-05,0.003884980113900729,0.01687784654821835,0.023300893535889513,0.010023772486146264,0.0390983738016674,0.04433252692264119,0.055657062289155554,0.059779861735812324,0.050031779508369054,0.12828010671034693,0.134965278225514,0.15542971442980386,0.16230570030206584,0.1449683394765019,0.0,0.0,0.0,0.0,0.0,-1.7125485852518044e-05,0.0013532126575189418,0.0054913500897910686,0.006927928520362092,0.003489112601355069,4.4507204923072804e-08,6.176256816858958e-08,1.1147420497302539e-07,1.296228720653316e-07,8.644074321190066e-08,-0.06813034156648508,-0.05861996861821622,-0.02709724182386524,-0.01455012256956086,-0.04187574933340875,0.006965219179011795,0.0073274921582138506,0.008662114661719787,0.009208209725041253,0.00800782579182004,0.012203845947209021,0.017269510787614486,0.030999380952051608,0.0361631141229992,0.023698014137894505,-0.026317936293670255,-0.014615325983638449,0.016456929287240064,0.027925117215953334,0.0012887190231036312,0.17776488799400575,0.2102922019784014,0.2794549430809566,0.3054406488902991,0.24358604274390105
1853,-0.08179385087601958,0.002875219362040425,0.17504902440189277,0.20730876189035766,0.12016532603139418,0.1862758238052624,0.19443657131633582,0.2188361388111622,0.22787122205161497,0.2066379790363072,-0.03733392225083066,-0.027497398898249047,0.0048199914562644525,0.0164126219914212,-0.009934198348284157,-0.29465186519345055,-0.2057170832563538,-0.03320392202316748,-0.0028269491923480035,-0.08369415406026572,-0.10196864447453693,-0.0067131779329154765,0.16805812001625084,0.20247975963616976,0.10763115114529834,-0.27760223527722305,-0.1904017726390283,-0.02854414946246003,-0.015542737224369187,-0.07503536502269402,-0.020784352941713696,-0.01314408295282981,0.011024952627983194,0.018200017759154093,-0.0007206957482479213,2.547860842919285e-05,0.004040708704843198,0.017554391391187512,0.024234904833672258,0.010425573246878638,0.03969443784152254,0.04500838687601268,0.0565055674869121,0.060691219995083714,0.050794525927598075,0.13038477378544144,0.13717962762579625,0.1579798199047735,0.16496861875673496,0.14734680718167964,0.0,0.0,0.0,0.0,0.0,-1.739443970208354e-05,0.0013744647117178573,0.005577591131866028,0.007036730866824689,0.0035439087264859627,4.7346089012327305e-08,6.460630686074406e-08,1.1455158461185722e-07,1.33133249534207e-07,8.916658438933641e-08,-0.0702788031526697,-0.060460646365042274,-0.02795222472106514,-0.014968367910340093,-0.04319589904210888,0.007294682449512515,0.007674091377702595,0.009071843135807422,0.009643769154471736,0.008386605612981012,0.012547516611574903,0.01775583487522808,0.03187234984176126,0.037181498123416104,0.024365370338403157,-0.03582799268365477,-0.0259920833883796,0.006252365337689178,0.0179358127709943,-0.008412973028943976,-0.0017825128828050708,-0.0016308635999011062,-0.0012272386158876179,-0.001037413337455032,-0.0014215372473833836
1854,-0.12776320413538167,-0.025723884893500363,0.17319985091054352,0.20815031462264166,0.11053736924856601,0.1891897369234077,0.19749789761454642,0.22223421136590105,0.23140801567531613,0.20989172437896614,-0.3826600482544087,-0.34798741430449864,-0.2597691576507908,-0.22278344232001024,-0.30513103723447077,-0.3345882736102746,-0.23367336982629675,-0.03864434138788554,-0.0042321561100349715,-0.09596571725882105,-0.4479619823278151,-0.3379098109541,-0.11468011636792216,-0.05800132729740748,-0.20015901020740767,-0.328492009926405,-0.22699059043092315,-0.03380634944724704,-0.018332960909376177,-0.08840571272439443,-0.02589793325625592,-0.016849605946843916,0.010787123173565834,0.019364085548667656,-0.0025567826535097668,2.8697899381031414e-05,0.004551263157166133,0.019772436129687897,0.027297050478970415,0.01174287256935462,0.040331635809298924,0.04573088741285839,0.057412627385693395,0.06166547039754901,0.051609908899500845,0.13218344943122645,0.13907203920227693,0.16015917295604173,0.1672443832364496,0.1493794763796797,0.0,0.0,0.0,0.0,0.0,-1.7682210659247266e-05,0.0013972036462540141,0.005669865948771613,0.007153145468934988,0.0036025386118854665,5.057679168318621e-08,6.716878428779404e-08,1.1751467788555198e-07,1.3670922493251139e-07,9.239934762387142e-08,-0.07242719904522349,-0.06228211303045731,-0.028798190251591173,-0.015386499725235278,-0.04453745371911294,0.007633704074149537,0.008030746097697371,0.009493458609769443,0.010091964988766331,0.008776374554916627,0.013630999213889895,0.019289057645313152,0.03462453879017746,0.040392133948162975,0.02646932888875633,-0.052424338399389904,-0.04119722316669494,-0.006223652855770603,0.006485793114791402,-0.02195521615260497,-0.3522724004299068,-0.3223024308283487,-0.2425352979433612,-0.20502072672158608,-0.2809339238256877
1855,-0.10583548853613546,-0.01119905258178365,0.17749228948972837,0.2117593942512362,0.11617585211756697,0.19191192238155977,0.2003760170395617,0.22546136941057,0.23479474705329761,0.21296071177282375,0.005701555605450801,0.02094579327450261,0.0622975074062866,0.07740143824999679,0.04249469177721709,-0.321991693725487,-0.22639506561072628,-0.03846228397372219,-0.003860430867661184,-0.09277252667142605,-0.06686301111144113,0.03220224428238977,0.22295888237061143,0.2589447951482336,0.15404548741291033,-0.30784705671319323,-0.21017500672978365,-0.03323076445137521,-0.018292383744024285,-0.08448876313505874,-0.02392030376741744,-0.015238177014726271,0.011744194737817164,0.019948155690058998,-0.0013642055470944833,2.8316272437209963e-05,0.004490740098452486,0.019509500704628,0.02693405213503884,0.011586714917854537,0.041098043282898795,0.046599894909933146,0.05850361875820934,0.06283727700611799,0.05259063331344259,0.13364173443632896,0.140606321067899,0.16192609401428606,0.1690894703279937,0.15102747279233109,0.0,0.0,0.0,0.0,0.0,-1.802867307106148e-05,0.0014245802313657642,0.005780960396696163,0.007293303058898381,0.0036731261781225485,5.341801753447376e-08,7.06724063893466e-08,1.2107020852995167e-07,1.3949939302351988e-07,9.55912441141386e-08,-0.07457553187780673,-0.0641635953412783,-0.029602993888834174,-0.015804486683088377,-0.04586452516872783,0.007998279990989154,0.008414284232400397,0.009946854018212919,0.010573944294324192,0.009195522948515195,0.01360884529879291,0.019257707915284583,0.03456826491908457,0.040326486236499856,0.026426309352501197,-0.06331194080562232,-0.050496990222599326,-0.013515489423152893,-0.00011615052981283301,-0.03099278935184254,0.05348788573648424,0.06327506740855195,0.08408552573393427,0.09190439524633692,0.07329289022322272
1856,-0.10283718404161998,-0.008932461947227431,0.17684359365187166,0.21146840796105032,0.11573603523311018,0.19478335099478786,0.20340883165314555,0.22883996415108923,0.23837828305171496,0.21620813666587613,0.06990971421706559,0.09102740630707655,0.14924320284476947,0.16905927623916736,0.12113658681310348,-0.3209285114745265,-0.22648414444250856,-0.042297712097266606,-0.007123681824793367,-0.09586351517634395,0.012203634640744185,0.11007999013334471,0.30222577684124047,0.3400353364053701,0.23375381576705187,-0.30524596290976563,-0.20951355635273436,-0.03458854989045135,-0.018952320264842906,-0.08542470800510904,-0.02429475227427182,-0.015619632549971018,0.010895655425369181,0.01911484594480564,-0.002115820121085376,2.7868582211976694e-05,0.004419739918234615,0.019201048637569697,0.026508215298869167,0.011403524880296083,0.04179879205409428,0.04739445388373135,0.05950114408254426,0.0639086940646919,0.053487338332148956,0.13532018991530018,0.14237224734062962,0.163959783122206,0.17121312690208265,0.15292428212552805,0.0,0.0,0.0,0.0,0.0,-1.834581611004294e-05,0.0014496400736551806,0.0058826534797762784,0.007421599816357727,0.003737740273352995,5.638377973734879e-08,7.349275989459697e-08,1.242769539694279e-07,1.4310616392573337e-07,9.855588575256533e-08,-0.0767237556455258,-0.06604487449686466,-0.03040754326113181,-0.01622357144276673,-0.047136771455018114,0.008365739779688384,0.008800856234077814,0.0104038358792971,0.011059736157135595,0.00961798689369429,0.013300047967058873,0.018820732647435754,0.0337838789013645,0.03941144083223289,0.025826671864054292,-0.06613012364826762,-0.05323057553867201,-0.01552216362891467,-0.0017231047274495286,-0.03340754140140164,0.1125463494283475,0.1331400138294795,0.1769282676032674,0.1933803147941565,0.1542189809916113
1857,-0.12640449593398534,-0.02206185174590345,0.18145976621724202,0.21801362860200732,0.11566107130891931,0.19854118525586942,0.20736753511897613,0.233278572885432,0.2430137428901102,0.22041726802009348,-1.008835182638855,-0.9216201542493463,-0.6934357157378023,-0.5929754114644192,-0.8074279846071781,-0.3470137852972683,-0.24372715526851996,-0.04195140146099578,-0.004686874079549575,-0.10058384395999231,-1.0225447691500351,-0.8763663541130581,-0.5617239011408518,-0.4548209101417739,-0.7084830227597987,-0.3360486779525424,-0.23010002757775339,-0.0366225853368042,-0.020158158478045855,-0.09210956201745771,-0.02662401765441077,-0.01713088222314574,0.012143039849256266,0.02111421448574569,-0.0020270485087500374,3.0487597903129908e-05,0.004835095393035126,0.021005512434324292,0.02899938730339152,0.01247519800556603,0.04259030605586927,0.04829192895446794,0.06062787493644107,0.06511888755836735,0.05450019002300123,0.13779519470159762,0.14497623417972982,0.16695860575349072,0.17434461311138255,0.15572126556487062,0.0,0.0,0.0,0.0,0.0,-1.870438841113071e-05,0.0014779735516450227,0.005997631008281575,0.007566656329948704,0.0038107950844688083,5.985756380012749e-08,7.67335140001622e-08,1.2726893788050622e-07,1.4595034715468346e-07,1.0188625963328138e-07,-0.07887186636318144,-0.06791837119521449,-0.03121162563104391,-0.016644677660162727,-0.048408691335346865,0.008698164054376166,0.009150570464652858,0.010817246729649286,0.011499210114860227,0.010000170944512572,0.014621392019124243,0.02069055020003373,0.03714026735594586,0.043326920915912094,0.028392521200593088,-0.05909039432141547,-0.0466633126682362,-0.009891186858747509,0.002921319960742161,-0.02694773873489291,-0.9749329071470957,-0.8919893965141333,-0.6712295451506902,-0.5674059417773134,-0.7774998175768695
1858,-0.13914533049588387,-0.02821536438445358,0.1848299787061797,0.2225871254795206,0.11661431697346347,0.20256134407298046,0.2115786558545647,0.23798154366507343,0.24796181602237408,0.22490229015349755,-0.5107470122847635,-0.4650582203788645,-0.3454117401051416,-0.29576761619204167,-0.4059316994459087,-0.3600071358407237,-0.2529444037415301,-0.042711953638060296,-0.004147036659376763,-0.10413780594086833,-0.571977740960066,-0.45083490702013596,-0.1943820432554654,-0.1312522115822887,-0.2966542063747244,-0.34856490530585194,-0.2424497440899303,-0.037895247923507396,-0.020836789028702198,-0.09671770300292004,-0.0278740707527094,-0.018027116788863914,0.012387863946548465,0.02170928415500486,-0.0023311014061044018,3.166318457221622e-05,0.005021534275687445,0.021815474585936877,0.030117589309133597,0.012956235459423617,0.04349849347681845,0.04932169667560822,0.06192069197569708,0.06650747007921456,0.05566234149834638,0.14043822142420656,0.1477569992267986,0.17016101101538403,0.17768868815256367,0.1587081292726924,0.0,0.0,0.0,0.0,0.0,-1.9116275850413093e-05,0.0015105198572570196,0.006129704232140187,0.00773328090120802,0.003894712216345608,6.306500121080722e-08,7.94709206014047e-08,1.3012189656201173e-07,1.4898317928342275e-07,1.048489755263718e-07,-0.08101986419919674,-0.06974725177262059,-0.03201261944938932,-0.01706555220637154,-0.04968024187440022,0.008979404826633933,0.009446439051171792,0.011167004541174898,0.011871018086386183,0.01032350995968433,0.015323323864166585,0.021683845233629363,0.03892326697434242,0.045406924345047395,0.02975556616687735,-0.0392303920769767,-0.028891123554548336,0.004872715571799036,0.01753308766095946,-0.010480060110148355,-0.494039584908309,-0.45200861307060897,-0.3401402942022213,-0.28752849954615173,-0.39399191916291326
1859,-0.1352535735095608,-0.026828240259319402,0.18550995942243229,0.22410387869216317,0.117687084246298,0.20706427335980068,0.2162810926460318,0.24321993178957316,0.2534605369640169,0.22985268915733897,0.04541237322937574,0.059032101770370805,0.09893478820374407,0.11349292739943168,0.07928054046051222,-0.3619541881817038,-0.2543393259257574,-0.04726716568862144,-0.007654126072087267,-0.10746793315606656,-0.05276116498528363,0.055739655502579,0.26913616813549646,0.30496640570974026,0.19306566620230164,-0.3480606295848171,-0.24208369064833413,-0.03941312871989076,-0.02188832672047576,-0.09780389208769937,-0.02854978235905665,-0.018702734223356714,0.011741247585290571,0.02102739753371838,-0.00313974773176713,3.153385268279159e-05,0.005001023246097104,0.021726366791347887,0.029994570579877818,0.012903314237681821,0.04447082392073054,0.05042419433449033,0.0633048174730125,0.06799412473634782,0.056906572847349686,0.143266962437264,0.15073315685283856,0.1735884357278389,0.18126773717950395,0.16190486723922654,0.0,0.0,0.0,0.0,0.0,-1.955795704339198e-05,0.001545420390069595,0.0062713309328137345,0.007911958210575923,0.003984699468647568,6.586445397104186e-08,8.242735211246106e-08,1.3306587629116983e-07,1.5226568282412267e-07,1.0821266924187982e-07,-0.0831582602383448,-0.07157582965754158,-0.03281568744510385,-0.017486154340179316,-0.05098214067171116,0.009445572448846496,0.00993685284984573,0.011746741846119175,0.012487304397273833,0.010859457072406029,0.015153901328847042,0.021444097508689013,0.038492911352274436,0.044904882078513404,0.029426573351444548,-0.026754208730626266,-0.013612630864382382,0.019834639880925674,0.03201791672743402,0.003247267092902127,0.05529152656377259,0.06540873736682515,0.08692093575453042,0.09500346183293171,0.07576436665823906
1860,-0.13629646249802968,-0.029021927096862434,0.1867649360407562,0.22599569592705918,0.11693523033025577,0.21192108732610823,0.22134002622048898,0.24888273106829104,0.2592934088618712,0.23516312932323363,0.1390962367780718,0.1595435768508729,0.22260447920308735,0.24308167313564566,0.19107995749910756,-0.367980602988154,-0.25920715889681706,-0.050713103035483376,-0.010684187885986667,-0.11326363335148609,0.051605374748689904,0.16814723793671182,0.38676823323015386,0.42391780564652487,0.30631764042168674,-0.35600025532486185,-0.24721318694525676,-0.04229790383468726,-0.023283619392139892,-0.10176190530297084,-0.030063103587361657,-0.02016161330209513,0.011112010752038205,0.02063113364823028,-0.004138303610208173,3.185630575569649e-05,0.0050521617901118305,0.0219485322782423,0.03030128354486933,0.013035258575991889,0.04538240667373921,0.05145781192546668,0.0646024678132361,0.06938789858515391,0.058073069119893295,0.14639847835986253,0.1540278681576511,0.17738271558980456,0.18522987049743195,0.16544376874925093,0.0,0.0,0.0,0.0,0.0,-1.997267759061086e-05,0.001578190560718345,0.006404312603162886,0.0080797288847513,0.004069193812329473,6.849675322908146e-08,8.558518179630906e-08,1.3651550866405993e-07,1.5561993910406697e-07,1.111580194294985e-07,-0.08487558480522897,-0.07305594515999775,-0.03348434939156551,-0.017840953252639687,-0.05203888407942618,0.009981669459128747,0.01050083318383465,0.012413445025663467,0.01319603926645378,0.011475801132158205,0.015264085071089858,0.021600017153488957,0.038772792613909736,0.04523138466322829,0.02964053343359664,-0.016654680014967047,-0.0032215460768238646,0.031207918182483953,0.043353797660912574,0.013578577718924758,0.12901545488987903,0.15262262646014008,0.2028184925024711,0.2216779967243619,0.17678611599884458
1861,-0.1276803009163024,-0.020235604000508937,0.19327407516858897,0.23343926065600468,0.12293454094732131,0.21698454480032126,0.22653885312681749,0.2546666653212458,0.26530093134177135,0.24063606366853596,0.16966015184655783,0.19620329762003638,0.2700903620287436,0.2938463803864381,0.2330656029244098,-0.3711990869180086,-0.26265320004746456,-0.04994111467219232,-0.008458636918361916,-0.11301439479337694,0.09959820357346372,0.21273827364117046,0.43684003626992446,0.47436030984555994,0.3533674367815908,-0.3570570806759738,-0.24601799282224635,-0.04376384597163063,-0.02415771956037728,-0.10354797173785249,-0.030057232935292832,-0.01967932985627213,0.01189822093646065,0.02183462346833939,-0.003520983148012608,3.279859053870081e-05,0.005201600812094063,0.022597752816671136,0.031197571978587788,0.013420831400815975,0.04637368687059436,0.05258179616680328,0.06601356853937476,0.07090352666242505,0.05934154929995527,0.14952808236526008,0.15732056790787743,0.18117467889036268,0.18918958477262462,0.1689805096166866,0.0,0.0,0.0,0.0,0.0,-2.0424307604483744e-05,0.0016138772242414343,0.006549129429884829,0.008262430881103797,0.004161208017714621,7.111997863847921e-08,8.887884345806181e-08,1.3964669101174864e-07,1.586070865964382e-07,1.1417259819808585e-07,-0.08619451795476495,-0.07418752619612856,-0.03402142792163312,-0.01812990820609687,-0.05284031674072284,0.01059074841295993,0.011141591377256536,0.013170910311468666,0.014001258255525412,0.012176051623979209,0.015963469149178042,0.022589706873719483,0.040549320567658066,0.04730383840781984,0.03099863102365534,-0.018554986927154626,-0.005372334002713858,0.029060429049687163,0.04091774781172839,0.01138043287777125,0.1611022380302337,0.1905806301870412,0.2532604569270833,0.2768104133325433,0.22075369934862438
1862,-0.12306265827051621,-0.014938180896314412,0.1968998229998629,0.236954789468272,0.12672969514177607,0.221846470075944,0.23151423107897076,0.2601859257433188,0.2710699056663245,0.24586343416637324,-1.2521253869295754,-1.149709184424769,-0.8588804837841507,-0.7296733903506832,-1.0009105532167932,-0.367224990134477,-0.260966338694627,-0.05173177273136431,-0.010514773691089154,-0.11486144963109157,-1.2566901422798167,-1.0906640952447135,-0.7164871483878287,-0.5847800766800673,-0.8925526250386295,-0.351779516898842,-0.24451713102989026,-0.04395328723346414,-0.024298307658177986,-0.10354660289464712,-0.030063163714326584,-0.02007205890265682,0.011261416542423498,0.021043228014354466,-0.004057745890922671,3.2172597045462626e-05,0.005102323123348529,0.022166452385991065,0.030602135505780153,0.01316468157874224,0.04762044351730963,0.05399545784201417,0.06778834343660313,0.07280976809172117,0.06093694694911253,0.15219909028890508,0.1601307723643742,0.18441098738322423,0.19256906287470046,0.17199899465968477,0.0,0.0,0.0,0.0,0.0,-2.0993162400703705e-05,0.0016588266941230155,0.006731534814654759,0.00849255488462791,0.004277105368302224,8.425802977501848e-08,1.0118188492831702e-07,1.534667560287135e-07,1.7090335726287623e-07,1.2778814746830991e-07,-0.08750083950286276,-0.07531868856616161,-0.03455791768051409,-0.018418489342113948,-0.05364155044768514,0.01117406604259578,0.011755248355888901,0.013896338192809967,0.014772420071392766,0.012846684642032204,0.015893569736239763,0.022490793082853282,0.040371766824406,0.047096708585126865,0.03086289698676177,-0.030489278315230114,-0.01787805226289584,0.016487707787958206,0.028826135326537234,-0.00028699212050709846,-1.251953544758355,-1.1454421926536176,-0.8619549122175184,-0.7286305292574169,-0.9984211688091811
1863,-0.09981323674777973,5.6512934498663216e-05,0.20112009135405418,0.2407965589923584,0.13364644822866031,0.22697705461525758,0.23679632713333074,0.26614684163451924,0.2772702510823866,0.2514736829109673,-1.6010633337896802,-1.463764227829874,-1.1019010748330478,-0.9321329508037126,-1.2813625769229198,-0.3565923758235785,-0.2511988499092331,-0.05297116429879917,-0.012242957024569413,-0.11454642758845147,-1.5670079078703145,-1.398558189013637,-0.9502052757919852,-0.790678080560346,-1.1641996888062542,-0.3316558889412525,-0.2325111895102826,-0.04495177955840676,-0.024867221675510393,-0.1012226400826117,-0.02910644558911104,-0.019284408579004923,0.010868811349697841,0.020817298691668783,-0.0039916662557483735,3.128564230267445e-05,0.004961659014476721,0.02155535344216751,0.029758476251665753,0.012801749212820342,0.04910437841751448,0.05567804914999264,0.06990074477566423,0.07507864565704359,0.06283584699309995,0.15493636415779516,0.16301069614030586,0.18772758655567748,0.19603238359996233,0.17509236632612263,0.0,0.0,0.0,0.0,0.0,-2.167148058124893e-05,0.001712425684285625,0.006949040036621718,0.008766961106404587,0.004415304572216816,8.72823486838798e-08,1.041897514217751e-07,1.566472814704076e-07,1.748797725841786e-07,1.310416251499187e-07,-0.08880415938854354,-0.0764494368309031,-0.035090026525849125,-0.0187066703433678,-0.05445559819077996,0.011690236750938277,0.012298265986845342,0.014538260542383207,0.015454811825935538,0.013440119680473237,0.015836302970096958,0.022409755593527945,0.04022630167290932,0.046927012523046444,0.030751693630085987,-0.03698974597437365,-0.026252132336682277,0.008641116532505853,0.02163111934201147,-0.007162104770641093,-1.591761519732919,-1.4563406230032656,-1.0959086036035248,-0.9263970244187025,-1.2694148306469049
1864,-0.10384808157102553,-0.0010673983597297755,0.20656979515677454,0.24794297686415426,0.13718472377838134,0.23225111612294744,0.24212809018970455,0.27227593986098625,0.283647438766642,0.2572625264794275,-0.30976749480590077,-0.27862044870352093,-0.20444147230772933,-0.1744502043182596,-0.24277420176405717,-0.3686421634091341,-0.2546896590383561,-0.05270584004571604,-0.010470413116345322,-0.11754042835231665,-0.3597866191974239,-0.24607660265711642,-0.02348532863870984,0.03330718114957426,-0.11032938523994461,-0.34535369134875366,-0.2391757663547519,-0.047825563451441545,-0.026443180457647555,-0.10539615129141044,-0.03012313174253602,-0.019719522466663787,0.01185850310741535,0.022205979112423023,-0.0037982381162724654,3.288370145566474e-05,0.005215098740130796,0.022656393003092617,0.03127852832197129,0.013455657875008334,0.050726844303193436,0.057517716777162886,0.07221034684042867,0.07755933160088771,0.06491201660219706,0.15767222719277926,0.16588913555833093,0.19104247630087234,0.19949391927537513,0.1781841436202617,0.0,0.0,0.0,0.0,0.0,-2.2414762585644486e-05,0.0017711579518029418,0.0071873761478846564,0.009067647734583765,0.00456673937705861,9.043517163154271e-08,1.0735318364034121e-07,1.6018699663697604e-07,1.790010827639837e-07,1.347735851380939e-07,-0.09010726919507768,-0.07757975740371349,-0.03562504075714245,-0.018994422448729585,-0.05527380767304684,0.01218709416604893,0.012820965807110044,0.015156164414408207,0.01611167088007228,0.014011350466084295,0.016793885686025183,0.023764818998481665,0.04265868827730988,0.04976457481186275,0.03261117373483611,-0.04515232391671536,-0.033939305025528124,0.002014199898980029,0.015916687568854105,-0.013960809900889135,-0.2852142277026341,-0.2609493073632939,-0.19636655499870187,-0.16599321480640652,-0.2274556622137568
1865,-0.12846337411895825,-0.015517017965536539,0.2081937681539644,0.2529515760494076,0.13146995254886945,0.23750362617867227,0.24745987862839672,0.27835990184912107,0.28997210489279834,0.2629854379911096,0.08094874771408538,0.09902587192985607,0.15578871984200618,0.17468404296584703,0.12896109189962185,-0.39324958677971855,-0.2782401540612727,-0.05660529695277255,-0.010345260490755303,-0.1280277172231235,0.002522570926744282,0.11139603622232842,0.34076413116530024,0.3866714771211639,0.2579417506854824,-0.3791682455229105,-0.2657169405199116,-0.05201495264053592,-0.028708010601804848,-0.11627358221583242,-0.034246208481532106,-0.02332306995158731,0.011357087571358676,0.022308626965813417,-0.005797891142497458,3.5011247307113957e-05,0.005552510929096886,0.024122241213870268,0.033302220918152034,0.014326226814125202,0.052275976583895586,0.05927423352871208,0.0744155575297158,0.079927893373319,0.0668943457162044,0.16042416429534845,0.16878448672564805,0.19437684208018155,0.2029757925764963,0.18129408609173187,0.0,0.0,0.0,0.0,0.0,-2.3126129299702135e-05,0.0018273683536502523,0.007415478503797699,0.009355423380144888,0.004711671823797816,9.3262258532839e-08,1.1024130946101785e-07,1.6349463777957607e-07,1.8274206899698927e-07,1.3767715585362718e-07,-0.09141011269994112,-0.07870958475561636,-0.03615955637909946,-0.01928170712436467,-0.05609126004141751,0.012718531906657525,0.013380044534829397,0.015817073213744804,0.016814246067666058,0.014622337821488071,0.017863115737356647,0.025277873160733953,0.04537467386332804,0.05293297668593615,0.03468745599722484,-0.05213777954641471,-0.03994739391767022,-0.002448528772736418,0.011291947741917134,-0.01947905383557666,0.10830432172191513,0.12812178240422112,0.17025959627775303,0.1860915430356581,0.1484062541146664
1866,-0.11160930156511457,-0.004108930143601442,0.21437007316764356,0.25904684404396544,0.13867112979708474,0.2427125673545713,0.2527988403205923,0.28449452047962104,0.29630592287162666,0.2686591203500692,0.137359064140793,0.16375936514083278,0.23901619063202179,0.26521166253645473,0.20240992074697753,-0.3880823459697247,-0.2727077301774705,-0.05666892835750766,-0.010709339383752403,-0.12565524868924627,0.08049713491478538,0.19433256858597275,0.42492384714854115,0.4737430738830977,0.33668244727438035,-0.36586447292003355,-0.25703600562692297,-0.05222047758234862,-0.029107348539308308,-0.11564058011309282,-0.03348985330705916,-0.022257959364907504,0.01163186289438243,0.022898453474563447,-0.005280632209810933,3.4854071195466395e-05,0.005527584022892701,0.02401394915432259,0.03315271714448672,0.014261912035349308,0.0539049570477487,0.06112128784960418,0.07673443318435043,0.08241853984862907,0.06897885162952869,0.1630896590856764,0.1715888907381702,0.19760647062274486,0.20634829521692943,0.1843063407861376,0.0,0.0,0.0,0.0,0.0,-2.3875894509236296e-05,0.0018866129076702941,0.007655893478657654,0.009658732718252993,0.0048644275040262185,9.660273339753887e-08,1.1297032114850267e-07,1.6722429183295112e-07,1.860245303269101e-07,1.4074013647471423e-07,-0.09271265993979556,-0.0798379272451146,-0.03669314363318582,-0.01956848770644397,-0.05690789310480657,0.013275186531719033,0.013965651720352362,0.01650934233914274,0.01755015866427552,0.015262316715064811,0.018152666433577245,0.025687612753774822,0.046110170884177175,0.05379098939087479,0.03524971944453116,-0.05583132997457996,-0.043151949530268754,-0.0051045736105984965,0.009294486846544152,-0.02223093411824132,0.16415667615136012,0.19419396758762,0.2580621803771747,0.28205863513967305,0.22493910684459953
1867,-0.12994801153438082,-0.013842102763014133,0.21694740960803252,0.2654139193805244,0.1368143173908009,0.24805524689677616,0.25844984994680925,0.290737057826107,0.3027756647856983,0.2746811726761045,0.1426103226216921,0.17063339570908895,0.2495515843890543,0.2770765653041395,0.21097950622641592,-0.4085316226256915,-0.28830596624542887,-0.059465647486739354,-0.011581413021991964,-0.13386817724283323,0.0704556711950574,0.1924196606228335,0.43656406859745034,0.4882048162339595,0.34184077173081223,-0.39425063970412016,-0.2794672502672724,-0.056744370169780727,-0.03167873395051702,-0.12421013352029486,-0.0368166727898204,-0.024997676578075688,0.011545940576798351,0.02347177708138381,-0.006586243456423855,3.6865982885687695e-05,0.0058466575351940366,0.02540012710641921,0.03506642010364831,0.01508516471615979,0.055607250108829887,0.0630514692260324,0.07915767030964878,0.08502127837533797,0.07115717115562131,0.16587169788550254,0.1745159123183793,0.20097730891777357,0.20986825452513974,0.1874503009488825,0.0,0.0,0.0,0.0,0.0,-2.466127781529523e-05,0.0019486719137572226,0.007907729527304005,0.009976450968836929,0.0050244399447629704,1.0867638413031428e-07,1.2619645744296418e-07,1.804668905444345e-07,1.9981783455312594e-07,1.5413190756149888e-07,-0.0940149231782608,-0.08095380224509906,-0.03722473682602249,-0.019854738503659566,-0.05772367356509708,0.01382200104929414,0.014540906997544883,0.017189374069400597,0.01827306237040745,0.01589098255954737,0.01925975188834592,0.02725423562714132,0.04892231419599094,0.05707156649893538,0.03739951114728249,-0.06134904077952307,-0.04837802574664656,-0.008469651890051739,0.005627328718359683,-0.026739926025619455,0.1737973821635827,0.20559872427953244,0.2732178333315239,0.2986235683689684,0.23814948518913415
1868,-0.15852818110436318,-0.033864542007852085,0.22020901761402814,0.27142589142138174,0.13400531986475722,0.25292591737259934,0.2634931404838416,0.29629863359866104,0.30860106690630695,0.27995839236199616,0.15028973692037978,0.17718721017431402,0.2557726256750747,0.28189404754925423,0.2174446712000581,-0.43529358668358215,-0.30886163970517244,-0.06260556717788966,-0.011585880704028667,-0.14287182271269538,0.0568985830665555,0.18365575123838468,0.44503426218620346,0.4974141119052969,0.34417003279684943,-0.4281350105810482,-0.3033825487292797,-0.060339307449476895,-0.03343210821361386,-0.13403231588627762,-0.04029398064807463,-0.027867091077135978,0.01151771265149521,0.024458055683875515,-0.007759052174612745,3.9402912916777296e-05,0.006248994864121958,0.027148035074845693,0.037479513347889105,0.016123249269907478,0.05712851023304227,0.06477638253713563,0.08132320460835883,0.08734722472673694,0.0731038339885963,0.16824832211616672,0.17701639161134838,0.203856929421311,0.21287526527688316,0.1901361052962156,0.0,0.0,0.0,0.0,0.0,-2.5364856776838542e-05,0.0020042669470616034,0.008133334711701029,0.010261076164056481,0.005167785730214548,1.1179954156378105e-07,1.292536838590102e-07,1.8415845690417388e-07,2.0335555483428342e-07,1.5765747962212146e-07,-0.09531687208263498,-0.08206443632346049,-0.03775549281118799,-0.020140421690999163,-0.058538537440705404,0.014409829932975179,0.015159309868271992,0.01792041225514198,0.019050188187163135,0.016566802110223114,0.020593819805885077,0.029142058563698607,0.05231102294982148,0.06102475064748109,0.03999006829684931,-0.04997109037287265,-0.03772611134508951,0.00014404010989742372,0.01427024304177686,-0.017282911886673104,0.17095159184299827,0.2022322129305381,0.26874411424653744,0.29373385110289985,0.23424998169048242
1869,-0.13470020158480087,-0.014477797141592686,0.22191745171445768,0.27332466037928205,0.13854834854071135,0.2569489149747715,0.26769518727434993,0.30108063203613034,0.3134811069142959,0.2844214486429072,-0.03196200446722184,-0.01835884792983961,0.018021216329514173,0.031249238943106387,0.00028750953637216546,-0.4201736498571657,-0.29859191903067483,-0.06508059092016713,-0.01459678301541473,-0.14210387255589596,-0.13918580707054076,-0.014458640533923579,0.2254823921162665,0.2746607996337121,0.13516190389296032,-0.4071743830801156,-0.28904226018316803,-0.06196670610288568,-0.03458073004614402,-0.1314069429729686,-0.03951170390400438,-0.027195617245961735,0.011003365708172758,0.02372591593816071,-0.008009757706498255,3.8148501187529535e-05,0.006050054941326912,0.026283763600910684,0.03628633402002089,0.015609957447029438,0.05847272892114147,0.06630055363137008,0.08323671803562555,0.0894024817490594,0.07482394780599347,0.17011776810704565,0.17898326164877562,0.20612203087745767,0.21524057154694742,0.19224875150449056,0.0,0.0,0.0,0.0,0.0,-2.5987883232256948e-05,0.0020534969246927127,0.008333110438437624,0.010513114721479285,0.005294719907457661,1.1496043893054451e-07,1.321697858880652e-07,1.878658940424353e-07,2.0739751680252285e-07,1.6110777908265412e-07,-0.09661845898655483,-0.08317527179207003,-0.03828535569364494,-0.020425501167098476,-0.0593524178804123,0.014971881104166552,0.01575059428353199,0.01861939265554114,0.019793235164942448,0.01721298534571284,0.020299526861711676,0.02872560827449419,0.051563479992675375,0.06015268545002012,0.039418596124726486,-0.03203340919915394,-0.018441257487619083,0.017949302552395664,0.031195349404011436,0.000201981346035893,5.3738790279665214e-05,6.357188231653137e-05,8.447995972832217e-05,9.233550651551683e-05,7.363669740286092e-05
1870,-0.1566700127579682,-0.029691152578163425,0.22425636588455147,0.277169593606991,0.13527313797893417,0.2608214811283057,0.2717275389574798,0.3056440041066306,0.3181580900011861,0.288725698597862,0.10961778789068394,0.13065374194664475,0.19024142442010997,0.20861063277287362,0.16109244137419967,-0.44080872253319275,-0.3136540394902845,-0.0679046262601012,-0.014986781202780849,-0.14906645584476674,0.012498970896116905,0.1322873849328367,0.38982362571531504,0.4414710187887769,0.29490790564899255,-0.43084502000548763,-0.306634857815365,-0.06455953679061047,-0.036183999798883384,-0.13893973521537845,-0.04233757699471777,-0.02934200902215258,0.01091780435696973,0.024330994967530745,-0.008931081857829395,3.998869028027371e-05,0.006341894588153512,0.02755162717586216,0.038036696786596415,0.016362943083110315,0.05954662473151809,0.06751821335213327,0.0847654232015587,0.09104442582040706,0.07619814609547407,0.17215522605518904,0.1811268993950777,0.20859070287316875,0.21781845402295844,0.19455126670400222,0.0,0.0,0.0,0.0,0.0,-2.6486556015124886e-05,0.0020929007890588655,0.008493011702235964,0.01071484735695083,0.005396318513514229,1.1882173919678186e-07,1.3521666274132628e-07,1.9165504273506678e-07,2.1129178301203707e-07,1.6484232203608659e-07,-0.09882785025204667,-0.08509964998325498,-0.039100883047325195,-0.020850971778126646,-0.06064958059794458,0.01549892838301535,0.016305054194055642,0.019274841370678836,0.020490006042343696,0.017818925041880845,0.02117350616343149,0.029962365526633533,0.05378350288016656,0.06274250945844764,0.04111573110479562,-0.03096401808904538,-0.0171972509223897,0.01935848819313431,0.03284953149152187,0.0015136954927445923,0.1164370360591493,0.13774261599705054,0.1830446138807911,0.20006540239807627,0.15955027543703387
1871,-0.1277660142371751,-0.015625291720714148,0.22353791020897953,0.27829581042140117,0.13801707158283605,0.26458364264590645,0.2755953735599584,0.30998130730298007,0.322630092223347,0.29279657666379794,0.17289268737217317,0.19921851331472087,0.27573964077718355,0.2993903266470175,0.23805556429186803,-0.4278704690131895,-0.3032139588439346,-0.07046579679201471,-0.019549698768243452,-0.15145652045368455,0.10679663587390423,0.220853841023122,0.4701693058837307,0.5234133849197663,0.3700100714328126,-0.40450255071234487,-0.28917418167841474,-0.06655679227524466,-0.03704452598299509,-0.13793836114558955,-0.04133516197752133,-0.02847946997711682,0.010801225135294938,0.023818707676107238,-0.008852859171012608,3.8882277833186014e-05,0.00616642619793438,0.026789325059157664,0.03698429235734832,0.015910210978826538,0.06027188927175362,0.06834057005471965,0.08579784705368025,0.09215332651681706,0.07712622243303151,0.1743429424257165,0.18342862611014388,0.21124143445926166,0.22058645014243863,0.19702358776464052,0.0,0.0,0.0,0.0,0.0,-2.6823978836034278e-05,0.002119563088518428,0.008601207572055675,0.010851348079005117,0.005465064371387022,1.3029225991663542e-07,1.482708440036786e-07,2.05607860249148e-07,2.2457453729105243e-07,1.7839356961471682e-07,-0.10191556952817395,-0.08772484904518878,-0.040198252684057564,-0.021416792875663726,-0.06249012809950588,0.01610184698463404,0.016939331624795304,0.020024645493805626,0.021287080877772088,0.018512093053443007,0.020951026347339197,0.02964753710281923,0.05321837475555559,0.062083244910680256,0.04068370911353497,-0.021044159937761257,-0.00636951104775442,0.03093888298599076,0.04375884368590636,0.011696599239371459,0.16398834366425705,0.19399483372166443,0.25779755362139123,0.2817694015082722,0.22470844574576623
1872,-0.11993545538123698,-0.004185249419139227,0.22223498054974675,0.27881471780010136,0.139381575594498,0.2687089288111958,0.27982608418152294,0.3146563521770196,0.32752589647834146,0.29730947232059546,0.1332834959740699,0.15529052517769346,0.22137437646392724,0.24132684913449434,0.18835173238227915,-0.4263776814341237,-0.2982627578030891,-0.07521266918627423,-0.02354751239881539,-0.15815586078719174,0.0681374429406949,0.1825711972940706,0.4177665748044117,0.46970223606041006,0.3243313477211778,-0.39702824331221975,-0.27876024107573905,-0.06930265223086482,-0.0386249680876759,-0.1401671136145058,-0.042060953938685884,-0.029043990032735334,0.010250269269877543,0.023920101291218195,-0.009585880098574721,3.8499087388453514e-05,0.006105655180162888,0.026525312404663933,0.03661980683267483,0.015753413559526145,0.060848806377069756,0.06899471984706904,0.08661909633195304,0.09303540987311645,0.07786446770006489,0.1770522247646524,0.18627909960944963,0.2145241178857836,0.2240143547381989,0.20008532642327287,0.0,0.0,0.0,0.0,0.0,-2.7092721849660497e-05,0.0021407984829936925,0.008687381008810467,0.010960065134087989,0.005519817541220829,1.3389109980094695e-07,1.5172498923029132e-07,2.0935278392889782e-07,2.2906731880119527e-07,1.819768361309814e-07,-0.10493895054771663,-0.0903386733097399,-0.041349675594388444,-0.022028037234644488,-0.06438728057192078,0.016679170441798383,0.01754668266377938,0.0207426188776048,0.02205031823414618,0.01917583464601687,0.02059938687071908,0.02914993644798378,0.052325164029962984,0.06104124728319684,0.04000087869069675,-0.02731951971188328,-0.012118298659325108,0.024977342036627964,0.038311719888190744,0.006282612470948216,0.1327854772065432,0.157082485228795,0.20874514868191218,0.2281557554973522,0.1819520676529383
1873,-0.1466583475924256,-0.030980155118078136,0.21913336583847437,0.2808950800296712,0.12824843910250538,0.27313378007026173,0.2843746962924137,0.31960695022718666,0.33276053006617806,0.30205057287325066,-1.3704172653310533,-1.2570329496189665,-0.9396223416040717,-0.7985834996856219,-1.0950777027906278,-0.45706015751624496,-0.3255655960560752,-0.08287036111121679,-0.026481810170380548,-0.17263629423783985,-1.376095716143205,-1.1973543235842743,-0.7797884414690712,-0.6371989904617233,-0.9781263985602306,-0.4288013709948308,-0.30983185807083186,-0.07528632144285263,-0.04168345455540659,-0.15309194199708553,-0.04661431001045155,-0.03329890285602139,0.009597506573090176,0.02398288405275317,-0.011781537911036026,4.123219085160092e-05,0.006539104086348959,0.028408381020363034,0.03921949756986851,0.016871770177216965,0.06128395034759956,0.06948811713992306,0.08723852964126103,0.09370072773327602,0.07842129462331188,0.18019703575123266,0.1895877988353462,0.21833450662114356,0.22799330956279268,0.20363925258051724,0.0,0.0,0.0,0.0,0.0,-2.7295684050170883e-05,0.0021568360436850387,0.008752461585653373,0.011042171278671594,0.005561168658351058,1.371585592802311e-07,1.550830055019264e-07,2.1336449930724674e-07,2.328101468323181e-07,1.8559956706770222e-07,-0.10795961916388834,-0.09300567994542608,-0.0424792260621869,-0.02280559401939941,-0.0662901609492529,0.01724690793795365,0.018143949159503917,0.02144867092895638,0.02280088268861741,0.0198285553785381,0.02168564916396823,0.030687092724176794,0.05508441376057602,0.06426012004250627,0.042110234978397776,-0.03655512000629087,-0.02269520821335179,0.015311382369164269,0.028852938083610627,-0.003060212216362656,-1.3663016779691908,-1.2500620301701517,-0.9406822224572984,-0.7951805551508222,-1.0896127288231325
1874,-0.16490558533788818,-0.03679074530455649,0.22330696604659003,0.2853273933010839,0.12864324455568854,0.2779666426244105,0.28937057616527667,0.32513298476373564,0.3385353020520745,0.3073125958231131,-0.679524278703668,-0.6194028898058664,-0.460569966518231,-0.3905126449557152,-0.5398990545620292,-0.46713450536370266,-0.3390331262556078,-0.08435628289915705,-0.02618303831449249,-0.17671216356279168,-0.7378992876104052,-0.5951981990802234,-0.2807334287390962,-0.19945148140087063,-0.4211831609068145,-0.4505038255745014,-0.32101127177987043,-0.07645940879979057,-0.04244232227589867,-0.15631437158964973,-0.048663193730779444,-0.034748678585681425,0.009326548419677507,0.024259731272318192,-0.012349964257698569,4.2223225707452164e-05,0.0066962744899041575,0.029091189651386566,0.04016215640797398,0.017277291008882506,0.062050907606935816,0.07035774802330752,0.08833030364118574,0.09487337494241503,0.0794027225641798,0.18342464384556945,0.19298361004587705,0.22224521590615248,0.23207702297312535,0.2072867470979129,0.0,0.0,0.0,0.0,0.0,-2.7653360298516114e-05,0.0021850987178493163,0.008867151791547762,0.011186865303898489,0.0056340409094541265,1.4833310281490944e-07,1.6760907709360317e-07,2.2814899711097164e-07,2.4813712938174987e-07,1.9849164521541672e-07,-0.11097492155727368,-0.09567946406685976,-0.0436078580977632,-0.023586222456763582,-0.068162869155071,0.01779511130995429,0.018720665527819404,0.02213042987209486,0.023525622498179716,0.02045881797166619,0.022503546062177603,0.031844488463838146,0.057161979934122496,0.06668375755798611,0.043698466454028494,-0.0440020682850471,-0.03217003754674167,0.006598577182083553,0.02094501060932217,-0.01106540777490669,-0.6613932747143492,-0.6051245000000268,-0.4553612907080347,-0.3849274869822971,-0.5274549116838749
1875,-0.12932807913780547,-0.01828060405043844,0.2260228155125018,0.2886538005136459,0.13703424972667352,0.2832783284075633,0.2949035174007162,0.33124495764790635,0.3449401303406501,0.31308236613173535,-0.16816244028702698,-0.14999448232196363,-0.09987303605029517,-0.07897254097070802,-0.12544611641930592,-0.45406470675059174,-0.3250940098171068,-0.086209783054529,-0.03020475674240033,-0.17630443841452537,-0.26651516974931244,-0.1394299984293216,0.11252833967049729,0.17085987571655528,0.009416428175925418,-0.4218765515368809,-0.30303221390226576,-0.07662665343134195,-0.04329387355682429,-0.15357876258593456,-0.046993573360273655,-0.033534850614140105,0.009219872496922858,0.023809972957194697,-0.012328398370285085,4.099602143011115e-05,0.006501649456914091,0.02824566371690498,0.03899485643727549,0.01677513218345615,0.06281565752213238,0.07122487606235381,0.08941893545696489,0.09604264720997349,0.08038132590278019,0.18713686260968856,0.19688928685876433,0.22674310039662005,0.23677388737116703,0.21148189632103442,0.0,0.0,0.0,0.0,0.0,-2.801041721628905e-05,0.002213312454075316,0.008981643406813941,0.011331308785697165,0.005706786979371867,1.5105809848419396e-07,1.710132242442728e-07,2.3212275998441665e-07,2.527548615161904e-07,2.0222953613433814e-07,-0.11398900031141913,-0.09832611804668749,-0.044750754142506795,-0.024215766858684346,-0.0700058637783833,0.018352627008718408,0.019307178572963057,0.022823769849529538,0.024262673457709067,0.02109978683096076,0.022193232659499622,0.031405367822831175,0.05637374289591717,0.06576421964809416,0.04309588498621484,-0.06273042337160972,-0.04918624317547098,-0.0072543581219334016,0.008060900058260507,-0.026144810233430914,-0.12235630044596368,-0.11194670094157592,-0.08424083677203639,-0.07121073807026103,-0.09757799801270231
1876,-0.14515211339168227,-0.024232565680704185,0.22599926435349166,0.28955710046411226,0.13384631913603606,0.2883402282438358,0.30021161592564516,0.3370670579641131,0.3510851659339806,0.3185964545491966,0.021495351903156434,0.03989999626189183,0.09057630713106882,0.10972853557927038,0.06677295505745645,-0.4653737249311131,-0.33573587798451293,-0.0908371765320421,-0.03366116224172485,-0.18451897545517942,-0.07752180731301762,0.04835613390153096,0.2996389928425152,0.3569225400980689,0.19806732970613614,-0.4358789486658289,-0.3152656033697536,-0.07921449117592971,-0.044332544324603505,-0.15781900831743328,-0.04952359537678783,-0.03585348566498933,0.008083449868693984,0.022904354238710893,-0.013717673164357362,4.135268727394217e-05,0.006558213879727583,0.028491401306376476,0.039334112123342015,0.016921076020610916,0.06345996830439489,0.07195544161595195,0.09033612054307276,0.09702777282348186,0.08120581070505217,0.1908301241721151,0.20077501853700505,0.23121801552323978,0.24144676627390957,0.21565562215965023,0.0,0.0,0.0,0.0,0.0,-2.8311576255609074e-05,0.002237109281064267,0.009078211161554066,0.01145313939042499,0.005768144526138868,1.6193583955464906e-07,1.8280530586462344e-07,2.4744086021359545e-07,2.67274724116583e-07,2.1570311803276343e-07,-0.11700182595759238,-0.10097866406675443,-0.04592456229938679,-0.024841389620544115,-0.07179780291561094,0.01884973713026027,0.019830144243353276,0.023441987993370914,0.024919866596640215,0.021671308150010258,0.022454013527113115,0.03177439558882692,0.05703616075133152,0.06653697999900292,0.043602281798689385,-0.07153761621388736,-0.05672564184709617,-0.013255441185498889,0.0022848031972951873,-0.033487577747903445,0.07328284944021853,0.08669210185396606,0.11520415955155971,0.1259166606979507,0.10041735180426553
1877,-0.14888694033699174,-0.02719108427437937,0.22934549849343797,0.2950901154024206,0.1346653042379893,0.29343943709553033,0.30546727768335713,0.3430101824405214,0.35729037121074025,0.32416854960006264,0.0291522547888799,0.04887234546424408,0.10341905448759642,0.1242780304364092,0.0779634474743762,-0.4780785824789058,-0.3443008576878405,-0.09297079533455375,-0.03423058326551416,-0.18942902401476086,-0.07146803211549213,0.055486704252678556,0.31483885717470067,0.3727520618138434,0.21002113525586177,-0.4457222980025662,-0.3243590971438046,-0.08189904611325338,-0.04594394145448898,-0.16293792101595667,-0.051029649295193324,-0.03677426516937877,0.008523310684248452,0.023833298406791607,-0.013985497677421967,4.282673195038347e-05,0.0067919858760270195,0.029506996693002798,0.04073620331499457,0.01752423928936315,0.06416378200065687,0.07275347582055425,0.09133800882956569,0.09810387603083615,0.08210643771948946,0.19457154734289306,0.20471142171090967,0.23575128533340722,0.24618058138704055,0.21988377505300016,0.0,0.0,0.0,0.0,0.0,-2.8640776474879013e-05,0.0022631218513008418,0.0091837704238848,0.011586313748666878,0.005835215127423719,1.6505331356451888e-07,1.8639578841592525e-07,2.5155075417665463e-07,2.714393166947469e-07,2.1949183210338656e-07,-0.12001330659377642,-0.103688417513085,-0.0470504802897729,-0.025466592937176614,-0.07366907312212487,0.0192801303828066,0.020282922986121974,0.023977235428860197,0.02548885821511381,0.0221661259152216,0.02331735765379241,0.0329961031368906,0.059229168889210246,0.06909528926606347,0.04527876488512109,-0.07763457340652025,-0.06203486936571275,-0.01731246171675063,-0.0007289761868902464,-0.03860935203335466,0.0846738754347935,0.1001674510425705,0.13311139959693352,0.1454890431328136,0.11602614258473166
1878,-0.15412898284804696,-0.028281947491738166,0.23362690090918575,0.30036818870011117,0.13658054851344625,0.29884896411764006,0.3111369458069723,0.34933328574913014,0.3638676767969033,0.33013266844408296,0.09670082323036851,0.12391647181312229,0.200060213724056,0.22453065155123628,0.16302425608027354,-0.48628168427043333,-0.35183786183207083,-0.09474373482406212,-0.034391891580297755,-0.19353995300892363,0.013132745178047921,0.13230764537987913,0.4061246461950086,0.46867954002399653,0.2971273551452337,-0.45669211177812585,-0.3302477251726182,-0.08333181770311869,-0.04676351346072286,-0.1661601699598711,-0.052286887661722625,-0.037769984439507756,0.008556390231272153,0.024244870798906904,-0.014449408278368799,4.3738274009670816e-05,0.0069365493416507105,0.030135035941014666,0.04160324968921519,0.017897232521435512,0.06497759762759389,0.07367623806571222,0.09249648634758441,0.09934816782423717,0.08314782742571922,0.1984607179689734,0.2088032720303099,0.24046357233785584,0.2511013331563348,0.22427889618333033,0.0,0.0,0.0,0.0,0.0,-2.9021815980767074e-05,0.0022932306310938936,0.009305952144327183,0.011740459124918405,0.0059128473623896345,1.7665215426177653e-07,1.996024517674742e-07,2.657775459313986e-07,2.8644750154840176e-07,2.3309231247526095e-07,-0.12302338277879137,-0.10639804077289725,-0.04817075679178866,-0.026091359434649054,-0.07553862857441436,0.019738783614967618,0.020765431558447494,0.02454762765699261,0.026095210297404768,0.022693433827235036,0.024054206096009514,0.03403880821336819,0.06110086127725106,0.07127875949524523,0.04670961257663427,-0.0843608765136067,-0.06845818685063573,-0.021925397801444344,-0.005198192530961946,-0.043786552151880695,0.15092497641734626,0.1785411392682467,0.23726131279438278,0.25932355512311167,0.20680809450940407
1879,-0.16777170271031244,-0.03754922384643861,0.23094520064590662,0.29990042328623595,0.1293652414856412,0.30421371337434133,0.3167519129873186,0.3556044345920486,0.3703839047159974,0.3360578127716225,0.11952908614175618,0.1476314596669992,0.22990788149225744,0.25723620711220735,0.18990342237568147,-0.5008282816193828,-0.3715563003759842,-0.10254575545138707,-0.03962951294235766,-0.20592372128207398,0.02046084845151104,0.1488124545295003,0.4304088799764514,0.4938740229880217,0.31616532573556166,-0.47344937796758235,-0.33937901623862,-0.08836483414883213,-0.049456798300961,-0.17599219832679736,-0.056658347185529014,-0.041138915795826035,0.007193129786968088,0.02394166744293249,-0.016540628132864547,4.4872403385957504e-05,0.007116413420802274,0.030916434619632015,0.04268201808348463,0.018361306095813545,0.06596736928304049,0.07479851181512535,0.09390543964468759,0.10086148940156835,0.08441437721830485,0.20212924950100622,0.21266298490081645,0.24490852349219253,0.25574292252397735,0.22842467480913722,0.0,0.0,0.0,0.0,0.0,-2.948574036536064e-05,0.002329888764753289,0.009454711206285096,0.011928134674855843,0.006007366398538515,1.7996652667965782e-07,2.02855039581462e-07,2.7037694021573324e-07,2.9147422207928114e-07,2.372883466730985e-07,-0.12603205347916188,-0.10909344781011332,-0.04927539059393481,-0.026744673549382453,-0.07737254523519363,0.020175029623470855,0.021224367469034746,0.025090153721033678,0.026671939418882303,0.023194980433118934,0.02431946937949872,0.034414178990383154,0.06177466506116023,0.07206480238983416,0.04722471355951985,-0.08314574722749193,-0.06717711039958743,-0.02094370975161094,-0.004020862387523158,-0.04259519992429356,0.1699830667909097,0.20108646773769767,0.2672215463403656,0.29206970401674165,0.23292284005188985
1880,-0.1594049109935277,-0.03835815972330009,0.22868145828098416,0.29780177709374234,0.1250948278023695,0.3100991064629591,0.32286260962012,0.3624394980346839,0.3775121624556599,0.34252493822643637,0.0436549289096389,0.06373832604374267,0.11763067985638456,0.1391814292418579,0.09197376023640103,-0.5034990261324612,-0.3770509536372185,-0.11281595158245664,-0.04580125366855498,-0.21849750629139364,-0.07045520817277026,0.05651119245802355,0.32881997132597623,0.3923501449382931,0.21545276406356767,-0.47262699443118944,-0.34190914311766096,-0.09352312304465062,-0.05356397873769974,-0.18531006049451942,-0.059917435891009216,-0.04362190435442023,0.005310195153354472,0.023002998778612806,-0.01868352955755049,4.477336603281861e-05,0.007100706868537259,0.030848199320825213,0.04258781510395494,0.018320781073334548,0.0670794450530211,0.07605946269924063,0.09548849449791608,0.10256180911579524,0.08583743204924252,0.20614673230367034,0.2168898342396005,0.24977627906831384,0.2608260205698048,0.23296480052085558,0.0,0.0,0.0,0.0,0.0,-3.000773687403267e-05,0.002371135611050022,0.009622091308633863,0.012139302669218276,0.006113716934339703,1.9136642408084612e-07,2.153411744365619e-07,2.8522063277406744e-07,3.073002408599722e-07,2.5148226753911216e-07,-0.12860794971756717,-0.11138294193740439,-0.050259456613365755,-0.027323900600306567,-0.07890857037838314,0.02061407901908425,0.02168625257569726,0.0256361661449387,0.027252374694579442,0.023699750058268722,0.0242872380588627,0.03436856884897113,0.06169279324867539,0.07196929275036991,0.0471621252332316,-0.06680341169085072,-0.05254494278766838,-0.008565397359851502,0.0073444721349710095,-0.028587761099408002,0.08849106481743747,0.10468310747901953,0.13911220466982266,0.1520478456901063,0.12125672589403869
1881,-0.1613184076919713,-0.03582732338555583,0.2331798902861088,0.30291376256433766,0.12779677178891025,0.3161338146031424,0.32917730154363634,0.36947162769953995,0.38483312108213635,0.34915288111796955,-0.046708512144150234,-0.03412654773966976,0.006691771146258446,0.021490505017846606,-0.011826506905954383,-0.5148091489861311,-0.38573383866594363,-0.11513271357428963,-0.04550464534914713,-0.22325724717633377,-0.18084981963478156,-0.05216931540009906,0.22909494488382404,0.2954412394651286,0.11491116794920915,-0.4763167864230058,-0.3489864486676205,-0.09708082610952246,-0.0556264569590803,-0.19075691215362797,-0.06134335696393522,-0.0446657926096569,0.005920807315815651,0.02388064644975847,-0.01881680936961,4.625934566762606e-05,0.007336371656206999,0.03187201772053246,0.04400125866522383,0.018928827999017683,0.0681325083950317,0.07725350108042109,0.09698754436423583,0.10417190116984791,0.0871849723127604,0.21046241452412642,0.22143042331887183,0.25500534593064417,0.26628641379082013,0.23784191904883167,0.0,0.0,0.0,0.0,0.0,-3.0502759559698287e-05,0.002410251053950186,0.009780822155325653,0.012339558697676868,0.006214571876814725,1.9432259811145517e-07,2.192195116165279e-07,2.896837041288668e-07,3.122479950842531e-07,2.55531681850102e-07,-0.1307771482425388,-0.11327410493831083,-0.05109164610496316,-0.027784321839385655,-0.08020646605692193,0.02098029196503639,0.02207151288420078,0.026091597402292714,0.027736518197272624,0.024120780523861338,0.025194710697305757,0.035652722105809095,0.0639978936362375,0.0746583660744248,0.04892429918303422,-0.044489323187067754,-0.031935772624490905,0.009133843872608596,0.023903288164661005,-0.009348612316047129,-0.0028561350220869257,-0.0026131461314289352,-0.0019664145067934537,-0.0016622559051706004,-0.002277740798744469
1882,-0.14879866082776813,-0.031737440799067755,0.23351293431949766,0.3066141313629457,0.128356684508242,0.3223217696381643,0.3357432904631718,0.3767950778558192,0.39247062903568614,0.3560512464503528,0.09707259918271702,0.11849700114003951,0.1812053292863597,0.20268754553425908,0.15133824713029814,-0.511666513881391,-0.3872650541023616,-0.12035395003124295,-0.05169084905237618,-0.22624360383448386,-0.00863858907180258,0.1198812958882199,0.39393730959862094,0.457259666628746,0.27651209124959575,-0.46939520233953247,-0.34546529718331065,-0.10017319897419372,-0.05677840471301207,-0.19317134618226817,-0.0634336378692278,-0.04613903701246457,0.004115985211338391,0.022528659340934912,-0.020316381462734345,4.565844473100011e-05,0.007241073451357205,0.03145800569714516,0.043429689890026955,0.018682945781928705,0.0691738576399275,0.07843425718218117,0.09846991905536581,0.10576408283434234,0.08851752276808425,0.21502551176774,0.2262313211731664,0.26053419151456414,0.2720598475106986,0.24299863934818505,0.0,0.0,0.0,0.0,0.0,-3.0993025259479586e-05,0.002448990611835131,0.009938027656979768,0.012537890339378625,0.006314457640398336,2.0674063835808188e-07,2.3064945685506835e-07,3.0542157395213013e-07,3.289680977898554e-07,2.6939377337993666e-07,-0.13297211839678635,-0.11515991890129444,-0.05191050161431323,-0.02821099067935866,-0.08150496480668157,0.021355805923989505,0.022466557967321794,0.026558595623874838,0.02823295789283026,0.02455250424832852,0.024924151862232898,0.03526985765953643,0.06331063845171225,0.07385663110726365,0.04839891504376989,-0.04910415484791149,-0.036435175612879636,0.004984764942174191,0.020734031149753727,-0.013637798560076728,0.12006221747569851,0.14203113096342015,0.18874357320764118,0.20629429144760092,0.16451775582897565
1883,-0.13518363102097303,-0.019182457649279314,0.23536205152464834,0.30767899281544847,0.13289939370817433,0.32795774154414215,0.3416270274122387,0.3833793080023954,0.39935898324503594,0.3622649505651192,-0.17015643274850306,-0.1527126233198491,-0.09899831053368917,-0.07810119264956636,-0.12612133682549587,-0.5070089348495095,-0.38220970616568456,-0.12417904511574406,-0.056005708067931856,-0.2300811051718175,-0.26399821021884456,-0.14522760653930009,0.12553608353216414,0.19483599981097915,0.005902509446542761,-0.4616002720696627,-0.3365041097711428,-0.10225574833759754,-0.05771708787166538,-0.1954378416136577,-0.06433360580469849,-0.04704185682068287,0.003984449959993018,0.022128660809330736,-0.02099465480357154,4.471531454303385e-05,0.007091500354737485,0.03080820268696841,0.04253259731863922,0.01829702702646329,0.07025354715562461,0.0796584862195713,0.10000687163894205,0.10741488525117396,0.08989913490522514,0.21894971188080276,0.2303600265013277,0.265288921757469,0.2770249201459611,0.24743334702619418,0.0,0.0,0.0,0.0,0.0,-3.150208171236658e-05,0.002489214967591852,0.010101258482799443,0.01274382357530557,0.006418171794838396,2.1890345370608633e-07,2.425560298429401e-07,3.2104347922953755e-07,3.443353805461727e-07,2.8336899459325783e-07,-0.1351325821400121,-0.1170452373409851,-0.05274709924133587,-0.02863650754823498,-0.08282421608475213,0.02170898519755445,0.02283810669981379,0.026997817891708267,0.02869987052514532,0.024958550063011828,0.024695095135750144,0.03494572233153565,0.06272880410583599,0.07317787749333993,0.04795412169206345,-0.0527618373082878,-0.03966575003751389,0.0022838445952948804,0.01851652372252238,-0.016332055949087678,-0.13522104678044414,-0.123716964551592,-0.09309805942527632,-0.07869795432496972,-0.1078375121340388
1884,-0.14786297770257215,-0.026381285702802394,0.24030773057049257,0.3150535539390665,0.13310978199583617,0.333775061585146,0.34768725781846216,0.3901714852005012,0.40645307404846515,0.3686872851263266,-2.7539800224582107,-2.517579730545388,-1.8930552517243764,-1.5963554737097139,-2.1978115397997193,-0.5229876961375639,-0.39669491140960605,-0.1258224769950103,-0.055290859023249955,-0.2359503478711943,-2.7231865661798564,-2.464830043750359,-1.7291088775459431,-1.4484500507310298,-2.0718631329588417,-0.4788186586956597,-0.35211611980542784,-0.10629218720905816,-0.059329697905535654,-0.20276769959726518,-0.06630993914858069,-0.04825530598472984,0.00411842927039022,0.023354723546130107,-0.021480134945174922,4.6867667229834836e-05,0.007432846714434451,0.03229114244723755,0.04457988583826475,0.01917774665649022,0.07141935070022806,0.08098035748945619,0.10166640870378402,0.10919735260035418,0.0913909418583621,0.22295452804072965,0.2345735490897289,0.27014132988250134,0.2820919917916502,0.25195915826459747,0.0,0.0,0.0,0.0,0.0,-3.2052593781852345e-05,0.002532715041514458,0.010277782204709339,0.01296652722878663,0.006530332034575969,2.28401761544694e-07,2.5518880644301687e-07,3.358070547763945e-07,3.6144805858254696e-07,2.972428405545379e-07,-0.13726858674865444,-0.11892999262036208,-0.053584914094045345,-0.029060825046469015,-0.08414262791841667,0.02205886431828891,0.023206183632874248,0.02743293600983956,0.029162420265409637,0.025360801733063973,0.02590629973087625,0.036659682906916576,0.06580542378930361,0.07676698622097539,0.050306096941779344,-0.030787021256061746,-0.014513631793629602,0.026334156878912017,0.04126110390801138,0.005919412012925734,-2.757054874447309,-2.5224953384854376,-1.8981990204291501,-1.604591768417434,-2.1987253135243474
1885,-0.14784866445289166,-0.025478517303595287,0.24476714069986816,0.3205253578176538,0.13503559283051264,0.34036050513428867,0.35454267940546796,0.3978616002665168,0.4144680042917262,0.37596608215535865,-1.7867021537334309,-1.6339832697502958,-1.2279238037552165,-1.0397037539950034,-1.428545279827836,-0.5277042141624593,-0.4013058956494246,-0.12841663077805468,-0.05695400267248651,-0.24035265612053125,-1.7796425017823276,-1.5651139276994634,-1.0548969929768917,-0.8667785782791716,-1.2987847613819063,-0.4830771813654208,-0.3576321005005516,-0.10777713329222977,-0.060224394602438294,-0.20494966361254444,-0.0681905085603148,-0.04976948635827,0.003220633543800698,0.022459005599076584,-0.02251636917740959,4.708483634678149e-05,0.007467288043665916,0.03244076881665073,0.04478645414032258,0.019266609929458188,0.07273468889854298,0.08247178182298402,0.10353881036443305,0.11120845250005754,0.09307409909274868,0.22755677732208832,0.23941563934558027,0.27571761376532916,0.28791496241220194,0.2571601239738166,0.0,0.0,0.0,0.0,0.0,-3.2674763716266686e-05,0.0025818773390181775,0.010477283284832514,0.013218219289978997,0.0066570917059245146,2.3189870363237708e-07,2.584297789036521e-07,3.4035859566938044e-07,3.668662303333621e-07,3.014426824012298e-07,-0.13940272630439204,-0.12081106457119123,-0.05442212119656815,-0.029483907267600452,-0.08546017035712346,0.022395815707771296,0.023560660441238192,0.027851976889402566,0.02960787919236591,0.025748190551411174,0.02633385928818956,0.03726471712476153,0.06689148154963423,0.07803395444823626,0.05113635262329423,-0.043605743223232206,-0.03051441178308509,0.011020340475596413,0.02645583150188212,-0.008178738532773691,-1.7757710062452654,-1.6246952960518173,-1.2225969152090115,-1.033489599943743,-1.4161606642801283
1886,-0.1382577869806371,-0.018742466137147452,0.25259748705232565,0.32914081707159365,0.14357611126368774,0.3471849511019566,0.36164650119889863,0.4058230158696207,0.4227699799633585,0.3835070179633743,-1.1325367779726436,-1.0361525908095435,-0.7763438999535197,-0.6633333400739865,-0.9054693023789004,-0.5294736870383636,-0.4015833192036575,-0.12834322655692404,-0.05640442567280442,-0.23972973448711726,-1.123411002053451,-0.9716079121339424,-0.583048257083819,-0.46505647634841035,-0.7714972520426777,-0.4837497631615928,-0.3567988170945895,-0.108091769038292,-0.06042453225511412,-0.20550108406892528,-0.06776900076120813,-0.04942602270130813,0.0038420158618594213,0.023335858008828866,-0.022167331545456567,4.741360179145453e-05,0.007519427680641533,0.03266728343607067,0.04509917134724515,0.019401137222579662,0.07401900275301153,0.08392802854104879,0.10536704845330037,0.11317211740937005,0.09471755638619686,0.23245500242489125,0.24456912986538257,0.2816525147290509,0.2941124148148781,0.26269556963055296,0.0,0.0,0.0,0.0,0.0,-3.3283361087077366e-05,0.002629967166810868,0.010672432272465844,0.013464420718596376,0.00678108613002051,2.4227409611431376e-07,2.710303996859558e-07,3.56252156144729e-07,3.843509208167114e-07,3.156880406458592e-07,-0.14153500417359166,-0.12268336712755513,-0.055258725827917174,-0.02992060686253284,-0.08677685448961561,0.022701023140289465,0.023881742235066648,0.028231540218012215,0.030011371742426254,0.026099083737563707,0.026836216235499723,0.037975596199959126,0.06816753456201587,0.07952256645584797,0.05211185346877552,-0.06262527693677843,-0.048262156624076354,-0.0035348957027433806,0.012567569875504525,-0.023811829723630086,-1.1013855646306594,-1.0076839523235561,-0.7582906743253793,-0.6410007385922701,-0.8783446217729671
1887,-0.14774444822922791,-0.023562661826538985,0.2546620965447417,0.33446258106857385,0.14248594804824327,0.3544000207785385,0.36915868354175696,0.41430999715551536,0.43159759349029264,0.39147835183229773,-1.0149677622497126,-0.9259937454403009,-0.6956815575668985,-0.5950022845830166,-0.8100128871553769,-0.5443203412882986,-0.41294396786960497,-0.13281111553908048,-0.058467792730187824,-0.2487203463775949,-1.0241246895022786,-0.8713866739888969,-0.4960568402736719,-0.39224390516653684,-0.6747724592820253,-0.5001690439699874,-0.37070292125963933,-0.11369666482551492,-0.06320662241227644,-0.21454805398005394,-0.07147557378472655,-0.05230352043250287,0.0033603603982829758,0.023225749469470983,-0.02391077112208758,4.899112282618359e-05,0.007769610220822944,0.03375417253162016,0.046599687839581155,0.020046641907098286,0.07542801326747424,0.08552566523263004,0.10737279391901543,0.11532643856262718,0.09652058031098132,0.23753147878412897,0.2499101610026329,0.2878033926091854,0.3005353986405261,0.26843245562997076,0.0,0.0,0.0,0.0,0.0,-3.3952362954547076e-05,0.002682830005433967,0.010886950184345115,0.013735058127527896,0.006917387246743305,2.534865227810969e-07,2.822311521663351e-07,3.7195871395621607e-07,4.030523352367471e-07,3.300879863520005e-07,-0.14373752568134524,-0.12455470613676237,-0.056072667954476255,-0.030362889823608973,-0.08809261987085867,0.023069173837849233,0.0242690410809578,0.028689381310028978,0.03049807700559524,0.02652234201205981,0.027718491419408305,0.0392240928519214,0.07040863008623283,0.08213697328313777,0.053825097791280314,-0.07504302772527933,-0.059272923705131306,-0.01212718011297827,0.004091908933697301,-0.03402418099209406,-0.9708065129505874,-0.8882140599323645,-0.6683885725264922,-0.5650044015604943,-0.7742090570419485
1888,-0.175728966425747,-0.04370751170412303,0.25185845632980264,0.33429346803242743,0.1288615289009389,0.36207474660531236,0.3771465116652546,0.4233843339201631,0.4410003744559323,0.3999413964898869,-0.2630007747679709,-0.23657378797936626,-0.17024930022215318,-0.14125498128651454,-0.20335148716388463,-0.5782432356273394,-0.44425466218983706,-0.1457792406959752,-0.0659659850340663,-0.2679328545547655,-0.38742298337334874,-0.2520325003231758,0.06231750005321534,0.14945284708475756,-0.07276232930213172,-0.5318414722243076,-0.395947130483169,-0.12313663573047949,-0.06966940704588159,-0.23223357504322115,-0.07983534327550754,-0.059081727841128404,0.0018802016291138502,0.023411334764820248,-0.0277699655576273,5.215351109366389e-05,0.008271140350932425,0.035933012146527936,0.04960770842761665,0.021340657261559697,0.0767886689365404,0.08706847374909954,0.10930970561031647,0.11740682707646752,0.09826172751998949,0.24318511882324834,0.25585843404694514,0.29465358691681415,0.3076886356414667,0.2748215897637584,0.0,0.0,0.0,0.0,0.0,-3.459960918851261e-05,0.0027339737688212603,0.011094492072243204,0.013996894532205869,0.00704925591374388,2.636295078141809e-07,2.949872605912208e-07,3.884370261249932e-07,4.195426391585176e-07,3.448729328911353e-07,-0.1459420412676899,-0.1264251015477161,-0.05687199644586902,-0.030804505642554325,-0.08941850425714529,0.023358195173012727,0.02457309491078537,0.029048815217351434,0.030880171093490758,0.026854626243557146,0.028806862209329716,0.0407642328355608,0.07317323567694624,0.08536209405689418,0.055938548459078,-0.08025248322646661,-0.06381485541997403,-0.015887067610241678,0.0015452646282685272,-0.038362757303872154,-0.20579397785975995,-0.18828582435947477,-0.14168667109388725,-0.11977103753868766,-0.16411876045152357
1889,-0.15757329960993055,-0.027469441181972226,0.26040526764695066,0.34239447794183253,0.14104626277883914,0.36996506999580475,0.38533046041717994,0.43262956219637644,0.45062822769018623,0.4086251735914975,0.01532752547421555,0.0354880413775392,0.09153068936431623,0.11320789196357511,0.06504819164025191,-0.5696575538344394,-0.43485817291831497,-0.14424799192030557,-0.06579796657384494,-0.2665464599902577,-0.10350029588531112,0.0411453102690246,0.33428539805263546,0.41422124552226125,0.2057237333510561,-0.5208478542020032,-0.38802788946048855,-0.12140536135852818,-0.06929088230552077,-0.2285824687745125,-0.07916669216352117,-0.058472565995637694,0.001959729834735878,0.022668140619121487,-0.0277804025316804,5.114991868802121e-05,0.008111978417859642,0.035241551545968246,0.048653105019422715,0.020929998015230905,0.0782537623746157,0.0887297012624773,0.11139528587398752,0.11964689679400785,0.10013651730599885,0.24884937912206714,0.26181788081368335,0.3015166491895123,0.31485530986764915,0.281222725769488,0.0,0.0,0.0,0.0,0.0,-3.529799631504627e-05,0.0027891585564303475,0.011318432475629518,0.014279419427197671,0.007191543925003686,2.7538203774935327e-07,3.0752300815369434e-07,4.040350639266837e-07,4.368411906366479e-07,3.5938997666241953e-07,-0.14814681974282953,-0.1282944760061324,-0.05766952945460383,-0.031245424119808036,-0.0907492054713713,0.023729013229753664,0.02496319984977723,0.029509973501616917,0.031370402678247186,0.02728095114770237,0.029088689195421385,0.04116304270235235,0.07388911345369104,0.0861972194349972,0.05648581363513244,-0.08237351711651655,-0.06573665611481151,-0.01702894086302537,0.0006640814066588871,-0.039848963264175766,0.07642845283984545,0.09041328590174381,0.12014919919868985,0.13132152526021443,0.10472768042316988
1890,-0.17624092152691617,-0.03854876569269928,0.25873951219538116,0.34512880134296675,0.13444295956263397,0.3776549110671529,0.39335916460638687,0.4416545260350366,0.46003050903924947,0.41709244785438626,-0.07084951535112018,-0.05452184416057335,-0.006947343452938012,0.010591086543938744,-0.028984785522842976,-0.5914545077492082,-0.4563546152533904,-0.15503027186606483,-0.072050783153476,-0.2818521674533193,-0.21423507586849283,-0.06855985500353531,0.23917449472973748,0.31900206214602106,0.10415166653043613,-0.5429823894635065,-0.40917142616986973,-0.12942395691853611,-0.07306640187975551,-0.24316086989990932,-0.08569941866464353,-0.06359388944524895,0.0005313098162262055,0.022210386008505948,-0.030723607315045347,5.3390241614639654e-05,0.008467276171911028,0.03678510152460249,0.050784069631331544,0.021846714123688403,0.07971467661220953,0.09038619010005233,0.11347491698942297,0.12188057667988367,0.10200595922669617,0.2544246703816218,0.2676837220211055,0.3082719127339389,0.3219094165056584,0.2875233185638211,0.0,0.0,0.0,0.0,0.0,-3.599573775651561e-05,0.0028442923236357315,0.011542165837722733,0.014561683117338952,0.007333700385666108,2.872290491155452e-07,3.195364266617921e-07,4.2047957080227117e-07,4.5401927011138985e-07,3.7371134386381683e-07,-0.15032079946784874,-0.1301615382526046,-0.05845548668466383,-0.031680010832891084,-0.09205967373212495,0.024008235316292086,0.02525694475527504,0.029857220826865274,0.03173954189219424,0.027601969305029818,0.02991780774810305,0.04233631806584724,0.07599518411208629,0.08865410958026981,0.0580958358583263,-0.07808994590492861,-0.06171493360738518,-0.013491200986298546,0.0033745605771983364,-0.03594828239806396,0.005136474342938629,0.006076343377880957,0.008074784403943207,0.008825635219754142,0.007038361022645764
1891,-0.1543682929969782,-0.018695490718185225,0.26413080147105994,0.3522371990480281,0.14252096940728576,0.38555837488364547,0.40155742699795255,0.45093155776309557,0.46969312767115096,0.4257919807588416,0.08163175521597449,0.10140753468261524,0.1614549336255297,0.18207998027158945,0.13332752234910766,-0.5843074651527036,-0.4517466360811945,-0.15809754259859934,-0.07610626689255454,-0.284966942989644,-0.02419939295260029,0.11302726069548115,0.40484239296095326,0.48651333516481404,0.2695285525820029,-0.5256729304637875,-0.39516252074735797,-0.13175172854249692,-0.07285435573246192,-0.24460730780479578,-0.08569848626457366,-0.06447549614430553,-0.00025225180455809673,0.02278070387731961,-0.03115522803111812,5.224572749043814e-05,0.008285765152683689,0.035996547905404214,0.049695423406483696,0.021378391221866244,0.08119792910920987,0.09206800765056994,0.11558634691832124,0.12414841087779083,0.103903986041356,0.26020957631057245,0.27377010172744765,0.31528115445970656,0.3292287369525924,0.2940607952471026,0.0,0.0,0.0,0.0,0.0,-3.670558908725827e-05,0.002900382983719188,0.011769782280396613,0.014848845731107715,0.00747832409120721,2.99070371981832e-07,3.3221176538470154e-07,4.373731355991526e-07,4.726479913995764e-07,3.8889334584493696e-07,-0.15246406340465274,-0.13200755983078696,-0.05922984745168309,-0.03210826226449112,-0.09332235410156092,0.024262090982738252,0.025524003889725186,0.0301729218599225,0.03207514600693196,0.02789382400492107,0.02973313222184156,0.04207498602291773,0.07552608387795808,0.08810686880381224,0.05773722405257265,-0.04824312312729171,-0.034924924415819666,0.009129278927070704,0.025108819542543986,-0.01066500879854317,0.1048356761846372,0.12401844615965672,0.1648067188725103,0.18013161835293712,0.1436532702738119
1892,-0.14604250543516226,-0.006021271163744859,0.27204924409787357,0.36121085494316446,0.15154843652215022,0.39368771985972567,0.41002630074842106,0.46044791033023097,0.47963885206442597,0.43477253978031655,0.15755440444673854,0.18252894242390064,0.2592608927258536,0.2831677525435332,0.22074431164686,-0.5797954124861968,-0.4455752928783867,-0.158948778225524,-0.07824829855249142,-0.2854155807303953,0.07969906724974078,0.20799514838323147,0.5005532046668608,0.5878610075274269,0.3679488718568298,-0.5200500647420195,-0.3899380739103009,-0.1330290024477361,-0.07318711118043636,-0.24396967092394917,-0.0857065370793216,-0.06425315604377234,-0.00033014880751601906,0.022352863964140584,-0.03145525516826547,5.1683611471696186e-05,0.008196617933502756,0.03560925812748423,0.04916074631618839,0.021148379377109314,0.08294099623896449,0.09404442157637169,0.11806762648015294,0.12681349133718647,0.10613448163041936,0.26587192673088034,0.2797275390845337,0.32214190264116205,0.3363929947154809,0.30045977291415105,0.0,0.0,0.0,0.0,0.0,-3.7541704791253054e-05,0.002966450735813341,0.01203788585922339,0.015187087219957289,0.007648672650315103,3.0964926685351625e-07,3.4467180452218825e-07,4.5455114526954264e-07,4.912531348888294e-07,4.037614353166919e-07,-0.15460763991626772,-0.1338262812883686,-0.060002279295992104,-0.032535766231415464,-0.09458349442153835,0.024581755957207,0.025860295187023274,0.030570464936603814,0.03249775182176805,0.02826133884709658,0.029904190311537255,0.04231704820053676,0.07596059402421404,0.08861375763591377,0.05806939286603894,-0.029884334958995503,-0.0123138190595798,0.030989874807980402,0.0462739274461907,0.009288598436693033,0.1543639722981209,0.1826094005797107,0.24266757951534473,0.26523253492901294,0.21152045029047775
1893,-0.14086995291799148,-0.0028874138410558024,0.2797518560665747,0.36795061805028917,0.15836830317100975,0.4010989947732119,0.41775695819398617,0.46911961314100076,0.4886972302225556,0.44297405837261117,0.03806472392741197,0.05523310345345907,0.10443234901834861,0.12111183486149499,0.07887071003344599,-0.5858821078645357,-0.4529795339663894,-0.15948537177980307,-0.07712852704351318,-0.28694224315855965,-0.06528399882513224,0.07592860154709555,0.37138149726029673,0.4551850945536031,0.23717546519420193,-0.5244509502708714,-0.395478986879255,-0.1330793936662171,-0.07332207112777005,-0.24560557082250858,-0.08674137158476701,-0.06511211182699876,-0.0006942559753559302,0.02223388942256136,-0.03181118649048481,5.2212955196312876e-05,0.0082805677222778,0.03597396827043471,0.0496642508472949,0.02136498115067571,0.08462224026326565,0.09595073605249145,0.12046090001778044,0.12938404672209092,0.10828586600129594,0.2708504204706409,0.2849654813497982,0.3281740605501727,0.34269200657010784,0.30608592952607905,0.0,0.0,0.0,0.0,0.0,-3.8350187809930473e-05,0.0030303350228744613,0.012297128915767449,0.015514150207341102,0.007813391380793292,3.211114264904583e-07,3.5713024014322585e-07,4.7171344258935734e-07,5.098064484763354e-07,4.188930676152055e-07,-0.1567515333087519,-0.1356227794584405,-0.06077273688981035,-0.032962504997270756,-0.0958430576391539,0.024954918293565,0.026252866335630252,0.03103453862357526,0.032991082608116444,0.02869035894033755,0.03065210553318883,0.04337541373910591,0.07786039749404704,0.0908300215605743,0.05952173056132908,-0.01481309114994722,0.002533214071680054,0.04872679220990878,0.06487187188965883,0.025291211368113534,0.039580386756456976,0.046822782497141745,0.062222269273563786,0.06800813788732495,0.05423584988619107
1894,-0.16777033887127124,-0.024177999730419966,0.2803505345895436,0.37349175022759507,0.15223796686707017,0.40837664439576354,0.42534134510344374,0.47765206993743015,0.49757775312427854,0.4510152676226564,0.13907883652648964,0.16320296210779223,0.2314631477061118,0.2533458806941994,0.1959871184554943,-0.6173663684901382,-0.47816727020111266,-0.16677093152706826,-0.08018705498715833,-0.30030741651656967,0.027363784580998706,0.17258471173496948,0.48371823487737736,0.57484849573594,0.3446091228636591,-0.5570484704932255,-0.4233342974979243,-0.1390944770693213,-0.07752507143745933,-0.2603280314365608,-0.09298595510934031,-0.07039306891641227,-0.0022498049431618075,0.022098870754606748,-0.0348930984931547,5.489998505810592e-05,0.008706709714407969,0.03782529284354909,0.05222011700328076,0.022464484944947925,0.08605941747157747,0.09758031015199974,0.122506741151975,0.1315814336323127,0.1101249331084206,0.275890216529374,0.2902679206345006,0.334280494994931,0.3490685808470475,0.3117813634064426,0.0,0.0,0.0,0.0,0.0,-3.9042974606821973e-05,0.0030850772865736683,0.012519273552835181,0.01579440955005687,0.00795453839197319,3.3213965689551497e-07,3.7064640834483584e-07,4.88977207864878e-07,5.283641418017826e-07,4.3293184261494074e-07,-0.15889573510755223,-0.13741262223648382,-0.061544517011342115,-0.03338845780312848,-0.09710099817393024,0.025400603576760685,0.02672173247375385,0.031588803597420605,0.03358029070818553,0.029202757762841702,0.032185036747136166,0.045544645655868084,0.08175424529252012,0.09537248847407735,0.06249845001007398,0.0024779740423640753,0.02040129980447779,0.07100498651027434,0.08933301969481831,0.04440891931034115,0.11014569723056032,0.13030009171351034,0.1731543270300738,0.18925544641701797,0.150929437283277
1895,-0.16543795783291032,-0.02189483116239799,0.2808710176132769,0.37710511083408516,0.15257381213921364,0.41498737609274117,0.4322288715171626,0.4854230977400029,0.5056487181012865,0.4583473025780973,-0.11272041149533936,-0.09351792019118403,-0.04071925884775117,-0.01699785271412581,-0.06749278465765646,-0.6255136806673873,-0.4836213543732257,-0.17269039317917104,-0.08500062171306379,-0.3088198039679795,-0.23148416323815765,-0.08728509621131696,0.22595268343982544,0.31609689274272584,0.08279388385888378,-0.5583404049860573,-0.4250418834098683,-0.14467166518708852,-0.08102009372452634,-0.2657448771649746,-0.09538938864367383,-0.07212530524064555,-0.002637629968238294,0.022444315079513093,-0.03632984415609462,5.5606889355513634e-05,0.00881881922603866,0.03831233964389902,0.05289251472946743,0.022753742600115354,0.08728972016822742,0.09897531516420069,0.12425809362942875,0.13346251762501304,0.11169927565165746,0.2804965028091871,0.2951142582723784,0.33986167027934105,0.35489665925771624,0.31698689129585794,0.0,0.0,0.0,0.0,0.0,-3.9637261488240986e-05,0.003132036335622512,0.012709833829357912,0.016034821826270015,0.008075617225276726,3.495729281709316e-07,3.9247125519961016e-07,5.181054421828613e-07,5.579164541885703e-07,4.568036307092653e-07,-0.16104027619537664,-0.13919833215245261,-0.06234417235744639,-0.03381361029279558,-0.09835729052130154,0.025868315132334247,0.027213770508407273,0.03217046097515216,0.03419861814108587,0.02974047991653072,0.03251017786307399,0.04600474880969963,0.08258014668128984,0.09633596468744497,0.06312982464358183,-0.014169251829821953,0.0031098959222343654,0.05034158695421819,0.06652073004418488,0.0262445011499781,-0.11752280527321117,-0.10752442079225384,-0.08091303365603672,-0.0683976687190611,-0.0937233311043191
1896,-0.15667840093956176,-0.009485443818411769,0.2851548395153127,0.38118165601606346,0.15289866112771228,0.42073262929146277,0.4383394324846302,0.4923255140575596,0.5126536891252872,0.46488924095700485,0.04464220019199903,0.06046548557676887,0.1118037629608657,0.1299313334039253,0.08719543566581242,-0.612648566831201,-0.4787648011412737,-0.1787908538250189,-0.08840281137689603,-0.3145304589218427,-0.06912944958873696,0.07676216235663504,0.38022197390910706,0.47141086243463753,0.23723899803344695,-0.5405156839092919,-0.41604760986942346,-0.1462024255557405,-0.0798332577649251,-0.26715811193631167,-0.09663214109664091,-0.07430641722436107,-0.0041330566059134925,0.021257381953283624,-0.03791124476324079,5.363890558176777e-05,0.008506712338895883,0.03695642738864971,0.05102059540532195,0.021948464751488907,0.08798128314732853,0.09975945863127231,0.1252425428548608,0.134519889972057,0.11258422617829705,0.2850651952998051,0.29992104296359623,0.34539729530604735,0.3606771723331294,0.322149934739836,0.0,0.0,0.0,0.0,0.0,-3.997189073295236e-05,0.003158477893743495,0.012817133928684573,0.016170192437541885,0.00814379392546259,3.6089902933419916e-07,4.060298409236384e-07,5.352793389530171e-07,5.766127783705568e-07,4.7146086799042047e-07,-0.16318515939273676,-0.14100129767594607,-0.06312422992768545,-0.03424150829962997,-0.09961189378143201,0.026229421541508972,0.02759365868040934,0.03261954162013441,0.0346760106628829,0.030155639460353018,0.03178782976898083,0.04498256299570978,0.08074528709312015,0.09419546269518606,0.06172713442442057,-0.037889665729108714,-0.021245483231849244,0.023137418013510044,0.03968471341094586,0.0014779732669450703,0.06242922142871838,0.07385248341328847,0.09814173495015066,0.10726765064846154,0.08554494181053932
1897,-0.18191989928658958,-0.027498345568877213,0.2821773623565464,0.38409107988516883,0.14601958092572367,0.4263868355477157,0.4444224839262665,0.4989575054975959,0.5195576512596312,0.4711792614531547,0.10004773582306234,0.122581655518904,0.19015080242462715,0.21365437608843504,0.1580082092459848,-0.6450948152158567,-0.5022379169623861,-0.18634127825597205,-0.09379073298283995,-0.32919510739717545,-0.02182250300657855,0.1275855967140007,0.4482586559803003,0.5443707367432056,0.29601957856693506,-0.5724831711870831,-0.4391202097123453,-0.15422975268391217,-0.08557993878989877,-0.28331110071371013,-0.10276687662605004,-0.07904927017902066,-0.004560090750263704,0.022491515808576147,-0.040532269874131235,5.703019650879834e-05,0.009044544646637124,0.039292977613514704,0.05424634508110539,0.02333614461867984,0.08865345371413896,0.10052161359712564,0.1261993867199197,0.13554761209038962,0.11344436142998984,0.2895479680145739,0.30463743026779944,0.3508288162236553,0.3663489758841538,0.3272158809210156,0.0,0.0,0.0,0.0,0.0,-4.029748038675896e-05,0.0031842051662122946,0.012921535449906412,0.01630190618090467,0.008210128917284176,3.7261541912121006e-07,4.1915504867982545e-07,5.529698283852712e-07,5.957411806646002e-07,4.865461757680719e-07,-0.16533039317254458,-0.14280278227017745,-0.06388079117858696,-0.0346713333297243,-0.10086482903718402,0.02660300810194221,0.027986676117712304,0.03308414288240357,0.035169902285029114,0.03058514727873284,0.033395741756958856,0.04725789927429266,0.084829595963317,0.09896011680279433,0.06484945514105561,-0.053800229148926765,-0.039735642558979975,0.00623298226923641,0.023623287524030135,-0.014560174830355054,0.12562313388075563,0.14860958056071472,0.19748560092182957,0.2158492150005729,0.17213771743344713
1898,-0.18562502573488182,-0.028910807627108098,0.28357592450509894,0.3867588413061678,0.14247340280669793,0.43317007158989146,0.4515223291769692,0.5069258059570408,0.5279029035063818,0.47873914030623477,0.11010896582377715,0.1338763518317973,0.207164236267437,0.23235487718818773,0.17251110468073738,-0.6564136077676216,-0.5110079456966174,-0.1945603229578129,-0.09922894260371047,-0.33949330482383616,-0.014277472527406868,0.13600195228719517,0.46354255896122204,0.5592290592653366,0.3084827222717996,-0.580068040735526,-0.4483578823411577,-0.16150429223124685,-0.08737468291773452,-0.2939907763169427,-0.10765551349061184,-0.08320016912092139,-0.00556236081966442,0.022263855767034265,-0.042882447236301656,5.798761088626201e-05,0.00919638310437357,0.039952622222923215,0.055157024578720175,0.023727908311253623,0.0898773151231784,0.101909315017677,0.12794156993760883,0.13741884760998693,0.1150104614544172,0.2944716528451862,0.30981770732010044,0.3567945652925459,0.37257864106757654,0.33278009841587014,0.0,0.0,0.0,0.0,0.0,-4.0890713088480615e-05,0.0032310809166428063,0.01311175769982799,0.016541892000218786,0.008330992974102076,3.909834928318433e-07,4.405692331172488e-07,5.824351921589662e-07,6.290746033333994e-07,5.113835258725938e-07,-0.16747604516078463,-0.1446028000507409,-0.06463494415009641,-0.035100533568401,-0.1021483853382616,0.026975769717185395,0.028378825703012946,0.03354771822292608,0.0356627033071344,0.031013706667896004,0.03395527217747391,0.04804968382113817,0.08625087715080812,0.10061814842167127,0.06593597818250554,-0.06324517594641504,-0.047729643011003506,-0.00017013737282012517,0.017486022984599957,-0.022190095868174876,0.14173336409762868,0.16766765116687093,0.22281165669741773,0.24353026735428485,0.19421309615702081
1899,-0.21072684952255824,-0.05250823107903917,0.2744464673025428,0.38573427774024927,0.1276340142804318,0.44097700615497104,0.4596875741755764,0.5161411288624843,0.5374765407610551,0.4874140627725645,0.12196370972449623,0.14903429790855133,0.22999463589981803,0.25613720600887,0.19138503493428244,-0.6882675339557824,-0.5423006240252417,-0.21080309452637713,-0.11245782750018471,-0.365417842132787,-0.02593413933364647,0.13053032792646632,0.47439168970290463,0.5790335636963627,0.3131019540018448,-0.6094082018251135,-0.48065993305134036,-0.1741823815641878,-0.0938148687616939,-0.31144461462638723,-0.1187903417313083,-0.09182576798851803,-0.009834556108184341,0.01992341000982473,-0.04853445584410453,6.024514044538629e-05,0.009554409696223952,0.041508027321603407,0.057304355904786344,0.024651665189147975,0.09133042844141276,0.1035569586160797,0.13001009633915248,0.13964060019977914,0.11686992101934357,0.30001509119094266,0.3156500356354358,0.36351123447170114,0.3795924459813882,0.3390446944828911,0.0,0.0,0.0,0.0,0.0,-4.1596439941157377e-05,0.003286845670882044,0.013338051613424884,0.016827386101370134,0.008474776366643148,4.026805249536103e-07,4.539764368075878e-07,6.003325244209881e-07,6.479101163742306e-07,5.267983204028796e-07,-0.16962202051985503,-0.14640123679023984,-0.06539464852028637,-0.035587100721914,-0.10343124967355337,0.027451755546386323,0.02887956837043688,0.034139665687022556,0.03629196955544385,0.03156094165098189,0.0345303729401829,0.04886350176578696,0.08771170906446468,0.10232231894332762,0.06705273646217791,-0.07438175742781165,-0.05817372398768956,-0.008408091632241646,0.009981653556637183,-0.030814967228635106,0.16225383645947924,0.19194294741522788,0.2550708249763,0.27878912226353125,0.2223317010978757
1900,-0.20992879916680068,-0.051365833999482205,0.2761456479834312,0.3904189773153123,0.12408700364826819,0.44924020184425534,0.4683367282746872,0.5259436133086411,0.5476466680994083,0.49665667190020535,0.07854726368458886,0.10374392377038262,0.17433028237614107,0.19963151377027472,0.14142281072355598,-0.6928593684566526,-0.5522002226651523,-0.2173817599362839,-0.11745396314256326,-0.37577946044538224,-0.06963994523036406,0.07883766324648107,0.42467293919089494,0.5299031353756561,0.25994275308900516,-0.6115174667790569,-0.48315388260497294,-0.17931517594580768,-0.09617585142517016,-0.3216018582240151,-0.12364494014813292,-0.09605738481571467,-0.011284033883375347,0.01899153711615374,-0.05202172253524934,6.035487964315999e-05,0.009571813477632932,0.04158363603602861,0.05740873833296958,0.02469656929164725,0.09278365335288737,0.10520472874686333,0.13207878159517827,0.14186252341120656,0.1187295233832625,0.3060295669536536,0.3219779489457029,0.370798632917307,0.3872022283993339,0.3458416062293914,0.0,0.0,0.0,0.0,0.0,-4.230366899990277e-05,0.0033427291256523943,0.013564827214928379,0.017113487903602544,0.008618865815676223,4.2171483192125636e-07,4.736487734591149e-07,6.288755595466158e-07,6.805266577271993e-07,5.51256766218285e-07,-0.17220599150931928,-0.14853742873704215,-0.06635165810892088,-0.03604921032402243,-0.10496858177452435,0.027930605179282062,0.02938332379289078,0.0347351746465057,0.036925021830345635,0.03211146911352904,0.034841898016173836,0.04930433703064607,0.08850302391295867,0.1032454473508779,0.06765767081542004,-0.0812606174445455,-0.06389826663306677,-0.012347372552727408,0.005347259381908638,-0.03633339519635646,0.12966817480881251,0.1533947806834888,0.20384459956923623,0.22279951851548963,0.17768051907173088
1901,-0.20431627562026244,-0.047842973486089145,0.2807163881446759,0.39498051419058944,0.12559323315926052,0.45685540636539596,0.4762551285092903,0.5348774232782044,0.5569586361630675,0.505113105688864,0.09805829906522458,0.12771747582180956,0.2092227610834717,0.23701723583479845,0.16998912336252905,-0.6951782518485522,-0.5542800874052836,-0.22076272318112328,-0.11745269396025956,-0.3800392267206072,-0.043488119078362864,0.10914318001892619,0.45678503333587706,0.569621853683783,0.29292143727530795,-0.6170690017933391,-0.48425381010268664,-0.18450131661089816,-0.09777585324658974,-0.32819861832334474,-0.1266164945438858,-0.09853883295207232,-0.010755958263685726,0.02058610455385015,-0.05321625636900531,6.11381461130795e-05,0.009696033434622,0.04212329526485867,0.05815377071614151,0.025017073528629582,0.09422375212064468,0.1068376155190017,0.1341287816086363,0.14406437726986435,0.12057232902996781,0.3113315106999082,0.32755619744579995,0.3772226968157258,0.3939104835977887,0.3518332911492354,0.0,0.0,0.0,0.0,0.0,-4.3005996123055656e-05,0.0033982252418475216,0.0137900309927366,0.017397606681254583,0.00876195655405115,4.339318020760807e-07,4.877096402960107e-07,6.470324519233795e-07,7.024058015989607e-07,5.678699638375782e-07,-0.17522796855788117,-0.15100225656798558,-0.06750275893038946,-0.03660669416340418,-0.10675552654075773,0.028450109169811565,0.029929848075749863,0.03538124234624835,0.03761182027485205,0.03270873638501005,0.03555522602998153,0.05031375864108331,0.09031497130556339,0.10535922054025182,0.06904284540950259,-0.09248210859367212,-0.07397784380077775,-0.020693990708747816,-0.0009856058087242422,-0.04601774851056934,0.15717408016737236,0.1859337003235479,0.2470852040727854,0.2700609415998783,0.21537105916649796
1902,-0.20011923272565274,-0.0437173046331273,0.28772090310227344,0.39732949545480106,0.1273550943812952,0.46499114221004695,0.4846606236418778,0.5442494186180575,0.5667567018881055,0.5139361894689218,0.03149500042134921,0.054485998319631336,0.11815563323897375,0.1421890727835576,0.08834784476537985,-0.6981375055154964,-0.5631684283605581,-0.22604711466829525,-0.12107334744227752,-0.38759118452872343,-0.11346794435857446,0.028614350911205847,0.38071242113932047,0.48656589205295553,0.21587106145326332,-0.6162023640986595,-0.4868634579679677,-0.18703620991164674,-0.10044033607847597,-0.3299840912989763,-0.12943100964800267,-0.10093840194193683,-0.011972597070192461,0.020085045037986013,-0.055116299519735165,6.092095520854945e-05,0.009661588650049626,0.04197365388411676,0.057947181690031505,0.024928201340416213,0.0959616459887276,0.10880816363147058,0.1366026969627247,0.1467215480174897,0.12279620471487324,0.31639862090967463,0.3328873743273772,0.3833622262648762,0.4003216169542715,0.3575595925368146,0.0,0.0,0.0,0.0,0.0,-4.3855684390653876e-05,0.003465365463652685,0.01406248666405315,0.017741338802679054,0.008935070360411546,6.311638958862829e-07,7.237787251716032e-07,9.822158329168388e-07,1.0694712193621091e-06,8.506175336686276e-07,-0.178249484788484,-0.15346557320203433,-0.06865381867601511,-0.03718459828245896,-0.10852782122093838,0.029248443337580223,0.030769704970933596,0.0363740699833769,0.0386672398185229,0.033626571240575366,0.03593664432113558,0.050853498926414,0.09128382415414175,0.1064894604049035,0.06978350176450085,-0.09017001451767359,-0.07198321165305395,-0.018669175513862744,0.0006847478210464616,-0.04364791083769485,0.09614170382857351,0.11373365588792639,0.15113937670315503,0.16519338961813793,0.1317401734534216
1903,-0.198895926524033,-0.05403123123957666,0.28225965299128597,0.397709173493339,0.11852764238851124,0.4735486624183588,0.4934454166238342,0.5540438742148902,0.5770403930435599,0.5231944070043713,-0.28920833897260984,-0.25992207163643627,-0.1864263886916251,-0.15295952364647267,-0.22404058661516646,-0.7196309992883483,-0.5801999009528404,-0.2367001074573033,-0.13101614258340957,-0.4054143032104323,-0.4317952645644008,-0.2844248495064594,0.07108495682431804,0.1867133091431073,-0.10561398811445508,-0.626471577169312,-0.5053032280731007,-0.1946555790799189,-0.10504632863056028,-0.3385826668922314,-0.13828447562438956,-0.10814608969222622,-0.014224408761424268,0.01983407071528238,-0.06046969240481018,6.168473407947945e-05,0.009782718025734292,0.042499886440101345,0.05867367773483707,0.025240731460945687,0.09774840282427458,0.11083411606411939,0.13914616940984148,0.14945342830300584,0.12508260732805163,0.3216401570164711,0.33840206711275356,0.38971309765986517,0.4069534417187542,0.36348301125850413,0.0,0.0,0.0,0.0,0.0,-4.473160855547043e-05,0.003534578779821592,0.014343354972405893,0.018095684370178073,0.009113529416558176,8.636241240456984e-07,9.962557148707352e-07,1.3754903687538915e-06,1.493545228757073e-06,1.179698798852332e-06,-0.18116665580718688,-0.15592792437307124,-0.06980481390793487,-0.037762126573150534,-0.11031723960969247,0.030193446641856164,0.0317638595156224,0.03754929889821253,0.03991655996093146,0.034713029776745896,0.03626612434596883,0.05131974201631981,0.09212074694471771,0.1074657939140968,0.07042330189967363,-0.06827703584852761,-0.052065532058397715,-0.002302947790753784,0.016172790068995635,-0.025078168472544245,-0.24705687691213615,-0.22603823599142667,-0.17009567930305064,-0.1437858327370441,-0.19702553408766554
1904,-0.22326035474178815,-0.0638258140016228,0.28538191142638397,0.40339183743845536,0.11317812954252238,0.4822800501805791,0.5024108877662012,0.5638952584074588,0.5873860775312009,0.5326032945721729,-0.014538408270025937,0.0046620559081283815,0.05154444069975509,0.06860943056594665,0.02827829520716365,-0.7398703272276053,-0.5984212698190345,-0.2481235095189869,-0.1356540465540891,-0.4181697508909984,-0.19120709741324077,-0.037795138513927753,0.31796509907038983,0.4379095043781739,0.14330722542791413,-0.6555295507157107,-0.5215299070911431,-0.20327042960368025,-0.1082457752237868,-0.3557790523217017,-0.14375041701731153,-0.11234135095222161,-0.016024311166306076,0.018627662299182397,-0.0632915425717764,6.407145944633599e-05,0.010161234065679288,0.04414430557505967,0.06094389835110924,0.026217353877413134,0.10009240302485138,0.11349191079813759,0.1424828853006628,0.15303731157677058,0.12808207993521742,0.32640263161856087,0.3434127326492607,0.3954835174573279,0.4129791365461552,0.36886504634226736,0.0,0.0,0.0,0.0,0.0,-4.588355649679606e-05,0.003625602797967946,0.014712731320937518,0.018561692345975666,0.009348225010761907,1.1028625460117932e-06,1.2826665084972156e-06,1.7860590357328767e-06,1.9523224127915827e-06,1.5270023909624689e-06,-0.18411076407808274,-0.15850514918009254,-0.0709574309471896,-0.03833954761745591,-0.11209446327314161,0.031077333697204657,0.032693719050599965,0.03864852217097173,0.041085082755364585,0.03572922372225784,0.03824613131592833,0.05412162528124971,0.09715022622649522,0.11333306053879186,0.07426817452181296,-0.035026261013869624,-0.016173980347515243,0.030660865853741504,0.047732262484574565,0.007120322695441648,0.015366467557545801,0.01817821469566554,0.024156825147574303,0.026403098355884457,0.021056222438152895
1905,-0.2351236376654356,-0.07926173990754767,0.281869954038142,0.4076606899653715,0.10642487686200955,0.49151821192679923,0.5117836975969782,0.5744604851268914,0.5984203816526039,0.5426100932112143,0.08886903516263149,0.11040070857130803,0.17468003362141604,0.19649156087815967,0.14416155549653423,-0.7683410289526864,-0.6231334024867315,-0.25786701312812155,-0.14190380878945122,-0.4394452793446398,-0.08420529115761007,0.05619813641205277,0.4323369093727316,0.552856614836599,0.253151329625339,-0.6781429136291305,-0.543105889116294,-0.21151004820649366,-0.11133351346606304,-0.371562933308584,-0.15277861798336367,-0.11944569031320966,-0.01756646905506793,0.018711909667329784,-0.06809359506248494,6.647207763832152e-05,0.010541953399402655,0.0457982966648805,0.06322733363315909,0.027199661088887765,0.10242798587107677,0.11614016133499062,0.1458076189740696,0.1566083250498152,0.13107078137274103,0.3317326645792872,0.3490205342012185,0.4019416154604559,0.4197229314689108,0.3748884746624217,0.0,0.0,0.0,0.0,0.0,-4.703512229798126e-05,0.0037165966203651433,0.015081985134826182,0.019027545731147302,0.009582842748489567,1.3990558695885017e-06,1.6311047354426408e-06,2.2854380747484735e-06,2.5108374423951377e-06,1.949615156260815e-06,-0.1871734278174296,-0.16110761129165949,-0.07209579865146999,-0.03891713544990494,-0.11388657228272593,0.03195100657846668,0.033612833154802485,0.03973504285033971,0.042240102133072555,0.036733674558961656,0.039632277734244034,0.056083143857268015,0.10067122125237206,0.1174405665933239,0.07695986020520605,-0.048337504679633464,-0.03275295416972633,0.015492416484723277,0.03286847671276001,-0.00713540441052073,0.10979342738089255,0.12988336373526227,0.17260054190468185,0.1886501664166692,0.15044673217977278
1906,-0.2432142115477693,-0.08733004066381328,0.28450456289751513,0.40853380868296346,0.10174854764932653,0.5013521193137864,0.5220600122482311,0.5859736125502434,0.6104289141836053,0.5536297196970115,0.13688124197156526,0.1618772146839081,0.23369039732956398,0.25786048971735454,0.19866557911888655,-0.7894885566378942,-0.6420612488438582,-0.26752071607637584,-0.14870917202161055,-0.4537270463986691,-0.03864557354333123,0.10131334807046652,0.4863149078109099,0.613033426420834,0.30329058938227604,-0.689834417164991,-0.5571298797774932,-0.21872659710782288,-0.1154928937786922,-0.38082526649661697,-0.16158784697805503,-0.1260287424148687,-0.02006841297107681,0.019220352921383268,-0.07230972614149465,6.777215690615551e-05,0.010748135837863616,0.04669403241004691,0.06446395130086839,0.027731639578655737,0.10489556437618613,0.11893807797127862,0.1493202502476597,0.16038115464641112,0.1342283895206778,0.33767786714221204,0.35527556421786766,0.4091450795070617,0.4272450663513829,0.381607101310782,0.0,0.0,0.0,0.0,0.0,-4.825578957832882e-05,0.003813050667193991,0.015473396592420304,0.01952135336605007,0.009831539084850514,1.793495710904286e-06,2.0995188906398573e-06,2.9606557963757587e-06,3.2559524670350658e-06,2.517967067521485e-06,-0.1902350491458698,-0.16362297827239936,-0.07323810825424525,-0.039495131142788645,-0.1156826553178662,0.032829814558844886,0.034537349443421364,0.040827949662893215,0.043401910251867536,0.037744029155201114,0.040500090104854315,0.05731117436180802,0.10287557932013376,0.12001211640897093,0.07864501994228594,-0.026041351217063833,-0.00752846222523432,0.0408851522485858,0.05756376453227043,0.016047795109802473,0.13238535371898902,0.15660914738232504,0.20811613533905457,0.22746825202546897,0.1814037901047562
1907,-0.2863338784248849,-0.12406987478762496,0.27554535684280523,0.40685692999363354,0.07657940615876954,0.5125064929692642,0.5337182129254778,0.598986342739997,0.6240184071577715,0.5659700177883964,-0.2253007730630251,-0.20105899536439306,-0.13106035978879407,-0.10284525867805701,-0.1651749718069505,-0.8555853835453947,-0.6900029548607676,-0.29072634532332625,-0.16685249693402815,-0.4903978804437554,-0.46948414772319563,-0.2951316232671374,0.11666209926435338,0.2578140812075526,-0.08732294811118664,-0.7356348983569323,-0.5995196473549581,-0.24082466482545858,-0.12577065935708806,-0.41527134833599566,-0.1796687087244688,-0.1405877069930208,-0.0237613001081587,0.019062798215224438,-0.0815757041199775,7.309184241678844e-05,0.011591796495767283,0.05035921851278094,0.06952396360309201,0.029908397822560336,0.10753468186853014,0.12193049775515118,0.15307706958252232,0.16441626054613934,0.13760550553945206,0.3446442516646094,0.3626049939276065,0.4175858516945165,0.43605924609816343,0.38947975765840337,0.0,0.0,0.0,0.0,0.0,-4.9565969892229014e-05,0.003916577807951939,0.015893510733784675,0.02005137252239135,0.010098472629547838,2.335796754426458e-06,2.737869243314121e-06,3.869241222792785e-06,4.2653084962720026e-06,3.2874412980238577e-06,-0.19329515444417392,-0.16608810611803526,-0.07437351179410624,-0.040077919705972256,-0.11742922107282408,0.033773076989134426,0.035529672568286035,0.042001013584827065,0.04464892891138522,0.03882848623021869,0.04268730996396588,0.06040628201190501,0.10843140671518525,0.12649340777558563,0.08289226850377435,-0.039429691789729965,-0.020796405750358658,0.027370847084087522,0.04497314030692485,0.0037510112827541884,-0.21187102467018842,-0.19384585959603737,-0.14587064451043738,-0.12330784755240047,-0.16896514808689483
1908,-0.26207618410713834,-0.09846655566633915,0.2912721379392836,0.42784451177465127,0.09853426520357883,0.52297895707255,0.5446089445687523,0.6111153756324449,0.6367687675082319,0.5774678441152326,-0.13540471212347222,-0.11519145354585145,-0.05806450746200447,-0.03334685138890115,-0.08714449866756188,-0.8389939595859303,-0.6767114256134091,-0.28325696446675025,-0.15703199484971428,-0.4809649271188656,-0.35126050181684876,-0.18934046665410179,0.21380481642421428,0.34657859528969986,0.015545409177055332,-0.7293262427851753,-0.5946327800171953,-0.23370905963229965,-0.12344600431208785,-0.4093044729178299,-0.17422519956048843,-0.1359477983300296,-0.022722648089804714,0.018539331280212124,-0.07836763341232189,7.234406683297452e-05,0.011473205116682227,0.04984401198933507,0.06881268966672155,0.029602416075443137,0.10967234000494253,0.12435432712883891,0.15612005476279472,0.16768465499347357,0.14034093492298041,0.3513408445384479,0.3696505721045984,0.42569973267517075,0.44453207344371876,0.39704752458630727,0.0,0.0,0.0,0.0,0.0,-5.063121155344634e-05,0.004000750514740508,0.016235084394371647,0.02048230441824412,0.01031550285780821,3.036401265391011e-06,3.558134640375544e-06,5.047885140599222e-06,5.566366351046323e-06,4.2769461250199375e-06,-0.19633618202764022,-0.16853174070025848,-0.07548187062553546,-0.04066211124494114,-0.1191730750032303,0.03483836421918343,0.036650367211744035,0.04332583049254993,0.046057267684306825,0.04005323369863838,0.043894841380539444,0.0621150447179493,0.11149869603986697,0.13007163193652266,0.08523711099897614,-0.03209368676526926,-0.012219029504299372,0.03595784574835374,0.0528103607802398,0.01144429410082622,-0.12266023382318365,-0.11222477684581458,-0.08445009123565325,-0.0713876257338888,-0.09782038202047529
1909,-0.26830287977185163,-0.10123878098419425,0.29822757675796674,0.43250866400787735,0.0986069221729736,0.5335919652672853,0.5556616314206483,0.6234392816919866,0.6496523984412487,0.5891264163112881,0.09809302306652258,0.12095003084773039,0.1880802846654653,0.2107340732623162,0.1562132946605923,-0.85855497794177,-0.6933621518571971,-0.29143683776958396,-0.16449180485531054,-0.4915839217915331,-0.11165641101497267,0.044582434892807644,0.454465891701803,0.5916690044561564,0.25957695112116896,-0.7348868315797393,-0.6007585859836022,-0.2415708566740692,-0.12619766020812376,-0.41578328527884056,-0.18088829503373427,-0.14143454852172646,-0.0241416740389757,0.018871965787805034,-0.08243485688860691,7.316088624516596e-05,0.01160274630878851,0.05040678870837672,0.06958963715095204,0.029936649816463184,0.11196940131974116,0.12695889920382697,0.1593899525168109,0.17119677057387883,0.14328034273063478,0.3579962057182143,0.3766527698447878,0.43376365555554397,0.45295273261485763,0.4045686959010898,0.0,0.0,0.0,0.0,0.0,-5.177932491612276e-05,0.004091471534162677,0.01660323117114157,0.02094676115707149,0.010549417202545439,3.49878432406736e-06,4.103724020881797e-06,5.82080881171532e-06,6.420915926050983e-06,4.925887380929673e-06,-0.19934061926175342,-0.1709791924685724,-0.07656283280305191,-0.041247376702595755,-0.1209277353170666,0.035914695108656705,0.03778267991426802,0.04466438156164796,0.04748020647619368,0.04129067792483422,0.044699834745321194,0.06325418082776195,0.11354348553382566,0.13245703298507633,0.0868002857737177,-0.048293602128875394,-0.03039472291494996,0.018788495434017956,0.03627519727349397,-0.004680906056311195,0.11687193047176349,0.13825708713186666,0.18372828878810699,0.20081265025498776,0.16014619856997386
1910,-0.29311938201419174,-0.1198277478090815,0.2977483186643947,0.4347167330068269,0.08859575146542636,0.5446992751221009,0.5672097714603103,0.63633068057388,0.6630410732424554,0.6013027328231653,0.13342833597331946,0.16115230368289138,0.24242052431181424,0.268683707774259,0.20341063419152855,-0.8928142782406137,-0.7205563905469942,-0.3034520024280092,-0.16971865340827383,-0.5153678612955452,-0.08973891773822246,0.07196352942974087,0.5005490657560235,0.6488407092876332,0.2977238340677084,-0.7633346148505911,-0.6279226584203881,-0.2540003091176254,-0.13186228686543738,-0.43689398728845974,-0.19152549471746882,-0.15008272381933288,-0.02688718588067226,0.01852278296202698,-0.08735495557209247,7.629302513577991e-05,0.012099479123504588,0.0525647869416868,0.07256888494428523,0.031218287450411768,0.11429145932032382,0.12959181430533373,0.16269543339008316,0.17474710509473423,0.14625173725666085,0.3650164883756475,0.38403890652942313,0.44226973304989126,0.46183510668090016,0.4125022621071248,0.0,0.0,0.0,0.0,0.0,-5.2943778064108176e-05,0.004183483682168975,0.016976617360229283,0.021417827977833682,0.010786660582809953,4.526186468031411e-06,5.314794520260775e-06,7.538254515265568e-06,8.311042327605473e-06,6.374012541471256e-06,-0.2012647229571759,-0.17258860036183873,-0.07727872566039785,-0.04163398497552702,-0.12207735687624566,0.03706794004623046,0.03899590709626898,0.04609858479712015,0.049004827737434135,0.04261654927475766,0.046433781416209755,0.06570786722036234,0.11794793914901644,0.1375951600651611,0.09016734669031914,-0.05967436677986159,-0.04445858851001127,0.005842366180301733,0.024940208700628717,-0.01676722157637293,0.16035577921118302,0.18969758477511675,0.25208698780647093,0.27552782671696585,0.2197308485941493
1911,-0.2733025469139534,-0.09510419485360981,0.31334306851085025,0.45565104979033194,0.10941596827359426,0.5558069247761949,0.5786944398957319,0.6491987688704675,0.6764256192770026,0.6134469535576428,0.07944234108817767,0.10547123362316811,0.17801796351696472,0.20359206094680019,0.1436427114415756,-0.8784933192108121,-0.7124391734124319,-0.29855460475468387,-0.16733872151446647,-0.5069013180155274,-0.12739934575299064,0.03411091409705844,0.4595028353901677,0.6051267278345166,0.2583953800395407,-0.7572361175878078,-0.6173209939839397,-0.24904313186722488,-0.13159345326889804,-0.42658535779891626,-0.19044902524495308,-0.14950045672068543,-0.0260964442781694,0.019256209720440422,-0.08728446927361645,7.515412693116154e-05,0.011918858745350067,0.05178010260956744,0.07148558050554901,0.030752262522638126,0.11630058000024913,0.1318698987362986,0.16555544376791287,0.1778189708727266,0.14882268517827085,0.3722060458869462,0.39160313963395094,0.45098091126383705,0.47093165482587607,0.4206271244939108,0.0,0.0,0.0,0.0,0.0,-5.3954834888880786e-05,0.004263374839975282,0.017300816453517057,0.021826839989076505,0.010992651299708736,1.3404204995746702e-05,1.514958793589167e-05,2.0253968602712608e-05,2.2021302705197725e-05,1.7741893268748173e-05,-0.20210997668880756,-0.1733607540180282,-0.0776299997032217,-0.04182215995223079,-0.12261040978623974,0.0383545920576,0.04034948008246724,0.04769869628905982,0.05070581678879631,0.04409579707686401,0.04676069019700189,0.06617047177476895,0.11877833064004174,0.13856387432120265,0.09080215386033143,-0.0813376291318512,-0.06399725274909894,-0.009782264676625239,0.009868914568452292,-0.0341458617799201,0.13002120310688947,0.15381240589058703,0.2043995770119604,0.22340610170330621,0.17816426345497532
1912,-0.27137624203798666,-0.0925706195283854,0.321993448497371,0.46152315054175497,0.11801528372742295,0.567395329049714,0.5907844190173874,0.6626721331017608,0.6906467528414861,0.6261842994226658,-0.6179526113488069,-0.5609980835041518,-0.4204810687857119,-0.3635098751231019,-0.49247775995618337,-0.8817864037841245,-0.7258416743776614,-0.30122546481862705,-0.16912829550499278,-0.515299818457185,-0.792543074799675,-0.5998950706816291,-0.14984328365321675,0.0028448598046943684,-0.3823603804358448,-0.7611898944032267,-0.6234527253256968,-0.25190689139618844,-0.13410472418122096,-0.4276732298520687,-0.19574928741448963,-0.15419022330845686,-0.027939277002213967,0.019689984633366263,-0.08955699049391914,7.542505725635086e-05,0.011961826183169164,0.051966769671127434,0.07174328573563513,0.030863124305294413,0.11807496715073981,0.13388182553712535,0.16808130780156547,0.1805319384007421,0.15109325906776716,0.3805533035779175,0.40038540514317605,0.4610948089869592,0.48149297676329866,0.4300602947466836,0.0,0.0,0.0,0.0,0.0,-5.4849800174480925e-05,0.0043340927374377995,0.01758779036735306,0.022188888434314134,0.011174989756127107,1.716145399505586e-05,1.948174864738985e-05,2.608991622697937e-05,2.8426512892190932e-05,2.278583969937553e-05,-0.2029547645824601,-0.17413921756879344,-0.07798483328759637,-0.042012110074980014,-0.12314618532223962,0.03930061563891234,0.04134470797054857,0.04887519404504011,0.05195648576527416,0.04518342861284356,0.04717003439879964,0.06674972966931902,0.11981811899093812,0.1397768657953031,0.09159703808973181,-0.08983428841433808,-0.07098269188113739,-0.015234505527596457,0.004211177921972121,-0.041148650908199476,-0.5621216901344334,-0.5142985568286564,-0.38701400231979743,-0.32715193491367167,-0.44828675730563106
1913,-0.2871146134303906,-0.10358211827027108,0.32257201196624313,0.46975126025608444,0.11212608392234324,0.5788860257452627,0.6028662183342509,0.6762255059157385,0.7044750192493109,0.6389196311389631,-0.8577063007684427,-0.7845681228464992,-0.5901208141051758,-0.5031850865038013,-0.6865621093358703,-0.9133408716256303,-0.7492623100430441,-0.311071210899152,-0.17462264274755515,-0.5338011803277902,-1.0221464386516108,-0.8213417962873539,-0.33875272173929705,-0.1741414185203898,-0.5787153525239523,-0.7903384660447168,-0.6497699298581184,-0.2619508884229568,-0.13855366176473166,-0.4459980815861664,-0.20503709105369006,-0.16187250226713548,-0.02952377785714675,0.019930958649933966,-0.09446876071883528,7.876975817630783e-05,0.012492269678932539,0.054271220057362665,0.0749247196321339,0.032231740041386195,0.11920159537773851,0.13515927703571162,0.1696850782735771,0.18225450824416548,0.15253493578115263,0.38942083931460747,0.40971506239532823,0.47183909804778695,0.49271257763989323,0.44008142712615017,0.0,0.0,0.0,0.0,0.0,-5.542005175880002e-05,0.00437915257798868,0.017770643637369556,0.022419577493229505,0.0112911716855582,2.1212004181550684e-05,2.4045737717309564e-05,3.216417227706524e-05,3.501084788756911e-05,2.8115963079409453e-05,-0.2037991532306641,-0.17492478780403273,-0.07834367976945492,-0.04220406083622733,-0.12369456536835072,0.040387282664859414,0.04248789440970762,0.050226599382897565,0.053393089211488644,0.04643275616648617,0.04858352133127604,0.06874993746726618,0.12340856253472963,0.1439653887799121,0.09434181489652324,-0.08846806210150365,-0.06966596054580214,-0.013577798133217665,0.005617817081495153,-0.03966435459871301,-0.8080501597824615,-0.7393043860696749,-0.5563327868344177,-0.4702810404218923,-0.6444123972205134
1914,-0.24105560850293992,-0.06414399055504005,0.35306832331116034,0.49744090030488386,0.1444591733094881,0.5895161092232513,0.6139688002775723,0.6886718179092322,0.7171807646394772,0.650641955341078,-0.056692003388710194,-0.04037153429916764,0.012730075930567757,0.0328920599297703,-0.011135298795854629,-0.886421954928719,-0.715228764149292,-0.2982833912763852,-0.1602998823732214,-0.5107909767414263,-0.25140238220278344,-0.08002654782492614,0.3429728823677813,0.4897080314005496,0.13743388643132975,-0.7651475873850966,-0.6277594998409437,-0.2533661119868627,-0.13244296121821197,-0.43623958095666115,-0.19104676507408827,-0.14979877206211073,-0.026829276603565475,0.018288092846407575,-0.08717794848702716,7.679432813793167e-05,0.012178981872259019,0.05291017743386401,0.0730457175226321,0.031423415261153,0.12021191813983705,0.13630485309671345,0.17112328634809992,0.18379925164789798,0.1538277835584544,0.39749790865023427,0.41821305899109906,0.48162562389704355,0.5029320452450096,0.44920925964398783,0.0,0.0,0.0,0.0,0.0,-5.5932468409472165e-05,0.004419642448091318,0.017934951922980336,0.02262687006052202,0.011395570440046179,3.224071874475385e-05,3.6685905280092594e-05,5.0433413921571026e-05,5.537636915875413e-05,4.36921815931262e-05,-0.20463991091229283,-0.17571828170612921,-0.0787070021262543,-0.042398242799395976,-0.12424948948457279,0.041507706428460064,0.04366659333226257,0.05161998541434782,0.05487431998556726,0.04772089342122829,0.0496622686480305,0.07027645939358253,0.12614872323224505,0.1471619927434841,0.09643657824196758,-0.0721676962852005,-0.05495433365739301,-0.0018678125409016038,0.01789130297598367,-0.026272147846740736,0.010515095302044575,0.012439141216426615,0.016530234920311075,0.01806733359125527,0.01440852849290683
1915,-0.21241559147453215,-0.03781972374702923,0.37260426858474366,0.5124870274897477,0.165974648423103,0.6005454946574933,0.6253017614832934,0.7015952469727544,0.7302615380140124,0.6626767880188396,0.1425478457218899,0.16927496300006656,0.24446498840847158,0.27096539003385806,0.20766577199297737,-0.869740940427201,-0.7039245463197462,-0.2925278583812276,-0.15712274312927463,-0.4994836934086698,-0.003270720659000181,0.1575465501223093,0.5798700250183644,0.7265740982982161,0.378255615711133,-0.7528959902554809,-0.6144856598238132,-0.24895953810982466,-0.12981669170205296,-0.42540079614867854,-0.18709114441918828,-0.14689907270207553,-0.024931081462566874,0.019783677834350144,-0.08559046229999757,7.560849346329754e-05,0.011990917735804494,0.05209315455517656,0.07191776775378604,0.030938184433360945,0.12142637081933746,0.137681886228151,0.17285207611242778,0.18565610159346083,0.1553818438115057,0.4057085023815836,0.42685153845425056,0.49157393366766383,0.5133204538582907,0.4584879870310604,0.0,0.0,0.0,0.0,0.0,-5.654885353279722e-05,0.004468347644426942,0.018132598082129695,0.02287622193948098,0.01152115152542981,4.730004299839026e-05,5.567694687615319e-05,7.79575595316242e-05,8.613760026441443e-05,6.685323859811123e-05,-0.20545340955943053,-0.17652058019158837,-0.07904838216779347,-0.04259490141959088,-0.12480669557855317,0.042555200557264826,0.04476856942480541,0.052922674391964804,0.05625913579335238,0.04892518438262383,0.04973841337880785,0.07038421085613521,0.12634214090787527,0.1473876290388682,0.09658443973696626,-0.03315820016682866,-0.012539291026381813,0.03788905507491037,0.05548722405902074,0.012240245406687467,0.14185865595006986,0.16781586884831032,0.223008621508003,0.24374554735216378,0.1943847799291571
1916,-0.2404369834332452,-0.0581077456185306,0.3699966682051353,0.5135439193460516,0.1592674409340016,0.6137454260963954,0.6390925283756348,0.7169788821294149,0.7464152872929541,0.6772910434855266,0.19458415949736688,0.22834946102265608,0.31495819290782384,0.34161049200838656,0.26968757169698654,-0.9018834610857198,-0.7401561371452491,-0.3057641608263076,-0.16851480206873276,-0.5259786417837486,0.039474853009732275,0.20119351157103513,0.6416167667524764,0.7884403612102386,0.4275650024651432,-0.7823509622982068,-0.6428638449417119,-0.25942192330571284,-0.13767539740420956,-0.4415901483245097,-0.20390196666731555,-0.16061400634331907,-0.030057253168867596,0.018985614518814028,-0.0940819392708718,7.744872714586631e-05,0.012282764454229725,0.05336104885186999,0.07366817293359458,0.03169118831511972,0.12440054453873556,0.14105421667740886,0.17708585250422876,0.19020349516603757,0.15918771063612963,0.4143897391019657,0.4359851879292507,0.5020924947988396,0.5243043409279448,0.46829858435772065,0.0,0.0,0.0,0.0,0.0,-5.805961788861367e-05,0.004587724429787963,0.018617030235028063,0.023487385182284295,0.01182895166593106,7.168492849026879e-05,8.517212869004411e-05,0.00012205414402333329,0.00013674495853980442,0.00010373431970966355,-0.20626289811511067,-0.17733244815783147,-0.07938574699900865,-0.042794254714549486,-0.12536940229367582,0.0433920503838175,0.04564894524415433,0.05396340103185039,0.0573654740884173,0.04988730021167652,0.05080570609662136,0.07189452352179436,0.12905320541081733,0.15055029009866003,0.09865695999209131,-0.0040454552977012845,0.016153399761388635,0.0725092412302692,0.09341226969520547,0.04330475636185134,0.16469745034951308,0.19483369232846157,0.2589123033934229,0.28298780863310524,0.2256801139604172
1917,-0.25363471190344977,-0.06811849924447913,0.37451717810216506,0.5257852999561985,0.155754347558484,0.6258395407482888,0.6516377034615118,0.731117143871168,0.7610069628863655,0.6905973707285121,0.18228954776227385,0.21386525622537003,0.2995531805740725,0.3265607189462885,0.2550621251214009,-0.9341705275419759,-0.7623080933718632,-0.3148914407903481,-0.16920530884840437,-0.5434947828264829,0.009205543981866657,0.1755314586038684,0.6334276019722483,0.7809899903420178,0.4085161685914843,-0.8111394604955376,-0.6675912112510766,-0.27073784502320225,-0.14231328355981263,-0.45971648598250414,-0.21291009923041798,-0.1679213678905051,-0.031070491475671376,0.02014679505170504,-0.09818190325456452,8.133136480370672e-05,0.012898520523694338,0.05603612984247076,0.07736128491821859,0.033279921993624895,0.12656841150694187,0.14351229898078616,0.18017184036388023,0.19351807771820193,0.1619617964000789,0.4227030125686252,0.44473169816505786,0.5121652157688754,0.534822664512251,0.47769334930593604,0.0,0.0,0.0,0.0,0.0,-5.9165340050208715e-05,0.004675095803520383,0.018971584117098865,0.023934693023059186,0.012054229311239534,0.00010039020708117039,0.00012011143283448257,0.000174479917292502,0.00019620324241129044,0.00014750771960493527,-0.20706804050012242,-0.17812012010369882,-0.07972458769794767,-0.04299781091620374,-0.12593399392947313,0.044348271865527165,0.04665490144289915,0.05515258114286936,0.05862962496735942,0.05098665614680639,0.05304817658466808,0.07506781565050125,0.1347493767025068,0.15719530319760341,0.10301149687820267,0.010493379687286255,0.03450325064043269,0.09677756400195632,0.12043417690036794,0.06498792238206669,0.1387086485047488,0.16408947490516412,0.21805665848948794,0.2383331156342613,0.1900684165748514
1918,-0.2429216337235141,-0.05066614135412823,0.389265493592657,0.5425622965818654,0.16867067312468906,0.6366952836347651,0.663036338614433,0.7437396181371598,0.7743975521089564,0.7026582997826629,0.11154830344315789,0.1380862416305529,0.20984550859696824,0.23557150600113372,0.17308688508305853,-0.9373600749063076,-0.7576315296334026,-0.31086700985837123,-0.16796421486098062,-0.5395085724658395,-0.05767109069758896,0.1153160588964795,0.5608512211593963,0.7177538742982519,0.343696880511341,-0.8118433936265812,-0.6646205715405933,-0.27032906558212183,-0.14340681820468953,-0.4609494409141205,-0.21106892520712786,-0.16686529534530994,-0.030780722789023208,0.01953273911284186,-0.09798752723048257,8.14138647542093e-05,0.012911604372801377,0.05609297111089797,0.07743975774591516,0.033313680088350464,0.12934009022148205,0.146655026140145,0.18411736238592685,0.1977558644653387,0.16550854284578403,0.429591346865631,0.4519790101508901,0.5205114189342511,0.5435380916401277,0.48547780170782523,0.0,0.0,0.0,0.0,0.0,-6.058263819860754e-05,0.004787087125133571,0.019426045986472705,0.024508045531052694,0.01234298683158331,0.00012292114150785734,0.00014737787799305117,0.00021452111637205128,0.0002408550632739419,0.00018124902146004237,-0.2078680853297959,-0.17889674160073726,-0.0800403727563281,-0.04320681200924036,-0.12646648644752667,0.04495154505311227,0.04728955190222866,0.055902826237661164,0.059427168575106444,0.0516802318214405,0.05440027820506485,0.07698115785593389,0.13818389344402235,0.16120192581606435,0.10563707273802911,0.013232071553644793,0.03844657587740185,0.10122177414309766,0.12460136143984686,0.06850229995932199,0.07599531553666257,0.08990089339120266,0.11946828655180487,0.1305772965183313,0.10413416500604969
1919,-0.14254913626539117,0.033564653401687884,0.43765106845861984,0.5824219003694905,0.23766045043581488,0.6463784745058638,0.6731837601459439,0.7550130291523712,0.7864645890135278,0.7135213804146507,-0.10314635776523932,-0.08192889415216374,-0.021309655283640164,0.004227418468929859,-0.05221661790393387,-0.844254540266382,-0.6830566339330726,-0.27531788392757756,-0.13565706059013838,-0.48117264572686824,-0.18670510312384325,-0.022713710503066285,0.3923217276912138,0.5331652074261669,0.18854638131609963,-0.7437395586062203,-0.6065574471950745,-0.2420801141703114,-0.12639018742831107,-0.4205776993917681,-0.18192826023590175,-0.14243181830210724,-0.024732121586187737,0.0182375643191388,-0.08297575862276133,7.441211917659931e-05,0.011801182099027207,0.051268870036757175,0.070779792849695,0.0304486409093762,0.1324980292521534,0.150235722815855,0.18861273117612284,0.2025842279052424,0.16954956281466788,0.4353016898619037,0.4579869411623234,0.5274303169923186,0.5507630717461061,0.49193101540743756,0.0,0.0,0.0,0.0,0.0,-6.220289229324339e-05,0.004915115513241213,0.01994558642723367,0.025163501653531734,0.012673094194824035,0.00014392793053477556,0.00017273178666095352,0.00025150555181444685,0.0002822835471227222,0.00021248341205149212,-0.20866271740061407,-0.17962701314337418,-0.08040814152775297,-0.04341961318971659,-0.1269982384710852,0.04510675970619331,0.047452839535260846,0.05609585492600716,0.05963236657982631,0.051858680176081806,0.054896407324067774,0.07768322400866422,0.1394441269497472,0.16267208317693704,0.10660048008741811,-0.011514123397109822,0.009018581981412322,0.06483059108038924,0.08439614751898757,0.035713696308670134,-0.11013189628653633,-0.1007623016778148,-0.0758244819813445,-0.06409619767071344,-0.0878291507491986
1920,-0.1833670738829257,-0.000803626886441915,0.42943932421857656,0.5823472557647852,0.2141902084277857,0.65723248343376,0.6843506392367276,0.7676736231001452,0.7997869405514876,0.7253218568656632,0.06528285661559206,0.08584350260513514,0.14731957111052027,0.1694713086501192,0.11731700943960913,-0.9019731744653653,-0.7299775933946862,-0.2956393400443511,-0.15196562124989152,-0.5151334024090477,-0.06382053212509123,0.10869481483490379,0.5469075669894696,0.700506248886388,0.33791351866319275,-0.784049495443193,-0.6448525089023277,-0.26155038206581943,-0.1377221456140058,-0.44534229373568013,-0.20059448335131844,-0.15780125703038855,-0.028304899988626942,0.019334640931757994,-0.0925546739275664,7.943151699954504e-05,0.012597219470244437,0.05472716228128598,0.07555417559903126,0.03250252465282214,0.13561715353688314,0.15377240856215446,0.1930528466521127,0.20735324513915115,0.17354091394513718,0.44207864288887483,0.4651170673702136,0.5356415658032097,0.5593375743339498,0.4995895967122425,0.0,0.0,0.0,0.0,0.0,-6.381019315484649e-05,0.005042120369575996,0.02046097336613256,0.02581371768686345,0.013000562491997263,0.0001580537366587411,0.00018907541132619324,0.00027463287035580037,0.00030888169590630323,0.00023216594564242463,-0.20994004871879718,-0.18074432974555332,-0.08091384093316742,-0.043722847600954295,-0.12782351885601537,0.04536104360439532,0.04772034917453391,0.056412088518410404,0.0599685368286249,0.05215102720869241,0.05698638091066441,0.08064071966664688,0.14475293596543717,0.16886520898769286,0.11065889116678118,-0.04124229750927599,-0.020519391296178004,0.031697706950624065,0.05054222236371139,0.0056886848958001696,0.08106848378072683,0.09590234695770872,0.1274435507273315,0.13929415741185544,0.11108577952728917
1921,-0.0806582306725898,0.08640235187767215,0.49107748577496896,0.6187786956673514,0.2886321487388792,0.6667429930073049,0.6942506979192181,0.7787235975539204,0.8114643389859444,0.7357545847479963,0.12678702741653697,0.15342104038579205,0.233974472749709,0.26058310594961603,0.19559633444443592,-0.8032534117025227,-0.6489990405902303,-0.2526552941633124,-0.11960733402746536,-0.45205335514347234,0.11612010161689937,0.2666393191622696,0.6803549474316286,0.8179711901579723,0.4841845963610047,-0.7281501713130083,-0.5846108155605203,-0.22892848727963905,-0.12096459507388817,-0.4003581643523303,-0.17028645201575388,-0.1334249923804713,-0.020415820279113157,0.020014031427446146,-0.07612376948150197,7.301582158787914e-05,0.011579740184843677,0.05030684126508844,0.06945165362748587,0.029877290914885814,0.1385937831569818,0.15714752368692028,0.19729011905167504,0.2119043936864248,0.17734992343454223,0.44759858252701185,0.4709246723695717,0.5423297629339046,0.5663216476370374,0.5058276370746356,0.0,0.0,0.0,0.0,0.0,-6.535057996015874e-05,0.0051638378461121275,0.02095490406652321,0.02643686436852931,0.013314397851744781,0.0001700886541125859,0.00020262283785360958,0.00029299683988222015,0.00032900285544694386,0.0002480865228954544,-0.21171059375614626,-0.1822723295572378,-0.08160413686120573,-0.04411678167939913,-0.1289266950503523,0.04571497583313714,0.048092690024691166,0.05685224717947277,0.06043644488822,0.05255793868657031,0.057290082521017034,0.08107048404247465,0.14552437817765435,0.16976515446734164,0.1112486335387327,-0.05812679441286923,-0.04179042543733114,0.011817916330389687,0.03110801605689108,-0.012288688962112654,0.15146375709580132,0.17917850571633598,0.2381083019019047,0.26024930329472146,0.20754636996330678
1922,-0.07902446628657608,0.0899251344628338,0.4915688004301158,0.6278921829039942,0.29109455406984436,0.6759679664028669,0.7038673661289926,0.7895703064291554,0.8227152660485122,0.7460856183612912,0.12368153235024335,0.15197831505906811,0.23758496915542537,0.26639572863174305,0.19688308261918888,-0.8134405834122367,-0.6619001614633537,-0.25931243625881656,-0.12584690570839124,-0.45617371649122196,0.12018698180388106,0.2690890155784708,0.6845367806293011,0.8235458013163668,0.485088411315466,-0.7283959025278518,-0.5853742727890225,-0.23588975798100145,-0.1234069428640241,-0.4034705511667468,-0.17647170813133128,-0.13846476231685023,-0.0222493841849239,0.02081890744366456,-0.07964791293298383,7.297507973042884e-05,0.011573278843812885,0.05027877071666448,0.06941290052835962,0.029860619783876337,0.14146283328431547,0.1604006575041381,0.20137425059273956,0.2162910574590702,0.1810212700766651,0.45296931317270334,0.4765752925199491,0.5488371720088293,0.5731169350821204,0.5118970575284203,0.0,0.0,0.0,0.0,0.0,-6.684128854723316e-05,0.005281629875259417,0.021432905263334794,0.02703991426882881,0.013618111869606927,0.000187624142713064,0.000224450121358113,0.00032608433364911667,0.00036595627313054207,0.000275877996236195,-0.21357403854501958,-0.183820529066195,-0.08229619808687749,-0.04451529117552983,-0.13005033279919295,0.0461339132535411,0.04853341709786675,0.057373247865647736,0.060990291584153374,0.05303958582416194,0.05825080559747068,0.08242999133259418,0.14796474171266152,0.17261202244688523,0.11311421174636377,-0.07836375211656284,-0.06014648555535002,-0.0038960526434163776,0.01656180272087684,-0.029413781824003588,0.1652325337720616,0.19546668499894695,0.25975348023705747,0.28390720407524206,0.22641332317235585
1923,-0.1457912164474014,0.03619707987004637,0.4778283373755606,0.6343070711972147,0.2582219833980872,0.6850169134922183,0.7133305239249833,0.8001402945780125,0.8335623764568112,0.7561515615466785,0.12192373832355967,0.15020695303241638,0.23671045716687986,0.26556377485637833,0.19631356753601145,-0.8905437274382,-0.7255730956201946,-0.2839281202351166,-0.13643554373409497,-0.49993547903674357,0.05095846967542171,0.21876468988800987,0.6746097834761122,0.8262347652581061,0.4523175318163748,-0.8147665216644419,-0.6544284308000122,-0.26162550682398567,-0.1389757868640473,-0.45623093047962515,-0.19587997838206092,-0.15358579678100745,-0.022223258820076752,0.025302632488882013,-0.08701195469891394,8.527151894649074e-05,0.013523398259360992,0.05875083885635824,0.08110910579885039,0.0348921908007596,0.14395898310349792,0.16323097033564346,0.20492755351715372,0.2201075714608939,0.1842154391745079,0.45803060397638456,0.4819003467237274,0.5549696504143755,0.5795207054670232,0.517616782450961,0.0,0.0,0.0,0.0,0.0,-6.814416866672886e-05,0.0053845801730853975,0.021850678570486115,0.027566980211144242,0.013883558087141187,0.00021647282014827893,0.00025934851918752355,0.0003790180258523938,0.00042312978982625313,0.00032001104411589863,-0.21545156351654002,-0.18543671491341618,-0.08298878207460547,-0.04491864370315747,-0.13115946274765428,0.04706763453616868,0.04951570282363794,0.05853444618609394,0.06222469658623532,0.05411307356047425,0.06191374966152945,0.08761337797171823,0.15726910354572626,0.18346626174060668,0.1202270924392107,-0.08337202367963262,-0.06443567311001107,-0.007699190368648515,0.013786359300080176,-0.033229397426515234,0.16736406051852523,0.19798823724780729,0.26310434267299937,0.2875696535044502,0.22933409212190997
1924,-0.1178132464580887,0.05529542511857937,0.4907479432013922,0.6413416045485593,0.27403616188839564,0.6932910944511759,0.7219591016404321,0.8098340319724948,0.8436540774821092,0.7653006160666411,-0.25494878555850303,-0.2293762934793442,-0.15545844020626873,-0.12618231176590528,-0.1923567459299303,-0.8740443281932186,-0.7122659504007123,-0.2807303650688216,-0.13526420397808056,-0.4949423445614063,-0.32881066154459243,-0.13299202780864386,0.3042108695109372,0.4536825127392534,0.08053354731214715,-0.7813797718338559,-0.6350410823385797,-0.2555737865428772,-0.13516277888329406,-0.43920323346928847,-0.19412765840405555,-0.15226559593248779,-0.023528827608746063,0.024934686048293773,-0.08693671450746374,8.124364391256955e-05,0.01288460867409707,0.055975691421727126,0.07727784600299908,0.0332440275459994,0.1457436408157013,0.16525454263241712,0.20746803783388734,0.22283624227013146,0.1864991556689024,0.4636137571165999,0.487774459524758,0.5617344397527644,0.5865847593063488,0.5239262598947831,0.0,0.0,0.0,0.0,0.0,-6.907787505620697e-05,0.00545835929477159,0.022150074961914346,0.027944700947420967,0.01407378957940655,0.00024697728852924726,0.00029557073736765786,0.00043165860691881297,0.00048203988998511737,0.0003640844392677208,-0.21726600419213982,-0.1870656906065554,-0.08368190643086346,-0.04532709634760625,-0.13228722120010017,0.04751048505903348,0.049981586760690595,0.0590851857835809,0.0628101570558313,0.05462221329431115,0.061294119584940444,0.08673654714819973,0.1556951612920612,0.1816301394828642,0.11902386499936998,-0.07453739623877756,-0.05622701032117986,-0.0003123074888651523,0.02044543444095015,-0.02623385028092183,-0.2069676860661869,-0.18935967802372136,-0.1424947550346017,-0.12045412968313916,-0.1650547816994429
1925,-0.11826199877559833,0.055341180898688974,0.4949507017335397,0.6474899938206972,0.276118123293015,0.6976179761448726,0.7264834997822357,0.8149779243365692,0.8489524460888941,0.7700806230899274,-0.08482118211826507,-0.06556700173000313,-0.010660038194869962,0.01012823952410203,-0.03778644208802892,-0.8782186410636648,-0.718656153027173,-0.28098360712624754,-0.13598302357296552,-0.4965737122668261,-0.16383513225298965,0.01871224684941452,0.45573289524598654,0.6099385911233801,0.24245508737032417,-0.7909832420247587,-0.6400032070376408,-0.2570774723285075,-0.13693672261791254,-0.4427723351212357,-0.19584779108738243,-0.15353101130072783,-0.023432253906828952,0.025497185282569147,-0.08738619412513399,8.24574294375071e-05,0.013077105597547893,0.05681197203057302,0.07843238223943051,0.03374069556189223,0.14686224216239546,0.16652289268118323,0.2090603819335551,0.2245465393321545,0.18793056087822033,0.4663870974110272,0.4906923292868761,0.5650947385631857,0.5900937128783889,0.5270603899450037,0.0,0.0,0.0,0.0,0.0,-6.966399204497162e-05,0.00550467277952838,0.02233801553227823,0.028181808182666752,0.014193203894946469,0.0002835386051528646,0.0003391428035502329,0.0004951018826200774,0.0005530149873137854,0.00041736052187201357,-0.219039369728352,-0.18870812017511396,-0.08437560526034463,-0.04574091156272875,-0.1334233820646386,0.047674032943880854,0.05015364105114606,0.05928857788005629,0.06302637182022802,0.05481024226178784,0.062321866739361534,0.08819089937838943,0.15830577483963493,0.18467561693281656,0.12101959378036316,-0.05333416892288799,-0.033904228465417144,0.020360873050619645,0.039638207445719935,-0.00542582590785801,-0.039413615863151126,-0.03606045828434398,-0.02713579904281085,-0.02293852188569769,-0.03143198769781734
1926,-0.1259686726903919,0.053157891109459635,0.492763620500836,0.6429504597891275,0.274612492372619,0.7006730084059222,0.7296494260480059,0.8185759821865745,0.8526699288414696,0.7734519609577376,-0.4495394268174786,-0.4036696270542253,-0.28308874385088906,-0.23713413032328642,-0.34467730055403717,-0.8868490576576844,-0.7262832273873694,-0.2879627800108951,-0.1356144007781063,-0.5057583678573152,-0.4981225253037818,-0.29744560490468047,0.15586886543162184,0.3239303363290037,-0.0765205333037827,-0.7889732756219017,-0.6445277376314267,-0.2603277823169783,-0.13757264920947795,-0.4454467571292795,-0.20136121288435196,-0.15828770998194586,-0.026608242272312975,0.02275625475643706,-0.09174729476870622,8.090126167580181e-05,0.012830309520030796,0.05573979503019874,0.07695217668915623,0.033103928407627214,0.14745667387746736,0.16719690178820584,0.2099065634949733,0.22545540183161897,0.18869121851201662,0.46848941195799965,0.4929042035597153,0.5676419936135371,0.5927536548097754,0.529436199076657,0.0,0.0,0.0,0.0,0.0,-6.997594324894326e-05,0.005529322376122489,0.022438043834347582,0.02830800463989828,0.014256760215985109,0.0003275866039369734,0.0003925090513510638,0.0005747103861243256,0.000641919020051649,0.00048324616009271556,-0.22080986289801066,-0.19036463935927725,-0.08506989835274424,-0.046160345588877015,-0.1345610652276537,0.047817565831326785,0.05030463932990446,0.059467078842743964,0.06321612621216813,0.0549752602358851,0.06262820310964225,0.08862439217025897,0.1590839096901467,0.1855833698794211,0.12161445245567475,-0.02652317196561552,-0.0050674420636928254,0.0500683306728159,0.06945413532292849,0.021840289029858018,-0.4587701147536417,-0.4197397326502168,-0.31585768948545256,-0.267001849166018,-0.3658648486637437
1927,-0.15198780833168873,0.029023627305843847,0.48109045986399124,0.6374198022092594,0.2560649169071203,0.7054177737965032,0.7345865025039373,0.8241654012123719,0.8584639730290676,0.7787103404939415,-0.10161216642794907,-0.0783639707368428,-0.01431185847062645,0.013107283030629965,-0.046934917341635234,-0.9304959764159119,-0.7574154739531725,-0.3019699382669086,-0.14841505380670397,-0.5327645295866131,-0.19743058940390287,-0.01813477431238547,0.4323602581508066,0.5937379229331925,0.20776378732336742,-0.812943728418052,-0.6716071524279339,-0.2735928631072693,-0.14353681417207584,-0.46366812264821156,-0.21428529870588797,-0.16926257549507412,-0.029986118178193678,0.022015941540864038,-0.09860180143002963,8.392207432948088e-05,0.013309386861297042,0.05782109110213709,0.07982553248430178,0.034340012539676765,0.14835088922470355,0.16821082697489215,0.21117949109890655,0.22682262160630795,0.18983549078566325,0.4718969421693304,0.4964893133232466,0.5717707043017342,0.5970650136902235,0.5332870221631082,0.0,0.0,0.0,0.0,0.0,-7.044557338114896e-05,0.005566431363553617,0.022588632465284274,0.028497988387801754,0.014352441729862511,0.00036166259775597184,0.00043219725351207304,0.000631860708597817,0.0007062679536678153,0.0005316371948474565,-0.22257784402781694,-0.19203588564853513,-0.08576989765614226,-0.04663082455447759,-0.135690526981609,0.047984669149672844,0.05048043397804445,0.05967489256212111,0.0634370413566215,0.05516737684099962,0.06452293865280334,0.09130560889848065,0.16389678828267562,0.19119795547617777,0.12529374092618117,-0.00577368064138684,0.015705928579412547,0.07577579662554623,0.09834012563110921,0.0448148457704154,-0.11519225593299555,-0.10539214555127491,-0.07930847855063791,-0.06704130097975367,-0.09186473994016
1928,-0.14766103201374547,0.0335138652576835,0.4857314846101275,0.6393332756497151,0.26054688285657945,0.7103797820696894,0.7397979433769865,0.8300929600071206,0.8643879090081974,0.7841351191933039,0.141995818272059,0.17071289472537418,0.24807552653222606,0.27254950005780126,0.20852390597282974,-0.9332267942251629,-0.7543289056645845,-0.3042715298456703,-0.14773193240447996,-0.5357929868896429,0.04933791509642926,0.2354570922430157,0.6907757123801122,0.8531419237413734,0.468530726695009,-0.8134978980126212,-0.669114925764409,-0.27209076496489865,-0.14410403093374496,-0.46151466568645816,-0.21698904197275293,-0.1717400615553435,-0.033348517405844165,0.01890753583837505,-0.10077281762450865,8.186233903491938e-05,0.012982728898106581,0.056401963380799405,0.07786634036496061,0.033497190952999065,0.15035126520705389,0.17047899604358036,0.21402705328182925,0.2298811170887836,0.19239524865668045,0.47417215530059315,0.4988830965929829,0.5745274507398831,0.5999437146055562,0.5358582226247592,0.0,0.0,0.0,0.0,0.0,-7.149800675904238e-05,0.005649591992129383,0.022926099102666967,0.028923738832330997,0.014566862423822251,0.0004060750850407174,0.00048572234873818363,0.000710144706649127,0.0007945815662848639,0.0005977485600231955,-0.22434329041063278,-0.19368525149003726,-0.08655661287285572,-0.04702496979954599,-0.1368246870796413,0.04828778928171537,0.050799319907324496,0.06005186007348671,0.06383777443852372,0.055515870283776594,0.06544284687643685,0.0926073595974304,0.16623347669948266,0.19392387861695232,0.12708006289251328,-0.019866313353776564,0.0020945947135377813,0.0587795950273177,0.07872944975840826,0.02988166746506179,0.13014581562074445,0.15395981992846786,0.20459547386965535,0.22362021444244853,0.17833501634925514
1929,-0.18700577151708822,-0.0027213372027178676,0.47614633295114395,0.6305638631375373,0.23747296092161918,0.7161047447663952,0.7455835883798122,0.8365882345291812,0.8713438373821798,0.7904668590147019,0.14872255372661367,0.17693701479320464,0.2563654654753491,0.28393498152791324,0.21689566153774628,-0.9828468247041848,-0.7895160777776941,-0.3232181619024394,-0.16340909653124683,-0.5627535615054807,0.019545505603830303,0.21139935842144117,0.6840231958080911,0.8561148710711021,0.4543156664684476,-0.8539453115350647,-0.7021842207460544,-0.2870726850574049,-0.1515918186767314,-0.48626479137638484,-0.23427390693907788,-0.18574569452687875,-0.0388137224061776,0.016204709545208557,-0.11025403766009138,8.409555337270228e-05,0.013336899285376269,0.05794061564490559,0.07999054338412351,0.034410998303162604,0.15281709725016515,0.17327493241659847,0.21753719844321662,0.23365127641430108,0.1955506219648243,0.47666949804689285,0.5015105855094045,0.5775533390077122,0.6031034637960343,0.5386804500169786,0.0,0.0,0.0,0.0,0.0,-7.27987521646515e-05,0.00575237361025329,0.02334318790595115,0.02944994119942614,0.014831873718973224,0.00046655011268515676,0.0005610161984601884,0.0008229825161005134,0.0009206917278564504,0.0006911248760419219,-0.22610597563736418,-0.19534082945728432,-0.08742475865371026,-0.0474335487379352,-0.13799014216748456,0.04848122858774395,0.05100282032297341,0.060292425862708686,0.06409350647698489,0.05573826504611733,0.06737542343399681,0.09534212467501689,0.17114247646774888,0.19965059680929864,0.13083283286205666,-0.02718556968741019,-0.005319702816381669,0.05071049295783994,0.07047451682320029,0.021999858945288775,0.1416159852303741,0.16752879438396379,0.2226271314796557,0.2433285836709387,0.1940522553177586
1930,-0.15501198506100425,0.03877972089261078,0.4946969886197006,0.6533927251054569,0.26265323408084246,0.7211705419087276,0.750616974670332,0.8424395224710514,0.8774201893179218,0.7960829549344586,0.15979438665190865,0.18936457569002982,0.2721511616684512,0.2989899288335138,0.23135488564617585,-0.941191154398576,-0.7583795543890949,-0.308939622406852,-0.13945284994100499,-0.5377577679398062,0.08024000492901806,0.2560837523397218,0.7230695795733549,0.8891071687182388,0.4955260131611041,-0.8328637198808841,-0.6798452652740119,-0.2749996545759178,-0.14610687553898344,-0.4715295074368446,-0.21928596003946416,-0.1741970162483372,-0.036702261246921115,0.014990752808308715,-0.10356279601317327,8.196487682381123e-05,0.012998990592198004,0.05647261042903192,0.07796387291123587,0.033539148316237166,0.1552586589411159,0.17604334933200347,0.22101279443105457,0.2373843273346508,0.19867493799897404,0.4785133801477499,0.5034505594238255,0.5797874661512572,0.6054364254946849,0.5407642066742384,0.0,0.0,0.0,0.0,0.0,-7.409080058775624e-05,0.00585446801477587,0.023757487989775474,0.029972625297103865,0.015095113108117491,0.0005341395277920711,0.0006449445119650308,0.0009488960497353547,0.0010610535361538105,0.0007972348086066655,-0.22773879164224425,-0.19692718462301229,-0.08818820494863082,-0.04784640298288291,-0.13915405978126846,0.04864071965155355,0.05117060679018059,0.06049077279863877,0.06430435801332335,0.055921629936943426,0.068470259174942,0.09689141313053384,0.1739235038881452,0.20289487488499766,0.13295883748222515,-0.027242039909251642,-0.005260620513237928,0.05107833180453749,0.07095042141947686,0.02222969509911472,0.15169662328250025,0.1794539816200413,0.2384743787334082,0.26064942055056745,0.2078654597090206
1931,-0.04216544806284037,0.12325525115554918,0.5373012045692208,0.682432616138411,0.33224880231788656,0.7273789745235583,0.7568754599508185,0.8496029632166366,0.8849804345345844,0.8029127963020524,0.09626581418099651,0.12104720041537799,0.19229443113663797,0.21710203522532734,0.15721878545955315,-0.8436696163382504,-0.6810369660997536,-0.26765489164300393,-0.11797662712900626,-0.47716742247282323,0.10393388139270293,0.27102818420790215,0.693845805930156,0.8406813455011464,0.4922788963781034,-0.7400929233423367,-0.6053444875692786,-0.24332673458789297,-0.12944988777430017,-0.4152687584968509,-0.19015129915337675,-0.15051634006874126,-0.029597531183326975,0.01541736558909804,-0.08940449454718541,7.282672685536857e-05,0.01154975123415907,0.05017655773905806,0.06927178929699553,0.0297999153788605,0.1572314576764153,0.1782802493496171,0.22382110003096273,0.2404006583009212,0.20119940696639385,0.48157992578726344,0.5066769145933195,0.5835030252138308,0.609316355518857,0.5442296857784379,9.596107074786924e-06,1.690262754051404e-05,4.107716726159247e-05,4.8592849724670806e-05,2.8785035438373708e-05,-7.513896453787639e-05,0.005937291283947477,0.02409358561942385,0.030396648591192493,0.015308663957310634,0.0006158654510746598,0.0007434484718588318,0.0010952730592224567,0.0012259460304801508,0.0009207888207353745,-0.22924164657202695,-0.19845114764490687,-0.08899162346913445,-0.04825146728568198,-0.14026249981140737,0.049230639383378905,0.05179120925764511,0.061224411213590596,0.06508424798835191,0.05659985330970524,0.066320214585816,0.09384891174315317,0.16846210659006994,0.19652374334315104,0.12878377764530022,-0.04821000565844241,-0.027258591454766553,0.027745466625545983,0.048259130292680495,0.0009602670908605429,0.11396040264811524,0.13481280967040862,0.17915122719052268,0.19580998095537183,0.15615661688765003
1932,-0.0013049181692334738,0.1725790541474521,0.5752465409895164,0.7052765173546743,0.37395895856045175,0.734205796870923,0.7638339800702788,0.8576054748297857,0.8932891012648008,0.8104405921579931,-0.32262760124984063,-0.2879281004275282,-0.20242094497373717,-0.1653648845102126,-0.24533222966961604,-0.7935579171423761,-0.6384898642615714,-0.24062566877295183,-0.10297891044516592,-0.4414398601254139,-0.2650062697689344,-0.080571986525967,0.33528473529423286,0.48132027500018876,0.127034929244605,-0.7186201672317711,-0.5780715079959985,-0.22643796622666135,-0.11993615142007948,-0.3995824379445808,-0.1707188370657755,-0.13438770851270734,-0.023151266990174807,0.01594592081360118,-0.07784315358808973,7.162774562761496e-05,0.011359602156850099,0.0493504770760907,0.06813133470612881,0.029309305122561906,0.1590462648169652,0.18033800722021168,0.22640450246546714,0.24317542638947562,0.20352170382627843,0.4857414069053913,0.5110552665556122,0.5885452553645754,0.614581646642263,0.5489325428536975,1.919221414957385e-05,3.380525508102808e-05,8.215433452318494e-05,9.718569944934161e-05,5.7570070876747416e-05,-7.61050605985577e-05,0.006013629755682042,0.024403367878172967,0.03078747221569243,0.015505494457097417,0.0007007183586525165,0.0008434771174952615,0.0012412433932217726,0.0013870418433408818,0.0010461277179828084,-0.23074148703075445,-0.19981835678443535,-0.08981724222273534,-0.048663697357250325,-0.14134225597647407,0.04954871150884407,0.05212582485913477,0.06161997338481103,0.06550474801336166,0.05696553687320802,0.06721694412439151,0.09511786257283356,0.17073991808470107,0.19918098211699736,0.13052509012785335,-0.06346090812095138,-0.046035764421728555,0.010940831340976063,0.031544322689036564,-0.015036947286950087,-0.28634191898977984,-0.2619810590492832,-0.19714295684563127,-0.16664952534031743,-0.2283549854016514
1933,-0.003813103575948872,0.1647827152154888,0.5703208513197963,0.7065069416688412,0.3655906222211486,0.7418774871995933,0.7717500907993116,0.8665477917338354,0.902592171499782,0.818859663083863,-0.6572477649683824,-0.5979826561977007,-0.44201765157630785,-0.37775599434891605,-0.5214070977596332,-0.8096006551291531,-0.6575122021487849,-0.25337130295066157,-0.10885307075512497,-0.45903242172816583,-0.581154503665348,-0.37348980059893067,0.06840170041079852,0.22394596883422893,-0.15633741156744665,-0.7208883919947898,-0.587669502112373,-0.23538190912982576,-0.12379269711553062,-0.40705968404901494,-0.17960969117346176,-0.14133717586593614,-0.026894570422820164,0.015006951579967523,-0.08390939694969415,7.12508389108759e-05,0.011299827689360092,0.04909079381897749,0.06777282617781856,0.029155078937347596,0.16090050962892488,0.18244048233757484,0.22904404495698072,0.24601049311234197,0.20589446664391123,0.49050236489487015,0.5160643364429711,0.5943138375687348,0.6206054225838896,0.5543128640254794,2.8788321224360773e-05,5.070788262154212e-05,0.0001232315017847774,0.0001457785491740124,8.63551063151211e-05,-7.709492841141137e-05,0.006091846611259731,0.024720772636777,0.031187912443264076,0.01570716816663458,0.0007878199162168629,0.000948191548425625,0.0013951019878825444,0.0015580070999157555,0.0011754192486397221,-0.23223815499426723,-0.20128694308694495,-0.09065947670316492,-0.04908334448932893,-0.14237085187140433,0.05002374795611761,0.05262556876565122,0.06221074017463131,0.06613275915286954,0.05751168036370925,0.06752280439244528,0.0955506816383565,0.1715168435726587,0.20008732425103984,0.13111902428499628,-0.07157278288186084,-0.05369733466519423,0.003946731820469517,0.026122290401077032,-0.021926914585139318,-0.6229201534966828,-0.5699245227242741,-0.42887301088267726,-0.3625363281470676,-0.4967729596140848
1934,-0.06385599318163547,0.1220445426077867,0.5512759421465694,0.7043686511219701,0.3353087173379632,0.7508489868258007,0.7810862862366141,0.8770135519308171,0.913511450122707,0.8288156694854243,-0.1010285629973987,-0.08142248557937756,-0.02321286162241419,-0.002492909760829852,-0.05161715827940934,-0.8839032836040834,-0.7125869742396017,-0.28241143557844384,-0.12245340823826954,-0.49938380478506195,-0.116091627353965,0.0625179402582079,0.5011886925117217,0.6595198191713664,0.28532825953843666,-0.7761515972675791,-0.6386815639123367,-0.257560763478153,-0.13501818716136954,-0.4433399101035609,-0.19999117412079181,-0.1581437114189386,-0.032381738325402566,0.015052656719749407,-0.0945274851029616,7.704837788231718e-05,0.012219272181537663,0.05308521402026816,0.07328736617449279,0.03152736969123117,0.1630131436448331,0.18483593757730005,0.232051407964303,0.2492406266726278,0.20859787420254713,0.49643275490673533,0.5223037819693495,0.6014993540891014,0.6281088159675071,0.5610147511264105,3.8384428299144994e-05,6.761051016205141e-05,0.0001643086690463583,0.00019437139889866953,0.0001151401417534867,-7.822510754198662e-05,0.0061811505129375525,0.025083168735994935,0.031645114084096884,0.015937428626410025,0.0008838474713599686,0.0010644139484276415,0.0015665500511401643,0.0017531179288487854,0.0013205058426328275,-0.23404339384701264,-0.20274257372616664,-0.09135853995197997,-0.049576157013679,-0.14345454556777942,0.050334008086864314,0.0529519660571971,0.06259658716069404,0.06654293150779601,0.057868382574122586,0.0702005660367481,0.09933994887452016,0.17831871190741255,0.20802221628065112,0.13631883044275203,-0.06309005679233265,-0.04572722077738526,0.011789191147359665,0.032683972342721544,-0.014041677010181792,-0.04522818162372812,-0.041380343340789494,-0.03113905742306369,-0.026322569277287614,-0.03606904916635102
1935,-0.0885980511689987,0.09814154323108974,0.5480853327380366,0.7021523008474381,0.3215282876624075,0.7609133931081965,0.7915464499062157,0.8887279265997524,0.9257270753270377,0.8399507592055686,0.12613823722000195,0.15361221147025253,0.23107595829499863,0.2565822341185123,0.19394475364874436,-0.9160161298771142,-0.7399089778765053,-0.29996137434143944,-0.13243559433373925,-0.5241077907119023,0.09830898779097688,0.28291063435695624,0.736324546032478,0.8995706758431835,0.5169731993588573,-0.8114246386130203,-0.660989629536798,-0.2668790346734498,-0.14110515285920183,-0.4565305849897153,-0.21610590364663004,-0.17174535193182416,-0.03794944374223149,0.012567774150705592,-0.10269279708538898,7.79189912753266e-05,0.01235734467970658,0.053685054011285344,0.07411548175957826,0.031883615352125805,0.16515166443051818,0.18726074508430612,0.23509562113744661,0.25251034007646156,0.21133440746518883,0.5032909862797676,0.5295194222516442,0.6098090832524149,0.6367861555361982,0.5687651844507224,4.798053537393124e-05,8.451313770256426e-05,0.0002053858363079479,0.0002429642486233369,0.0001439251771918584,-7.937252251061487e-05,0.006271816347025182,0.025451091570142026,0.032109288295229195,0.01617120068172579,0.001004007224882992,0.0012076134356867588,0.0017808112352012842,0.0019876096433536915,0.0014999894091031723,-0.23571665610989317,-0.20417042054768308,-0.09210852605319635,-0.050093344790626826,-0.14461416659736578,0.050717770862049524,0.053355688991610625,0.06307384380920998,0.06705027636339188,0.05830958985993619,0.0712678725936687,0.10085028112372783,0.1810298115635149,0.21118491834925368,0.13839137757131986,-0.039652024234191875,-0.01685583343455382,0.0395228384521876,0.05971828718571833,0.011395830055589792,0.13215878286435606,0.15634111872682085,0.20775995507196277,0.22707895158689734,0.18109332666901293
1936,-0.1299177640645059,0.07209931583513679,0.546393952757082,0.7087613690635288,0.30648177135794347,0.776408428440521,0.8078090600296884,0.9067037283939968,0.9445453954933507,0.8570113701662816,0.20725804136704984,0.24204577760821744,0.33774270803501205,0.36830548849740474,0.2881999266848203,-0.9750018787991703,-0.7867039092488357,-0.32057079126219346,-0.14420248762050963,-0.5574942029721299,0.16642617184538971,0.3478852395099082,0.8351291789209903,0.9965464305526059,0.5958552520519633,-0.8668478937598826,-0.7029797888150594,-0.2878417321736205,-0.15211972763811085,-0.49067588493331693,-0.23328283357025772,-0.18571403288989558,-0.04127253551285267,0.013163423187505949,-0.11085121312455681,8.39272050299072e-05,0.013310200550393609,0.0578246260802598,0.07983041273656936,0.034342111967251496,0.16705912019276842,0.18942355457512178,0.23781091013416805,0.2554267642303898,0.21377526105677225,0.5155609815623262,0.5424288543499157,0.6246759391642932,0.6523106996616208,0.5826314095974898,5.757664244871749e-05,0.0001014157652430771,0.00024646300356953745,0.00029155709834800423,0.00017271021263023006,-8.039912848592283e-05,0.00635293615945182,0.025780276555796518,0.03252459054573232,0.016380359351787506,0.0011580930896827007,0.0013967405375368764,0.0020599874232919875,0.0022934230973574725,0.0017334708324026086,-0.2375838561621084,-0.2055814363959932,-0.09295520866619897,-0.05037765621267183,-0.14584613051891543,0.05122417228068736,0.05388842921537248,0.06370361683434554,0.06771975285049607,0.0588917932676052,0.07407375028561707,0.10482084378728809,0.18815711158465806,0.2194994509669251,0.1438399656230399,0.009149480619197672,0.03512626664139168,0.10338179961761612,0.12839188955196112,0.0684642373614639,0.16063236544141404,0.19002478059004144,0.2525217946465528,0.2760030649858345,0.22010984664072475
1937,-0.14608167326108226,0.054030108362967455,0.5460308669786109,0.7134706306561138,0.29685745422815746,0.7912616669420729,0.8235562968431414,0.9242387272050464,0.9628662939001901,0.87346491492052,0.184407756242254,0.21744755387603212,0.3099590465592938,0.3368866396719032,0.2611384060646356,-1.006217833396467,-0.8114881137342733,-0.33707016896162384,-0.15878135919816377,-0.5793505368082397,0.120071683620545,0.30958465118759865,0.8044926106649113,0.9771545229898585,0.563082587531087,-0.886396940729025,-0.719350401698752,-0.29998646795203004,-0.1574222759829665,-0.5063162409881801,-0.250330774815495,-0.1997765596118332,-0.046413031966230214,0.011697779125257157,-0.12083736305199909,8.417694905177574e-05,0.013349808005641853,0.057996696086346416,0.08006796584389794,0.03444430454186548,0.16885680431496852,0.1914618971453297,0.2403699377211735,0.25817535190349666,0.21607564664528425,0.527282244606489,0.5547609576547711,0.638877927410409,0.6671409633369013,0.5958775167582544,6.717274952350374e-05,0.00011831839278358997,0.00028754017083112705,0.0003401499480726717,0.00020149524806860176,-8.13694676198855e-05,0.006429609908125127,0.026091419371615094,0.032917130659250615,0.016578054326928857,0.0013255120811703385,0.0016004641514782154,0.002359004934856295,0.002625495666429286,0.001986611699320206,-0.23947470135766333,-0.20694928814165053,-0.09385959495475193,-0.05080975543940082,-0.14701595508777904,0.05186623628620354,0.05456388806951277,0.06450210312645005,0.06856857897753432,0.059629966262773074,0.07513197213396237,0.10631832037825309,0.19084513488080124,0.22263523272250474,0.14589487162821207,0.010766059818244102,0.03777471744341967,0.10703318110252598,0.1333077272634781,0.07155521557379763,0.13861726457280035,0.16398136959543883,0.2179129985587258,0.23817609718260052,0.1899431958374781
1938,-0.0754561711279393,0.11641463568247315,0.5822123445688842,0.7371861241077259,0.34746043339696364,0.8027124463744352,0.8354679011568082,0.9375962985893574,0.9767526696311138,0.8859914434191096,0.18327156206267403,0.21522648975893147,0.30451227417224735,0.3329960539229935,0.2581071085530551,-0.9485234913925609,-0.7585035544127265,-0.3128872914157715,-0.14195519198851322,-0.5410532631332066,0.18487215865497747,0.3697373431707384,0.8356019903065756,0.9975781915810539,0.6099204445457371,-0.832195552727051,-0.6729112063311192,-0.27989602191066687,-0.1473039879626644,-0.47059289773498747,-0.23155218006299097,-0.18403822179210977,-0.04179168365558481,0.011795802027402803,-0.11101176116670333,7.869170540060889e-05,0.012479891117086023,0.05421744282782536,0.07485047689645527,0.0321998016828831,0.17057824604128316,0.1934137906451649,0.24282043322962246,0.2608073679793407,0.21827846953823554,0.5354852092503956,0.5633914104492854,0.6488169934493785,0.6775197192892064,0.6051476225736221,7.676885659828999e-05,0.00013522102032410282,0.0003286173380927166,0.00038874279779733907,0.0002302802835069734,-8.230119742243052e-05,0.006503232844901905,0.026390181963165997,0.03329405178884145,0.016767883113283547,0.0014955766702627658,0.0018077833229788415,0.002655724007058844,0.0029605101435494527,0.0022407036378469802,-0.2413899491184168,-0.20831084143163464,-0.0947591033581462,-0.051253732476147,-0.14813920385868667,0.05261960636728772,0.05535644221885117,0.06543901234026551,0.06956455477225133,0.06049610646755947,0.07410983833017722,0.10487191153081185,0.18824877998542075,0.2196063890649272,0.14391004312105937,0.004057322579382749,0.029547811415157634,0.09535369739991163,0.11955469323787425,0.06049857290253864,0.14359817769990793,0.1698736872582941,0.2257432332588088,0.24673444272978887,0.1967683958619294
1939,-0.11536417500762425,0.08471930258896851,0.5758806254131456,0.7434064019278783,0.3286408868478442,0.815339090322929,0.8486059614509173,0.9522637512237938,0.9920957127579045,0.8999076245121032,0.19912282170820172,0.23417945915054875,0.3277445774493946,0.35598567231817896,0.2788204386675465,-1.0017450460990072,-0.8095999562035663,-0.33314562360995126,-0.1523577057277156,-0.5747487613729978,0.16661691788734215,0.3569084495463386,0.8512980704774051,1.0223639020700543,0.6107664295306123,-0.8879014480304817,-0.7164949944720566,-0.29843359606874953,-0.15741364786815765,-0.5046903587600213,-0.24954182544137218,-0.1991864761448629,-0.04708741738701415,0.011003733435685434,-0.12079933729552947,8.367098545589117e-05,0.013269566123048216,0.05764809451273482,0.07958670017235853,0.03423726966616541,0.17308019345970957,0.1962506772085056,0.24638198911473225,0.2646327462803028,0.22148005746655253,0.5441003269492597,0.5724554951853402,0.659255441920092,0.688419949630113,0.614883499314191,8.636496367307624e-05,0.00015212364786461565,0.00036969450535430615,0.0004373356475220064,0.0002590653189453451,-8.365784070649188e-05,0.006610431372262807,0.026825194626976027,0.03384286703300718,0.017044282931585122,0.001675537209608516,0.0020265977554766276,0.002969644240326862,0.0033112075054956202,0.0025087859883529337,-0.2433302762716886,-0.2098648064226381,-0.09554485297324335,-0.051705572645834655,-0.1494845716102074,0.05323435766587784,0.05600316778539823,0.06620353189090285,0.07037727275580263,0.06120287838354435,0.07691497327019656,0.10884142313534476,0.19537419331853945,0.22791872071882938,0.1493571888614137,0.002807069013559417,0.025805294680092523,0.09220718376283323,0.11623744964780847,0.057478703060698036,0.16100841193300933,0.19046963584608323,0.2531129577951949,0.2766491986835625,0.2206251321833821
1940,-0.15831588637294514,0.054911697653286226,0.5603205825493789,0.7363006290343359,0.3061559158599093,0.8259051941046951,0.8594986926701685,0.9646806309725241,1.0048950565296628,0.9114850363056768,0.18747133072449768,0.2207659240298684,0.3120575783522609,0.34155311309085384,0.2652739004668885,-1.0657272174372596,-0.8502394370938475,-0.3599584081687741,-0.17360857635146898,-0.6075775611737949,0.11023044158695314,0.31003851289787354,0.8245811619536683,1.0058282443475182,0.5752748572705462,-0.9309490409835973,-0.747171592106216,-0.3176143098851898,-0.16509815915552564,-0.5276826901673355,-0.27126722454470453,-0.22097969810505425,-0.05482374988334468,0.010416786021625107,-0.13448261505281123,8.455938111060254e-05,0.01341045874931991,0.05826018622395893,0.0804317300022416,0.034600791637788855,0.17435512245323542,0.1976962827013747,0.24819686772750701,0.26658206210971724,0.22311150553179643,0.5519008444201402,0.5806625277312172,0.6687068855928144,0.6982895115076108,0.6236988027451771,9.596107074786248e-05,0.00016902627540512852,0.0004107716726158958,0.0004859284972466738,0.0002878503543837168,-8.435203746872842e-05,0.006665285047864019,0.02704779137462274,0.03412369676182533,0.01718571720631452,0.0018852144489460811,0.002277809039719873,0.0033332585696837554,0.0037151156849599284,0.0028176329045100324,-0.2440023864224662,-0.2101895617985272,-0.09601983280990527,-0.051515163181788816,-0.14981995240025148,0.053963615769719135,0.05677035585225949,0.06711045486792794,0.07134137185897102,0.06204129734822403,0.07779637611357276,0.11008868534905702,0.19761307298255956,0.23053054257820307,0.15106873923117944,-0.015177310830282401,0.008243844471310924,0.07100478841166417,0.09252943687747386,0.03840008905926917,0.1646247395437579,0.1947476769425075,0.258797998514023,0.28286287487401585,0.22558048046339485
1941,-0.17458406832935194,0.042592775266316406,0.5621621360127712,0.7418538662128135,0.3001283065592731,0.8355846014561931,0.8695880065358308,0.976026075956526,1.0167006296704855,0.9222386712485279,0.17390828564171587,0.20547682078379903,0.2947271197974396,0.32398127864393733,0.25071886192658827,-1.0942333358032155,-0.8695994665098942,-0.3663365361313497,-0.17711418041887558,-0.622171673711718,0.07893959387391322,0.2908676941297317,0.8139143537142614,0.9989593576624801,0.5571762324234883,-0.9481191309601177,-0.763973206747375,-0.32495105645998695,-0.16891252044182065,-0.5398043579364727,-0.2806196742354239,-0.228855695555508,-0.05673288518418032,0.010176856790146146,-0.13987190510255454,8.619138239267418e-05,0.013669281432085675,0.05938461141915837,0.0819840673627907,0.035268589055081984,0.1755918415991026,0.19909856314168203,0.24995735410693756,0.2684729565986031,0.22469405880968152,0.5588756165749887,0.5880007821853099,0.6771578205977945,0.7071143036602721,0.6315809378902502,0.00010343855678016728,0.00018219715400813227,0.00044277985489767026,0.0005237930554737067,0.00031028025212791394,-8.502673190656371e-05,0.006718597699026094,0.02726413463014816,0.0343966370380115,0.017323178116059698,0.002135073913411975,0.0025736007931170296,0.0037658563742921907,0.0041904045013252175,0.003182176447585395,-0.24338295051331638,-0.20949104835140336,-0.0960116811477847,-0.0511555067231377,-0.14922525808360737,0.05473265696254054,0.05757939619469732,0.06806685305448865,0.0723580652908208,0.06292545443511142,0.07871465441667405,0.11138812956771064,0.19994562118588646,0.23325163584792932,0.15285189613954675,-0.029238024868600786,-0.005875755799474341,0.05379603802134549,0.07500551293579964,0.023239163239819484,0.1651124215267384,0.19532459468607016,0.2595646580176705,0.2837008238245347,0.22624873686482622
1942,-0.18805965916803505,0.03272895506131239,0.5634115237126943,0.7490095029760653,0.29487383537458745,0.8448177682163176,0.8791882719464919,0.9868020050707293,1.0278467560370936,0.9323288558195293,0.15713465443309957,0.1873806049578889,0.27503072112911464,0.3033994638429072,0.23329273429932978,-1.1180761706790783,-0.8929896692772237,-0.3813189156840649,-0.18181410042185156,-0.6364935526205188,0.041651143692992346,0.26192438272968477,0.7930678839154304,0.9845666237910199,0.5341772597676891,-0.9770481816883588,-0.7860207525463122,-0.33536583584678437,-0.17511767342901874,-0.559190103065331,-0.2891180330459936,-0.2357946315033572,-0.05883705969718888,0.010582082306173276,-0.14350094061219554,8.950404513735833e-05,0.014194643922971095,0.06166698796765786,0.08513502698394043,0.036624095113542365,0.1775502838172438,0.20131918471542326,0.2527452230110951,0.271467337019946,0.22720015662681742,0.5643852426086575,0.5937975360984609,0.6838335213201348,0.7140853277319644,0.6378073229293657,0.00011216229048450653,0.0001975631790449412,0.00048012273422633715,0.0005679683734051622,0.00033644846616276165,-8.609640112251015e-05,0.00680312026001167,0.027607128002460027,0.03482936005284025,0.01754111040555977,0.0024477943592150866,0.0029446905758182436,0.004310672986580024,0.004795936231173436,0.0036405914347109637,-0.24241259980970808,-0.20857375025713046,-0.09621793848136789,-0.05136689162072363,-0.14907697040818677,0.05558809412398041,0.05847932610805644,0.06913069535260562,0.07348897654956023,0.06390893989172147,0.07982338202593842,0.11295707623350298,0.20276193578706375,0.23653707907939822,0.15500487665676066,-0.04746779157125497,-0.024449023124469976,0.034453112521880574,0.055930059493769196,0.005309133814827012,0.16506795004800487,0.195271985842481,0.25949474671685935,0.28362441167433583,0.22618779889421844
1943,-0.18218225914336503,0.037991171085069456,0.5709408373595859,0.7600781177337206,0.3025676986546338,0.8528865845331876,0.8878212661188751,0.9958147914868978,1.0373617128543269,0.9410561789753656,-0.504398661178281,-0.45252502803498496,-0.3280535932629167,-0.280124909294308,-0.3930073894450917,-1.1212283688002664,-0.8954297675414992,-0.37894893601003227,-0.18229432201835274,-0.6393911121554592,-0.604853334159384,-0.36267907825944673,0.1880874254946273,0.3858281291181047,-0.08613868617386797,-0.9856196910144445,-0.7908978763919898,-0.33742448861667124,-0.17651424423514853,-0.5619891346869202,-0.29194591315968094,-0.23790766152375092,-0.0586269823736262,0.011316547158287376,-0.1448296049617773,9.052168252036772e-05,0.014356033279981207,0.06236812535376338,0.08610298978304536,0.0370405014139418,0.17930827759102905,0.20331252353563903,0.2552477508519676,0.27415523972562883,0.22944975292238912,0.567650317753103,0.5972327669117025,0.6877896273002997,0.7182164461216201,0.6414971586653542,0.0001208860241888458,0.00021292920408175016,0.0005174656135550042,0.0006121436913366179,0.0003626166801976094,-8.706249718319145e-05,0.006879458731746235,0.027916910261209144,0.035220183677340186,0.017737940905346555,0.002823760986170674,0.0033923506711332763,0.00495808651309275,0.005523077082671722,0.004191623915530865,-0.24139806042828063,-0.20766504997222768,-0.09601902011506744,-0.051640331588884314,-0.14839980609872827,0.057576312378900485,0.06057095499974215,0.07160329155582883,0.07611745530951465,0.06619476967142057,0.08127644882503578,0.11501329300899212,0.20645291742095587,0.2408428873230787,0.15782651154934052,-0.06346590980938023,-0.045094402870466885,0.014620115936566992,0.03671911350956413,-0.012336451481641534,-0.47428204308879474,-0.4339319662829216,-0.3265374650110149,-0.2760297117412442,-0.37823546551587073
1944,-0.15875574755079472,0.060445483081327786,0.5884661218104671,0.7730440187658154,0.32200983790766025,0.8561358389514744,0.891325238461589,0.9994291453200482,1.040936138352226,0.9446569231348028,-0.38143400023204166,-0.34081633251369237,-0.241612632781066,-0.19901801476916056,-0.29330640215364395,-1.1015133185228065,-0.8756420923973774,-0.36619824129815465,-0.17239496602847298,-0.6246212780066625,-0.47970689847913045,-0.23626720992823652,0.2983156721756298,0.4996586915772913,0.03462518375857904,-0.9680944849742082,-0.7842144926047727,-0.33306867041390364,-0.17395221545585024,-0.5531059412634305,-0.28491501426640775,-0.23082682696563953,-0.05736806433381876,0.011245946675500622,-0.14033835805841377,9.08996257225661e-05,0.014415972125986219,0.06262852273431371,0.08646248420218783,0.03719515171788715,0.18073019564563042,0.2049247957175249,0.2572718703751087,0.2763292959954602,0.23126929383085906,0.5678662015074565,0.5974599012017953,0.6880512013755768,0.7184895918558476,0.6417411271978972,0.0001308560055652522,0.0002304903755524218,0.0005601431899307035,0.0006626297689726618,0.0003925232105232056,-8.784289949017848e-05,0.006941124151861399,0.028167149134164463,0.03553588691907548,0.017896938527188308,0.003275130989441397,0.003922558099899157,0.005713769091112606,0.00638002771477708,0.004842417957792503,-0.24037983640322255,-0.20667509195512673,-0.0956270548975395,-0.05176206007168623,-0.14805373533430843,0.058264382844850617,0.061294813189121264,0.07245899259239674,0.07702710323203336,0.06698583572149236,0.08269815843873349,0.11702513662098254,0.21006424766134524,0.2450557762133775,0.16058725555341358,-0.05989569330645638,-0.03943184003749766,0.02099408864262161,0.04223631114540289,-0.00767141723815873,-0.35574117085097196,-0.32547609171501024,-0.24492350453162484,-0.2070395332806274,-0.28370023558911583
1945,-0.04979835361691762,0.15606572121280365,0.6413932952934,0.8045123235101289,0.39558941626299743,0.8584302388643108,0.8935648083886102,1.0017646124272013,1.043313596691843,0.946995163554143,0.05337355260376789,0.07728795430738714,0.14475049501994564,0.16481372336290817,0.10976281380602543,-0.9827516488741738,-0.7834317442594161,-0.31378168274916535,-0.13290810507376394,-0.5556809085215737,0.06361684681380095,0.26206032860768536,0.7459467889222674,0.9195829193945914,0.5079632036565355,-0.8741644522657502,-0.7079132062861163,-0.2954631780642382,-0.15542793362949528,-0.4979447517616937,-0.24792052932702824,-0.19840213529283185,-0.046968259684729126,0.010917491752263067,-0.12038799226126456,8.274519252071132e-05,0.013122742579585876,0.05701023661808142,0.07870609855935747,0.033858445128554425,0.18192920143415756,0.20628431406143147,0.2589786712818581,0.27816252825780896,0.2328035876494498,0.567284738682422,0.5968481361045324,0.6873466759182453,0.7177538992107679,0.6410840206334095,0.00014082598694165857,0.0002480515470230935,0.0006028207663064027,0.0007131158466087056,0.00042242974084880184,-8.850249280384954e-05,0.006993243550315914,0.02837865015862857,0.03580271820018333,0.01803132276377689,0.0037481774218282135,0.004446892034038789,0.006416685940402287,0.007097197491379836,0.005445664230362941,-0.23932339618662998,-0.20591182109445674,-0.09524039036896834,-0.051325025070379685,-0.1475243240875364,0.05897751368357002,0.06204503518417961,0.07334585931331912,0.07796988165085328,0.06780571337020258,0.08228494893902265,0.1164404089913755,0.20901464094310637,0.243831330873819,0.1597848655028985,-0.027565175137803245,-0.0035100991797855008,0.05818491663503681,0.07944462777671682,0.026459970261479338,0.060900986675910325,0.07204461316998845,0.09573927650810604,0.10464179455380838,0.0834508462890842
1946,-0.012634073454337732,0.1795763487595631,0.6568066894339203,0.8150547645523741,0.4172904603807581,0.8621930477497008,0.8968515226145715,1.005553279045885,1.0472070695343456,0.9507687724662705,0.1621735083058617,0.19382970216682546,0.2795402894031307,0.3056541014902091,0.23463487715382397,-0.9595463778678427,-0.7623953221680984,-0.30247730922467664,-0.1244114115734843,-0.5408422677916287,0.20986689239068795,0.40884798539766654,0.8850585501744749,1.0513436200057718,0.6491350924976551,-0.8542855365786376,-0.6909593124233034,-0.2894727896521122,-0.15061257586216298,-0.4856991797570869,-0.2404665858232188,-0.1916980731319305,-0.04399034174326835,0.011934206676036731,-0.11582910151716941,8.187843560121411e-05,0.012985281688056863,0.056413053681338275,0.07788165119927819,0.03350377749525059,0.183633255164483,0.2082164918103193,0.2614044147435656,0.2807679587779118,0.2349841601954727,0.5672195607236702,0.5967795614707665,0.6872677034900512,0.7176714331565156,0.6410103635349472,0.00015328846366216656,0.00027000301136143306,0.0006561677367760268,0.0007762234436537605,0.0004598129037557972,-8.944057403907282e-05,0.007067368361268269,0.02867944936045193,0.03618220873259146,0.018222445578457855,0.004473682417812734,0.005190199745543619,0.007306625025769235,0.008067352247358824,0.006294642053081291,-0.23770457086699145,-0.2055098425580285,-0.09506007838163223,-0.05078312110590772,-0.14706073012274312,0.05960539346723978,0.06270557207080116,0.07412670576482949,0.07879995584974804,0.06852757894206911,0.08211315813020625,0.11619730995203159,0.20857826959348458,0.24332227080772315,0.15945127386025554,-0.011007255122606467,0.012108849489004906,0.07699810927514857,0.09985522319529988,0.04302190773730881,0.13940066417835298,0.1649081151971137,0.21914454037021522,0.23952215650039146,0.19101666547457613
1947,-0.06595279211332501,0.1349266641641187,0.6375849407991304,0.808985229638738,0.3825665898364769,0.8673998938647427,0.9020501428395494,1.0116163070427655,1.053507941827745,0.9564503457571211,0.011351983095812488,0.04361523117267756,0.11977507269108119,0.14945937172234652,0.0798161161117039,-1.028757585490692,-0.8122437870921873,-0.33067809960020805,-0.14369302432632014,-0.5736066808098816,0.004571565367717901,0.21078741989083233,0.7126736182632891,0.8991489152272018,0.4717257840203501,-0.9017870369099528,-0.7297804742321039,-0.3078780823701656,-0.16043561152130384,-0.5116981289503761,-0.26411746334055103,-0.2147653220258397,-0.05282757605147185,0.01048643796201536,-0.13064093546258196,8.317674503868433e-05,0.013191183445217006,0.05730757003907277,0.07911658542848429,0.034035031789419606,0.18597736234348886,0.2108744078441161,0.2647412829196232,0.2843520056174486,0.23798376969634163,0.5685783215260171,0.598209132543269,0.6889140367283298,0.7193905977972643,0.6425458884289728,0.0001645046927106074,0.00028975932926590995,0.0007041800101986185,0.0008330202809942271,0.0004934577503720439,-9.073262246217753e-05,0.007169462765790849,0.02909374944427625,0.036704892830269176,0.01848568496760212,0.005235479973308864,0.005991623632889205,0.008230518692768331,0.009095307963289554,0.0071861554956885385,-0.23707409572572896,-0.2046917108400441,-0.09478210737736248,-0.050533247172715096,-0.14689320082898935,0.059874871836664546,0.06298906647176966,0.07446183556833148,0.0791562136039193,0.06883739486911411,0.08446335962250824,0.11952305088648339,0.21454809186829057,0.25028651840194954,0.16401500798410446,0.019984935326187933,0.05178551480993071,0.12789657377028218,0.15781778928937007,0.08795247454794039,-0.010470028114076964,-0.009579278728307867,-0.007208488047953933,-0.006093502556895909,-0.008349748879172178
1948,-0.09467034169690541,0.11443029891558149,0.6308839428296977,0.8087513760617849,0.36777120517676565,0.8715828190392447,0.9065100979421029,1.0164412159869585,1.0585446495616448,0.9612086976274858,0.08505749443679242,0.11734714819366551,0.20391772192027743,0.23590967913751637,0.16106237272314233,-1.0575597768374267,-0.8393479614919905,-0.33693180623704977,-0.14782854990337962,-0.5926632733856514,0.05809925719735901,0.2648384429908324,0.7891530839292769,0.97470583318709,0.5347544545734583,-0.9385672073616118,-0.756429069716497,-0.3221497207165923,-0.16837066483828067,-0.5354112847874716,-0.27632271352706594,-0.22458450827059684,-0.05617325977671431,0.010213581752624842,-0.13693456968682544,8.737432548862671e-05,0.013856886986699592,0.06019964204210483,0.08310926670143322,0.03575263667989699,0.1883190147546244,0.21352954048688874,0.2680746567005185,0.28793229921434094,0.2409802379820425,0.5689834613885784,0.5986353858078872,0.6894049216734462,0.7199031987827139,0.643003733800616,0.00017821341710318251,0.00031390594003811225,0.0007628616777152749,0.00090243863774387,0.0005345792295697877,-9.202685830815483e-05,0.007271730014946509,0.029508750933298137,0.037228461826012596,0.018749370017954185,0.006014133049908252,0.006816947298188303,0.009285262300553744,0.010254740473865168,0.0081393017203064,-0.23651561711028407,-0.20416509211028744,-0.0946418389470087,-0.05093120955441997,-0.14685379864594744,0.06002505672782325,0.06314706273634718,0.07464860912336828,0.0793547621261954,0.06901006056908035,0.08763588348429893,0.12401244999002488,0.22260672159834013,0.2596875173139452,0.17017556717624316,0.029835414348796767,0.06308830729787053,0.1460188433158955,0.17912654156308772,0.10369813740285781,0.04055495354836444,0.047975674943776976,0.06375433508495325,0.0696826660613994,0.0555712703446922
1949,-0.09826590795602846,0.12927616550010873,0.6365302500094066,0.8174476910950362,0.37826289593150175,0.8765192715458808,0.9117031032548538,1.0220538688659504,1.064118209997699,0.966486502680651,0.1951650016532459,0.23093130156033576,0.3293817067608742,0.35874684216610103,0.2772109878170089,-1.0491934801955625,-0.8292382317469057,-0.3376523757844806,-0.14965089943288276,-0.5852446020370632,0.2033434740497958,0.38862020855684887,0.914325195850236,1.093294194358061,0.6634949321499206,-0.9316650562894343,-0.7500934452518281,-0.31835608094974877,-0.16537374332805257,-0.528105458014654,-0.2733752874176453,-0.22235865601933769,-0.058682769082580105,0.0059682706441594804,-0.13661534792447805,8.418031457485e-05,0.01335034175136899,0.05799901488289473,0.08007116708354362,0.034445681677803736,0.19015947926262483,0.21561639051203266,0.2706945827435395,0.29074629639939126,0.2433353669939128,0.5705768379002762,0.6003117993199594,0.6913355254322314,0.7219192096608458,0.644804396062172,0.00019192214149572496,0.00033805255081025703,0.0008215433452317916,0.0009718569944933476,0.0005757007087674336,-9.304690201484939e-05,0.007352331293474246,0.02983583170336133,0.03764110938232038,0.018957191704393382,0.006755746645178075,0.007687376701049388,0.01035689122896614,0.011424092856467047,0.009127439243573092,-0.23599870544427393,-0.20344090326496506,-0.09460573271094065,-0.0514046213631409,-0.14684201948250453,0.0601675802332798,0.0632969991334301,0.0748258547942547,0.07954318208761549,0.06917391806926851,0.08732518230723903,0.1235727806143075,0.22181749956197597,0.2587668303294674,0.16957223270951222,0.019993577031741563,0.05205121566267038,0.12869334550176206,0.15890351091889635,0.08846800486114773,0.13733996850796512,0.16247035465270385,0.21590502778832205,0.2359814110256725,0.18819295428327382
1950,-0.1678321088554925,0.08024879709921373,0.6180536997497061,0.8126710898383944,0.343716208190281,0.8823253265983966,0.9177061801096281,1.028767709244201,1.0711196349282421,0.9729370949559908,0.19296710530849606,0.22758482329331672,0.3219493761481035,0.3517674168171502,0.2723766320922564,-1.1079010520546995,-0.8848383283818325,-0.3634229703705333,-0.15780624930526777,-0.6267476114295261,0.12433503344586028,0.34052292590545685,0.8969245440138969,1.0808965479894161,0.6270801717250587,-1.0006268727793848,-0.8051751588177868,-0.339004019702757,-0.17854638471841433,-0.5722079036730991,-0.29624974179148955,-0.24092697708108726,-0.06471020883748872,0.00512456370394035,-0.14876376867193772,9.086255664416144e-05,0.014410093259084737,0.06260298267734261,0.08642722460039658,0.03717998344866334,0.19150857864245996,0.21714609568292415,0.27261504390130115,0.2928090158056642,0.24506172633175077,0.5733886164174861,0.6032701104690188,0.6947423976525406,0.7254767969830992,0.6479819648455845,0.00020812336123236902,0.0003665894544500697,0.0008908944068422329,0.0010538968706518361,0.0006242988205464784,-9.379723384596959e-05,0.007411620620501539,0.030076428367518993,0.03794464794101119,0.01911006282698255,0.007526360754486818,0.008567694967843292,0.011448123086806851,0.012608309230981168,0.010127414113789587,-0.23630676072863915,-0.20380889242625005,-0.09511210671244145,-0.051478015363998986,-0.14781533323167734,0.060614596095089374,0.06376726505584027,0.07538177450777496,0.08013414924890253,0.06968784664144294,0.09145340003834244,0.12941457023942288,0.23230371797648783,0.27099979439508015,0.1775886041533331,-0.002729223488953954,0.021932574772357303,0.09071402509296768,0.11730789029460033,0.0551285114910878,0.15800612632654856,0.18691799379643403,0.24839322060336796,0.27149058679940746,0.2165111877575886
1951,-0.15316787974816262,0.07632793313726548,0.618662327062704,0.813091377669909,0.352702836092923,0.8887548122814978,0.9246917336097107,1.036234948873467,1.0790063158144865,0.9803402247115351,0.05656813004854826,0.07945202611782413,0.14887855097277963,0.1715503053305143,0.11450057506215697,-1.140268896711533,-0.8862070942732323,-0.3703513772357393,-0.17009960877875838,-0.6324004629854559,-0.04592977096162589,0.19189638277010546,0.7343966632627319,0.9255932807990453,0.4694948546840814,-0.9909599662569487,-0.7913215877045476,-0.3348735485475381,-0.17399806443437182,-0.5542075762436519,-0.30813474083185827,-0.2519473526526048,-0.06915813997510117,0.001977278418769207,-0.1572069893741414,8.462091751263087e-05,0.0134202179430385,0.0583025839117688,0.08049026258855249,0.034625971673365716,0.19344464513087425,0.21934134605719904,0.2753710606524895,0.2957691846243431,0.24753919130646426,0.5762610264377611,0.6062922128628025,0.6982227336190888,0.7291110979815237,0.6512280528136525,0.00022432458096901305,0.0003951263580898824,0.0009602454684526743,0.0011359367468103245,0.0006728969323255233,-9.487549462644847e-05,0.007496822065226435,0.030422176656629888,0.038380846579566565,0.019329745544840314,0.008356879125161825,0.009488147746759266,0.012597705213374541,0.01394800132167759,0.011193519022985477,-0.23906356775025228,-0.20593882078064382,-0.09629850475220646,-0.05176470599323107,-0.1494868666356097,0.06099787108571735,0.06417047483518629,0.07585842453564388,0.08064084924000983,0.0701284931274227,0.09050720058385235,0.12807561514631235,0.22990024635997908,0.26819596361879355,0.17575122861231335,-0.04322063878491289,-0.01851947525173039,0.04283720268799216,0.06476404306829099,0.012220055735848785,0.07475700019365936,0.08843599183970746,0.1175215953486078,0.1284495881380888,0.10243733759837073
1952,-0.16742429835124972,0.06531865791553235,0.6181301691348833,0.8151129811473001,0.3483894822404541,0.8977878039200833,0.934095342551026,1.046512467414216,1.0899563144809383,0.9905327003481211,0.05165194159096216,0.074941727563604,0.14384997830319432,0.16687721839179412,0.10990300732976138,-1.1564572390607348,-0.9121046818533706,-0.37837654188307024,-0.17539034584689317,-0.6506625822865448,-0.06485509829736283,0.17718008601310223,0.7267603007710122,0.9230714909378375,0.4591634549475143,-1.0169683245392334,-0.8090894730173779,-0.34088586589850756,-0.1813815305317867,-0.5657904976074978,-0.31804326457936954,-0.2604222916918489,-0.07265305536433098,-0.0010069429070346584,-0.16341188685433267,8.599467740514125e-05,0.013638085554272362,0.05924908453787882,0.08179696426151979,0.03518809948434071,0.19557279713141323,0.22175439669551852,0.2784005137201703,0.29902304456722356,0.25026245627373306,0.5812387374729182,0.6115293316337055,0.7042539431694169,0.735409119523451,0.6568533248972652,0.00024177204837772423,0.00042585840816355784,0.001034931227110148,0.0012242873826734013,0.0007252333603953167,-9.606415437573564e-05,0.0075907469577562526,0.03080332478154684,0.03886170591687302,0.019571920730156393,0.009192001665852685,0.010398770048706788,0.013714158051904329,0.015153116599195668,0.012218819347157368,-0.24193833123514577,-0.20818232140508244,-0.09715150184285351,-0.0526079403130726,-0.15102586338200163,0.061514106703482695,0.06471356075161583,0.07650042760814182,0.08132332680657994,0.07072200279141921,0.09249273672840415,0.1308853226775171,0.23494377047567847,0.27407961460073565,0.17960683805120914,-0.045557113868966,-0.020511874711787316,0.04092485308853772,0.06313939239685536,0.009883905267078705,0.07279539891494677,0.08611545792010672,0.11443786391054878,0.12507910944460113,0.09974941256258363
1953,-0.1809157225089505,0.05708238851560943,0.6194933405001627,0.8265518331427949,0.3418533250937627,0.9099699103854835,0.9466082315372196,1.060736067882546,1.1046332598198332,1.0038311080348952,0.09075044613452962,0.1177312926392301,0.1940695182305913,0.22125221406710988,0.15633641192642983,-1.1762769603125183,-0.9340191901988835,-0.3919233246584168,-0.17781220015757493,-0.6670914731388276,-0.026245007639810105,0.2085911936226422,0.7802510738030448,0.9865878961300397,0.505129346789706,-1.0411076211803778,-0.8327373829136007,-0.3530413677056994,-0.1881435389903249,-0.5871886895589206,-0.32823312673686733,-0.26873249224898077,-0.07679036060177209,-0.003475985768246984,-0.16965999499831985,8.828574467810679e-05,0.014001430966129554,0.060827596634602916,0.08397619620356898,0.03612557963496231,0.19905942823057804,0.2257077878993862,0.2833637801017824,0.30435396513412877,0.25472408322694917,0.5871460581929948,0.6177445056384537,0.7114115079400791,0.7428833246123652,0.6635291415730209,0.000261712011130537,0.00046098075110490114,0.0011202863798615466,0.001325259537945489,0.0007850464210465093,-9.801899192906843e-05,0.0077452132860896085,0.03143015064018037,0.03965251412839117,0.019970195465231,0.010149798600171648,0.011459369391759231,0.01500947360584815,0.016536797347294255,0.0134085079875806,-0.2443762063155662,-0.210187133846421,-0.09769255220081688,-0.05347506622262657,-0.15269493832918923,0.062463985757585536,0.06571284464223098,0.07768172012312799,0.08257909282324158,0.07181406691647574,0.09557338671322084,0.13524471219913126,0.24276902842078593,0.2832083677377269,0.1855889921368879,-0.056820068581602656,-0.034472024853566326,0.027809182503070518,0.050085245852193844,-0.00274452018535313,0.11579690004025538,0.13698534826832207,0.1820382893093712,0.19896550261924248,0.15867311571545
1954,-0.18850348438072706,0.05795423047635419,0.6263180547684651,0.8392500058869046,0.3454688013111768,0.922468296283499,0.9595571375963803,1.075210959914903,1.1197333694232217,1.0176006778101505,0.12114946970989804,0.15103556696547643,0.23477494089055617,0.262375284910976,0.1939870177271842,-1.1917821455320776,-0.9503774051305119,-0.39501962327274354,-0.18144159005680127,-0.6789844871323882,-0.000666644053822048,0.24758788512816615,0.8267612332053479,1.038314653045858,0.5449738653667111,-1.0595990037762912,-0.8461339907214753,-0.35879576109984973,-0.19150661165546695,-0.5962123705751707,-0.3365778414922266,-0.27561241079735876,-0.07859776965481927,-0.0033910069724822855,-0.17387500170221543,8.999221062573817e-05,0.01427206316444114,0.062003326903534405,0.08559936333837072,0.036823847194581094,0.20330588585514128,0.23052272465153253,0.28940866978741164,0.31084663030099946,0.26015801336024585,0.5926892822970777,0.623576608547155,0.7181279175347751,0.7498968584580764,0.6697934955272119,0.00028289822155538424,0.0004982982404800497,0.0012109762296598377,0.0014325424529219994,0.0008485977979883522,-0.00010041002268667723,0.007934146500223067,0.03219684345570465,0.040619779543302904,0.020457339340648334,0.011247919635785388,0.01265950280764414,0.016523780227088447,0.01807863729987795,0.014742240346428744,-0.24691159803008617,-0.21223124245179045,-0.09868593111447564,-0.053970507035808676,-0.15437158082073388,0.0631196853042292,0.06640264824534711,0.07849716390324332,0.08344594550754805,0.07256791652355196,0.09776934480618595,0.13835218521539652,0.2483470520842307,0.2897155527242255,0.1898532090205181,-0.05696690127634079,-0.034493416137548964,0.028153627600987097,0.05054339614793428,-0.002621457027886593,0.14274315004887253,0.16886220715377134,0.22439908871907946,0.24526531008217511,0.19559677640263923
1955,-0.2446620623334663,0.02289865627921151,0.6217719416341088,0.8418965392000659,0.32486018027512953,0.935329473837426,0.9727455315941804,1.0902376164708425,1.1349884663268746,1.0313688939567234,0.14559870554713877,0.17779392362622626,0.26368701841369524,0.2923551132869367,0.2198402550904618,-1.258965670922276,-1.0004983081740444,-0.42104174731905786,-0.18933083011425034,-0.7148241634721761,-0.013357066471870295,0.23944219952402662,0.8489938352959155,1.056665295214676,0.5450316588824624,-1.111629242680839,-0.889379468612012,-0.3726620354181029,-0.19685403063910586,-0.623649353365284,-0.3666731460956967,-0.2999367247661002,-0.08673067924882857,-0.0056320185206792175,-0.18999058431137295,9.272146278430888e-05,0.014704901283740192,0.06388374202628101,0.08819539076717922,0.03794062789975409,0.20796561888250661,0.2358062625535407,0.29604186258132387,0.31797117715593326,0.2661207865583236,0.5975264095767931,0.6286658172004742,0.7239887897387904,0.7560170071757351,0.6752598950147037,0.0003053306796522986,0.0005378108762890608,0.001307000776505161,0.001546136127603098,0.0009158874912209437,-0.00010304936547200166,0.008142700703904663,0.0330431584371304,0.041687496880780515,0.02099507381725689,0.0124849666839005,0.013989153263536223,0.018265611827458984,0.019776366436915247,0.01627415971847708,-0.24953116247092555,-0.2145574788014084,-0.09990135720335505,-0.05392027605379561,-0.15601096019052374,0.06402323610335398,0.0673531942690939,0.0796208414823052,0.0846404643075652,0.07360671763052266,0.10169327543056546,0.14390489069371093,0.2583143542593602,0.30134316188891025,0.19747288594981674,-0.032174859575318064,-0.007264341717066339,0.05650919344248573,0.07953958951941077,0.024211604625194342,0.1427957150095909,0.16892439041988824,0.2244817233623511,0.24535562868160096,0.19566880463562075
1956,-0.3044229248834475,-0.026199403435466007,0.6040277716773489,0.8401444359374052,0.28897905821505065,0.948599625714132,0.9861306570542867,1.1056167861393638,1.1513312409282868,1.0458662760967858,-0.03871636646962652,-0.0062106530458817385,0.07263079983597008,0.1039723823194841,0.031723364634275594,-1.3445960445344427,-1.0645309279277473,-0.4472150593712917,-0.2013040491543652,-0.764821624712864,-0.2902003296776208,0.010360677290168721,0.6345537302866695,0.8763425173401209,0.33023040439775353,-1.1724172455799666,-0.9499815703962091,-0.39672780196183194,-0.20885662537943117,-0.6686000795531347,-0.3954545831867268,-0.32193165983674243,-0.09407501185538468,-0.007342198848830434,-0.2049141989669667,0.00010072592625849301,0.015974346800265205,0.0693987011769266,0.09580912725049483,0.041215968485327624,0.21343987543147175,0.2420133653622026,0.3038345405908522,0.3263410981471113,0.2731258553118069,0.6017834079418742,0.6331446641821504,0.7291467527088924,0.7614031509711199,0.6800706953793578,0.0003302556330933146,0.0005817138049657402,0.0014136947174444093,0.0016723513216932075,0.0009906538170349343,-0.00010617009941612718,0.008389293221647378,0.034043833265971414,0.042949955761197645,0.02163088597602983,0.013948031678941514,0.015569409315320346,0.020204711740580063,0.021812982926594594,0.018034811772468504,-0.2518400629536855,-0.2165577788364553,-0.10051043743590515,-0.054581214912339,-0.15759382449321419,0.0650652607238536,0.06844941637483676,0.08091672844739901,0.08601804927619477,0.0748047203663005,0.10679313319024866,0.15112163605227477,0.2712686667095146,0.3164553436529438,0.20737603466318305,0.01600463561156671,0.04675002359905046,0.12360574814253893,0.15238909426307204,0.08364043670017979,-0.06473063656401415,-0.05922360505162345,-0.04456626237524501,-0.037672897829376405,-0.051622073428035646
1957,-0.3321830107899503,-0.039536515460761014,0.6072573445865062,0.85390690089727,0.28002638540366437,0.9625147790184851,0.9999047822300756,1.121828526122085,1.1681341572324857,1.0614728235849238,-0.03282109524617931,0.011150023068768871,0.11297333234261497,0.152288532155176,0.061855808446824596,-1.3806986642338073,-1.097401444844427,-0.45952625237616634,-0.2087268724235191,-0.7880700495666708,-0.2854040594952526,0.009893832527888276,0.6691089162250091,0.921964640078088,0.3514708040463641,-1.214336750394188,-0.9849332304623349,-0.40942870491147204,-0.21685133760846925,-0.6997772748299431,-0.4070682328634942,-0.3326495962861171,-0.09679059958015052,-0.00742392843465179,-0.2113363991475092,0.00010687220860611435,0.01694909927363819,0.07363340050247016,0.10165538719006097,0.043730961287591644,0.21897023048368525,0.2482840766579641,0.31170707557615807,0.33479679152321734,0.28020270986281487,0.6062082634680995,0.6378001160095578,0.7345080986608977,0.7670016751175106,0.6850711898013706,0.00035642683420636503,0.0006278118800762245,0.0015257233554305499,0.00180487727548774,0.0010691584591395755,-0.00010934467558829626,0.008640140216321434,0.0350617728034664,0.04423419592773273,0.022277667843806623,0.015585278438868113,0.017262393940118435,0.02244470907253108,0.024158854027325222,0.02012149147292367,-0.25392346843459757,-0.21796588010827656,-0.10137766819760649,-0.05469120689019249,-0.15897181904999969,0.06605064757410423,0.06948605488289343,0.08214217931457944,0.0873207575678085,0.07593760736261132,0.11095807282979993,0.15701539039382664,0.2818481636228034,0.32879712411723594,0.21546371447236118,0.04828778150321638,0.09029466373951855,0.18923254702380407,0.22940700175629067,0.14026972522614234,-0.09828514341876685,-0.08992342459847193,-0.06766813554903992,-0.05720144838215995,-0.07838147683641383
1958,-0.31153677193488155,-0.007286121399202876,0.633891623974861,0.865980788635702,0.307258002674946,0.9754943578887688,1.0130984328089219,1.137258520385435,1.1838714664246406,1.07619440055965,0.1854876244800111,0.2271111078473285,0.3392040313261548,0.37820350378067696,0.28277907389184354,-1.3725137929432722,-1.0859364343798048,-0.4537692055099447,-0.20959160311516672,-0.7690699436726661,-0.02533355546451282,0.26055101562832783,0.9154976116786125,1.150442236243636,0.5977812785394587,-1.2023559605687983,-0.971195711676941,-0.4091188813797796,-0.21565988734279337,-0.6878968133597096,-0.4075405276585466,-0.3334223136299903,-0.09400839630368388,-0.002177993155870295,-0.20952288384231446,0.00010538286552769165,0.01671290107002731,0.07260726473893168,0.10023874436709948,0.04312153807686257,0.2233151749981231,0.2532106848755029,0.3178921626774707,0.3414400392357806,0.2857626675998085,0.6115453582013847,0.6434153473503004,0.7409747530124754,0.7737544049092019,0.691102598575142,0.0003850905306635171,0.0006783002480543768,0.0016484213875106156,0.0019500247486912833,0.0011551397338256156,-0.00011185448604330846,0.00883845910227564,0.03586655276627624,0.04524951237374324,0.02278901165974328,0.01726941349536686,0.019094039121023164,0.024862879088953144,0.026688245245784475,0.022244098257031924,-0.25503972163467403,-0.21877476701262957,-0.10191732824857071,-0.05437966511796727,-0.15966603679405295,0.0668418767064634,0.07031843719760685,0.08312617095820787,0.08836678406088423,0.07684727364740497,0.10959943293647036,0.15509279595959388,0.27839703880426947,0.32477112692527915,0.21282544228015976,0.051763806761519864,0.09584840317440389,0.1991218613487103,0.23983890815579476,0.14738122293976091,0.09829977505632165,0.11628660971154477,0.15453196833877286,0.1689014485244451,0.13469731553169506
1959,-0.34009478300975865,-0.030171777964333117,0.6396043465674828,0.8778374206476384,0.30296442073145397,0.9898043009859369,1.0279121902041086,1.15371271606189,1.2011644278648008,1.0917434894413476,0.22632945874162472,0.26697302289150737,0.377771937732949,0.411904016431521,0.3187741047764999,-1.411613060413251,-1.1135306322698655,-0.4618179086357307,-0.21973019259426252,-0.7901875406325076,-0.03130283211229706,0.28436636410797445,0.9575137937895795,1.201615711011947,0.6259911049230293,-1.241634686398837,-0.9991971755958226,-0.4229702717641493,-0.22010717126955706,-0.7037886921057925,-0.42455231955278294,-0.3478646468181511,-0.09716493912453385,-0.0025408609865815238,-0.2188167484895817,0.00010815282038879558,0.017152194320692486,0.07451572343293271,0.1028734876514111,0.044254973891273,0.22699844417995008,0.2573870383728372,0.3231353460211198,0.34707161162654854,0.2904759201895436,0.6185669934447525,0.6508029071093444,0.7494824693583247,0.7826384903271678,0.6990376933279017,0.0004150004747927036,0.0007309837624663343,0.0017764541166375733,0.0021014829815992494,0.0012448593248023062,-0.00011399282992745861,0.009007425637594971,0.03655222060550461,0.04611455606995858,0.023224673611554225,0.019023278807896057,0.021032171633422272,0.02738113477923002,0.029321803275455707,0.02445117585955127,-0.2553786891994505,-0.21863388969361414,-0.10221825357870083,-0.05384225143283136,-0.15971442426100163,0.06749804665236597,0.07100873566625301,0.08394219973819368,0.08923425862584074,0.07760166406665397,0.11114216996755329,0.15727590396636382,0.28231579467371026,0.329342650980742,0.2158212031355332,0.034284473896246205,0.06993864724337143,0.16038095715226264,0.1958488374073225,0.11509966673884228,0.14893820264893662,0.17619082681168394,0.23413800899332854,0.25590982434720205,0.20408567634496533
1960,-0.3769831223015676,-0.05783626696208908,0.6410397550950044,0.8814080233778595,0.2924097164352881,1.0093055914221871,1.0473251859349617,1.1757928980468635,1.2238125153443442,1.1123199300145974,0.22272593493824908,0.2624729170050328,0.3692403593681763,0.4008995136798776,0.3119668363933071,-1.4752125335625366,-1.1535753813101997,-0.48222111846570054,-0.22681309118486107,-0.8221834560410541,-0.07067213666836818,0.25305082884222074,0.9552589269864071,1.2070309767879397,0.6072892688503371,-1.2939416165391953,-1.0376686700262718,-0.43337313921216103,-0.227977218256943,-0.7247471436685378,-0.44851791197296886,-0.3689744353965745,-0.10237532466024067,-0.00271344606074992,-0.23082480793313795,0.00011220752023842695,0.017795238112643056,0.0773093527762317,0.10673026284610077,0.04591411357285799,0.22951594144492815,0.2602415564620923,0.3267190373224621,0.35092076502571773,0.29369740629823016,0.6310853665338436,0.6639736609403721,0.7646502705416881,0.7984772931078298,0.7131846082799649,0.0004486491619380588,0.0007902527161798223,0.0019204909369054885,0.0022718734936208146,0.0013457938646511446,-0.00011546192783073703,0.009123510045066457,0.0370232922569926,0.04670886360382806,0.02352398471146088,0.020958532895641004,0.02325464383887042,0.0303390274501673,0.03247423167098524,0.02695292086567131,-0.2558029781463633,-0.2187485008402591,-0.10252260021122389,-0.05339011083905404,-0.15927985603738767,0.06840307010563357,0.07196083093940689,0.08506770874548691,0.09043072431480005,0.07864215826576207,0.11365464584269075,0.16083127736397954,0.2886978153189346,0.33678775903904695,0.22070004944903843,0.020761177109107694,0.054476516200642935,0.1352182049666119,0.1667895585902371,0.09276666680288204,0.15999612569167476,0.18927212206749128,0.2515215951974061,0.27490985988665473,0.21923802586315597
1961,-0.3946256733032872,-0.06561448873890659,0.6426308813007371,0.8896400215270324,0.2882130450402202,1.0264867385121168,1.064533143553325,1.194951804104784,1.2435713983964274,1.1300210209376584,0.1865132919839193,0.22247887974951527,0.31828598615221815,0.3477040700476174,0.26797856350044824,-1.5069873535517644,-1.1888709949598704,-0.5009146543708964,-0.23844406042588343,-0.8499921833935002,-0.1266103810901568,0.18836562246650249,0.9095539501194176,1.1569687028155329,0.5552209485232166,-1.3125920929308184,-1.0707335721382343,-0.4455386614602191,-0.2356041841475084,-0.7438114429031017,-0.4661106929749277,-0.38326564347729,-0.11114520783101732,-0.01090147510396497,-0.24377653728656123,0.00011231253282469003,0.017811892290307843,0.07738170492393184,0.10683014938588162,0.045957083596631955,0.2314864931937713,0.2624759086860797,0.32952414430685256,0.3539336604388789,0.2962189999355529,0.6413527080596433,0.6747760732644816,0.7770906247184404,0.811467990569192,0.7247876501701167,0.0005208214621450911,0.0009173773407420925,0.0022294322215486635,0.0026373402095413454,0.0015622860528830586,-0.0001166162213218879,0.00921471940263849,0.037393420714711335,0.047175820446225425,0.023759158183344863,0.02314724317011111,0.02583119508358751,0.033680522305514625,0.0360597189650378,0.0299123513214527,-0.25642387776998943,-0.2187797076565803,-0.10300563442954651,-0.05310018684533113,-0.15991849511522505,0.06938027127706872,0.07298885801747285,0.08628297970494855,0.09172261091576234,0.0797656342890285,0.11744773596457203,0.16619883207268216,0.29833276533242215,0.3480276543597335,0.22806565400710055,-0.013383923223763892,0.011816476240587799,0.08181085966123332,0.10607959881069719,0.04518323288371462,0.16196169959175913,0.19159735551637094,0.25461157178709126,0.27828716445033125,0.22193139446617496
1962,-0.3952941420378753,-0.06317063592760465,0.6603602891028989,0.9124739425401427,0.31207280876810395,1.0485754563298708,1.086924157864683,1.220152099042027,1.2690977028896695,1.1537846881517821,0.15754923668289872,0.1894792858972772,0.2807468107804245,0.3112617740578473,0.23733143443402221,-1.5337477767426475,-1.1996305338720301,-0.504982440819778,-0.23236667642380313,-0.8573460448697977,-0.16052771918738085,0.17527405489669004,0.899545395694424,1.1543175521951596,0.5495621783259688,-1.3291813683933125,-1.0719770186324837,-0.4493318457406088,-0.23499916971279555,-0.7471777749006034,-0.47719443191248995,-0.3926961395846928,-0.11466898386862691,-0.010133935109403119,-0.2482878882409481,0.00011241242542152678,0.017827734477557172,0.07745052947323276,0.10692516586155196,0.04599795857565746,0.23630883901446983,0.26794382857990623,0.3363888186046624,0.36130683580074874,0.3023898587042111,0.6526943979000281,0.6867088223407775,0.7908327056867925,0.8258180013335971,0.7376048046392085,0.0006050080147245736,0.0010656639251956628,0.00258980180418601,0.003063644800189499,0.0018148168844534975,-0.00011944760929358052,0.009438448532114719,0.038301315692201944,0.04832122756928321,0.02433601956622384,0.02577896617564995,0.028641711064356756,0.037460906198444915,0.040230693047053144,0.03331200804611262,-0.2577801829916263,-0.22009717574122117,-0.1036495864593029,-0.05317713167613782,-0.16098716069759403,0.07041505345560499,0.0740774609894413,0.08756985979443585,0.09309062117858495,0.08095531047943003,0.11919938790327651,0.16867757296981065,0.3027821926669026,0.3532182466727764,0.23146709586302489,-0.045237676235990856,-0.019069477632131255,0.04548759889053429,0.06858119253912148,0.01322449131730162,0.1621829261602367,0.19185906199140237,0.2549593505796275,0.27866728218556047,0.22223453478242838
1963,-0.44464565457631283,-0.09544598006003312,0.6535050130215189,0.9310038458156753,0.2747091391666401,1.071159936844628,1.1093999278589344,1.2454255936739111,1.295345530349714,1.177693602563855,-1.2002298180195274,-1.0930919748624435,-0.8081404091279125,-0.687498975893325,-0.9509243014571233,-1.5997963990101447,-1.2675607328945238,-0.5303552111219255,-0.24673238258412417,-0.9076079305576832,-1.4325182523495392,-1.0900817040727444,-0.26801052139046844,0.028449420433429497,-0.6650612589900697,-1.3876441168398077,-1.145979168582015,-0.47219135691758024,-0.24868452004511324,-0.7975664185154565,-0.5091605818576028,-0.4187373195086678,-0.12659584429521833,-0.01697161485342554,-0.2685338897528948,0.00011911430936637037,0.018890601033634477,0.0820680302348247,0.11329990646251445,0.048740297591276155,0.2429641264013237,0.2754900684504512,0.3458627099363413,0.3714825060681718,0.31090621983966327,0.6618749927764638,0.6963678534528394,0.8019563107143599,0.8374336985669487,0.7479797226898186,0.000671567810156135,0.001182902657796765,0.002874718159175758,0.00340069086604767,0.0020144734801267944,-0.00012338211725508884,0.009749343418278739,0.03956293015580186,0.049912889852903465,0.025137628433081885,0.028913520497870073,0.03194039130369509,0.04195894259679997,0.04520249227192622,0.037218504706394775,-0.2591488432143696,-0.22137096914080928,-0.10431423534184406,-0.05334058100716388,-0.16178860704242343,0.07155806009984746,0.07527991736693916,0.08899133044124191,0.09460170713680079,0.08226941099094978,0.12682052444237737,0.1794621486064758,0.32214088630210186,0.3758016217499989,0.2462661847921784,-0.05543904632649477,-0.031080479930428825,0.03358202147708986,0.05780668407701252,0.002052798158483254,-1.1925033043530853,-1.0910497481346475,-0.8210241388957933,-0.6940307948564627,-0.9510101616197149
1964,-0.4418790289799188,-0.08245024105694793,0.6799459060582469,0.9489927490979041,0.3144033194972098,1.0935967920924072,1.1333724879284865,1.2721103795726798,1.3226870629657328,1.2026373337515723,-1.3605844773730624,-1.2407063898774404,-0.9208542049033407,-0.783881854695821,-1.0807204743119532,-1.6077299201846147,-1.2804588640828287,-0.5297180346570679,-0.24422983810617924,-0.905309516896688,-1.563827628740996,-1.2114224078637224,-0.36845681374316114,-0.05515093204008568,-0.7612507001536726,-1.4098475205769345,-1.1310913017542354,-0.4676015613822823,-0.24130401244407018,-0.7843181670358179,-0.524511374637521,-0.4328023375189674,-0.1313939116746944,-0.020275848458329845,-0.2753829652050781,0.0001131312848540242,0.017941739980429253,0.0779458131881333,0.10760893514917921,0.046292108143854614,0.2489729674284342,0.2823033212972202,0.35441637615857324,0.380669785508879,0.31859536340594663,0.6722216056435202,0.7072536682537818,0.8144927134698826,0.8505246936573553,0.759672348499136,0.0007369912188770264,0.0012981397535713139,0.003154770088766306,0.003731982487084588,0.002210721304776238,-0.0001269627107376995,0.010032272875803362,0.040711060638730506,0.05136137989409862,0.02586713146430069,0.032360161450159956,0.035888722969060746,0.04710972100459996,0.05079851076154874,0.04187204205846229,-0.26003454508376256,-0.22215988185701435,-0.10471811342030762,-0.053322514581029164,-0.1624758362840543,0.07262912272475205,0.07640668779343102,0.09032332976938401,0.09601768113924043,0.08350079835894676,0.12740277833953847,0.18028608886282207,0.3236198881222651,0.37752698883695507,0.24739683337185206,-0.06092292274490505,-0.037380442384260096,0.028578609680066154,0.05206723291124448,-0.0035977215334154914,-1.3474192196988748,-1.2327860182171555,-0.9276818777328599,-0.7841910614744917,-1.0745541460704646
1965,-0.4607542512230129,-0.09092413805494338,0.6908522746700754,0.974920243400603,0.31561657281245553,1.1129360321237889,1.1534855125608876,1.2937512436516179,1.3451694191984234,1.223374026519629,-0.21666648672377994,-0.1892727396829347,-0.11017266054581902,-0.07657802015413728,-0.15019711185357568,-1.653378474827058,-1.3064558886160855,-0.5357428176770341,-0.24914478914718294,-0.9222575365853762,-0.6108253594384921,-0.23945594949167873,0.5449306081312273,0.8334333665206872,0.17602604545965012,-1.4311570687116393,-1.1563918124385917,-0.47713475327471455,-0.24741461829769776,-0.7961987310215454,-0.5416445103260723,-0.4486852892081481,-0.1389390221974746,-0.023173862436231284,-0.2863137162918627,0.00011351040025504635,0.018001864728031055,0.078207018196659,0.10796954454785518,0.046447238098983865,0.2538996332963518,0.28788952670658685,0.3614295514501976,0.38820246208250414,0.3248997141102859,0.679485045363195,0.7148956338537454,0.8232934105565811,0.8597147208606032,0.7678807045884124,0.0008247429425280805,0.0014527060468975913,0.003530400769188598,0.0041763404217370825,0.0024739464288174944,-0.00012991933525743706,0.010265897881137236,0.04165911317643717,0.05255745009675976,0.026469508293672506,0.0362260222338084,0.04029285512410704,0.05294668187853516,0.05717740260324379,0.04697401234208635,-0.2610185304460291,-0.2229507470000063,-0.1051801907912141,-0.05360156749676771,-0.16329507496218204,0.07371091611840706,0.07754474711433514,0.09166867414050832,0.09744784151064065,0.08474452275820682,0.13148240746139359,0.186059121350622,0.33398268505026074,0.38961597243698953,0.25531885312081476,-0.05838537443436232,-0.03410144698292444,0.031888527440465525,0.05553183507408202,-0.00032066988708705994,-0.186371584781082,-0.17051581315756925,-0.12831458776757082,-0.10846730457861671,-0.14862958477094523
1966,-0.45034430755317967,-0.07729151042874427,0.7146403169345723,1.0086748212357666,0.33238530232457497,1.1408882337203567,1.1825728936970323,1.3262575833385435,1.377796944995273,1.253660696693689,0.014166443589113786,0.04053660785348742,0.10985221970221276,0.13267696942824758,0.0742750491156217,-1.6764992807275576,-1.3259842330885867,-0.5422871315044381,-0.2543789972352798,-0.9307642601128581,-0.39301462277569643,-0.0075499814267619165,0.7949709566961188,1.0834385743660173,0.4148113360615728,-1.4558911160363124,-1.170507921254564,-0.479412865050523,-0.2459836060725409,-0.8021095469405823,-0.556639338980341,-0.45914867727706304,-0.1421947655610625,-0.024358088927774954,-0.2941771515946655,0.00011397331230733181,0.018075278971373464,0.07852595788161472,0.10840986017830555,0.04663665674487959,0.257898550764853,0.2924237847612323,0.36712206438596773,0.39431664817557727,0.330016882360585,0.6956216244581978,0.7318731523717387,0.8428451863145594,0.8801314389134488,0.7861165256850993,0.0009340653899688723,0.0016452671132246004,0.003998367250176595,0.0047299283734577625,0.0028018763382347267,-0.00013233413776722258,0.010456709479114167,0.04243342849181776,0.053534332114744974,0.026961495378841106,0.040647836684381516,0.0451848553972608,0.059426360303074605,0.06446924225876392,0.05272672294785168,-0.2618876424864088,-0.22359017320603541,-0.10564824484692106,-0.0538886465142484,-0.16383365496770053,0.07493764791146384,0.07883528332903765,0.09319426740290764,0.09906961439912072,0.08615488103116492,0.13384757772667957,0.18940604440976164,0.33999052998596596,0.3966245763307009,0.25991165432690455,-0.034516703008060395,-0.008653885961927234,0.05854009119416284,0.08208688449741541,0.024418304807227897,0.03662532941257183,0.04332701050959936,0.05757677717917317,0.06293067493719073,0.05018662097152171
1967,-0.43533152132058345,-0.06892795700887017,0.7346816417402225,1.0345350398808477,0.3418778233006428,1.1619886854221142,1.2052256403078458,1.3502712556164458,1.402942957984711,1.2774680961260048,0.11597758557189775,0.14500658414387477,0.22958647451754277,0.25607822805281727,0.18696870740450533,-1.686603686345422,-1.3393260688539668,-0.5464401998045797,-0.24856630036433716,-0.9459602072962745,-0.2601522033839225,0.11378860933111455,0.9275622407171159,1.2241856060813785,0.533315513508162,-1.4653730969892698,-1.1930109775115971,-0.49235892580317014,-0.259011934498064,-0.8230246299484907,-0.5643850073983221,-0.4683174354761039,-0.1476797762376458,-0.028311022246724847,-0.300118120958113,0.00011772166507837328,0.018669738504470113,0.08110851853432728,0.11197524221012553,0.04817044248825078,0.2621803963953527,0.29727884696038254,0.3732173293752012,0.4008634201989816,0.3354960963442851,0.7046374376017818,0.7413588143388012,0.8537691346818919,0.8915386469645469,0.796305225195671,0.0011494834771655124,0.002024705531845584,0.004920487515195124,0.005820764340328713,0.0034480568388998516,-0.0001349326574437649,0.010662037943800736,0.04326665339311342,0.054585534908807166,0.027490912636043176,0.045465533258308835,0.050657364075594145,0.06683381324183943,0.07227291566845608,0.05915453428057771,-0.2641856969319552,-0.22550542607411989,-0.1066288152907724,-0.054525001730362045,-0.16528650381803273,0.07616058315631688,0.08012182553056178,0.09471513918633921,0.10068636814732784,0.08756087445991002,0.13933980513989272,0.19717802719050198,0.35394151319191436,0.4128994496446265,0.27057672527665894,-0.006922573947402743,0.01942076999845204,0.0930622714011883,0.12069863244770553,0.05508961552328369,0.09497916825225705,0.11235840023997155,0.14931181493336357,0.16319588817229486,0.13014718485044463
1968,-0.4477061176023869,-0.0684957676510671,0.7535296814057385,1.0657208254461323,0.3540088554849737,1.1920530811337364,1.2356842699732897,1.3836946760336035,1.4373015211832183,1.3090412435339904,0.08506923521782583,0.1169773828390139,0.19854197575623633,0.228985482924659,0.1565127209881405,-1.737149005120634,-1.3691817931848862,-0.5499364398932216,-0.25916525622926323,-0.9607996957123868,-0.3064051255423644,0.08443438006185866,0.9176185502085534,1.2149421717928477,0.5151295677311012,-1.516830705801348,-1.218123581924649,-0.4970192497099117,-0.2543486499731589,-0.8293154088701409,-0.5886045111418282,-0.4857229824744482,-0.1525880420633475,-0.029343145301931956,-0.3119953203524205,0.00011803676087332186,0.018719710241546984,0.08132561496349908,0.11227495703267132,0.04829937630734648,0.2683294057709177,0.30425103268535975,0.38197052713141655,0.4102650114812209,0.3433646047081815,0.7183411758123265,0.755776707243209,0.8703731754120355,0.9088772264532653,0.8117917119468012,0.001355639961440118,0.002387830520093266,0.0058029624939143305,0.006864701322487157,0.004066455702047887,-0.00013868574107935654,0.010958597137749855,0.044470093478655236,0.05610380396010515,0.028255558469723673,0.05075906769680152,0.05707876836252758,0.07515917801008495,0.081134836866249,0.06637452511999593,-0.26890088022084535,-0.22950454906633255,-0.10856134107207792,-0.0555941308446389,-0.16827821405461757,0.07737567710628294,0.08140011859802168,0.09622625934621641,0.10229275548982979,0.08895785284952665,0.14249748556289915,0.20164642152822465,0.36196243862649,0.4222564636543992,0.276708460766525,0.005272446511000876,0.03546799785581031,0.1119256573992516,0.1408585738105205,0.0720345717534731,0.061110197660866464,0.07229210545713785,0.09606816622616329,0.10500126677422873,0.08373752200158899
1969,-0.44975496732302833,-0.06386684656318184,0.7873254453697757,1.0912513982515377,0.3734287749402917,1.2216462321938533,1.2663117833698547,1.417639728184747,1.4718259926450223,1.3409726269116669,0.01923884186298887,0.050282774239889264,0.12979917918261907,0.1573923288087413,0.08798549467498261,-1.7820322974487046,-1.4068108274402729,-0.5574793462770425,-0.2597116622219091,-0.97360582852618,-0.3784766907519603,0.014448210431135707,0.8755927585083969,1.1686398355768246,0.46829089425533055,-1.5502471054658842,-1.2337339737979836,-0.5033645115296704,-0.24788434787933866,-0.8417575342545738,-0.609854902752407,-0.5009112829801279,-0.1564005029095355,-0.031331369090250714,-0.3225624467226087,0.00011942949386293801,0.018940586838096747,0.08228518777812455,0.11359970565683047,0.04886926770612282,0.27454177837788374,0.3112950641647472,0.39081392330188874,0.41976348262939794,0.351314195094529,0.7312969939673575,0.769407703091078,0.8860710039193649,0.9252695042004815,0.8264329801267167,0.0014757389902733098,0.0025993735069028386,0.006317059289301057,0.00747285981995784,0.004426711665652217,-0.00014250626586108768,0.011260485360806793,0.04569515881600586,0.05764935559151849,0.029033944629072696,0.057000071533838625,0.06389808981501614,0.08440432544671701,0.09093813573124253,0.0745181608026955,-0.27236745598270606,-0.2324423570554929,-0.10996530271555165,-0.0563888294755226,-0.1704814724572366,0.07859734482162493,0.08268532734365391,0.0977455547993589,0.1039078335294525,0.09036238901537023,0.14528659677515066,0.2055932581546612,0.36904714957418894,0.43052131290820794,0.282124490862776,0.006545081633048887,0.03787476784611744,0.11585456162272394,0.1451957713821547,0.07500470728372019,0.00964428340258739,0.011408988671048696,0.015161276783846954,0.01657108000241063,0.013215280338241842
1970,-0.49460962928671715,-0.09327764831960571,0.7929462153679436,1.1183555080355365,0.36423832203916034,1.2627980677992021,1.3101023095617736,1.4663826030694578,1.521672281320366,1.38732199965952,0.1591660603258197,0.19305788161223394,0.28721197369238666,0.3182468100144298,0.23791068895182266,-1.8631238704013589,-1.4851723397366783,-0.5845825808822943,-0.28330190266321004,-1.0231058533511024,-0.273077801586206,0.13860590385565918,1.0450496589901115,1.3593847120641813,0.6083759982444288,-1.6213159963750121,-1.3015512600619685,-0.5222979390035389,-0.2662417861075603,-0.8830067400324018,-0.6545485855757454,-0.5384078018385369,-0.17057409675400795,-0.038241452019849825,-0.34715133128453673,0.0001246974809477605,0.019776048528628257,0.08591475441586671,0.11861054312154093,0.051024871508781815,0.2821203546575246,0.3198881948830928,0.4016021288216052,0.43135082496873367,0.36101203212820576,0.7543562149407177,0.7936686290767446,0.9140105513891521,0.9544450568600383,0.8524920243530971,0.001535917050389135,0.0027053714212988745,0.006574657940669878,0.007777589999513014,0.004607225240536965,-0.00014720492233072472,0.011631761332934101,0.0472018003121153,0.059550145819820016,0.02999123960095454,0.06366788378125537,0.07132819831697206,0.09455096989702202,0.10229971120123484,0.0835304181311173,-0.2746127490463296,-0.23421301422403512,-0.11090228489992857,-0.05707963502707992,-0.17193977269327768,0.07982008735362071,0.08397166680899504,0.09926618692043047,0.10552433250600626,0.09176816088454211,0.15216771532157655,0.21533064352337222,0.3865260997444562,0.4509118255682924,0.29548657731512284,0.00787965775815953,0.03945053703390813,0.11832853260957643,0.1475753235086533,0.0771374664042523,0.11715594717371253,0.1385930730418261,0.18417477668666143,0.20130065577012596,0.16053537837528659
1971,-0.4611446753114179,-0.05894180060108678,0.8266877893239805,1.1625274227383318,0.40019116431335955,1.289739758424354,1.3395268790185781,1.498068076614921,1.554148427503195,1.418219062219745,0.1765187120529553,0.21242467881266877,0.307010414134212,0.3360178714202295,0.2571826243400992,-1.8518323063725126,-1.4757390071580034,-0.5797219823475778,-0.26887067685712734,-1.022587151445323,-0.20946722730565637,0.18702516668308614,1.104579967019448,1.4264361561381462,0.6614737337421316,-1.629424671148553,-1.316034393686846,-0.5313406770486747,-0.2735227135540385,-0.8956580383295649,-0.6541473247537701,-0.5374225935711066,-0.168699631078039,-0.03317957148911754,-0.34686004028503137,0.00012969204264459737,0.02056814708382885,0.08935593492999758,0.12336130208646379,0.053068592575854126,0.2890316156585412,0.3277246759078842,0.411440402044462,0.441917868732668,0.36985594692327334,0.7635312171149614,0.8033217760293161,0.9251273800573381,0.9660536779576656,0.8628606221349553,0.0018787079886744072,0.003309164971010588,0.00804201137868005,0.009513417707692793,0.005635480680956176,-0.00015152831718259134,0.011973385079400711,0.04858811278887982,0.06129912805349075,0.030872079513362828,0.07037117636495202,0.07928940464396464,0.10564890471998432,0.11459010694615364,0.09300089419845003,-0.2759858932948252,-0.23502223839437889,-0.11143509117957254,-0.05677800672629786,-0.17218022298668317,0.0810701415286015,0.08528673844265089,0.1008207844598264,0.10717693821948786,0.09320533260969716,0.1560606600704812,0.22083950127424956,0.3964146937023455,0.4624476156657874,0.30304608438335845,-0.012893379232048443,0.013223843630668291,0.0864529830322522,0.11198864745232823,0.04806120273308992,0.15230195343097505,0.1801700747207833,0.2394259868045866,0.26168951590027023,0.20869492596123979
1972,-0.46387588509683203,-0.06088101679182978,0.8574317714762959,1.2149794244218168,0.4101709895156387,1.3384581312100596,1.3904393577853362,1.5541176929227194,1.6111152390269825,1.4711548241305112,0.18271692087618,0.2199522788819953,0.31618680847689995,0.3453612119051161,0.26574401686114524,-1.9215240260882411,-1.5318684740378823,-0.6160397364726287,-0.26804611488422186,-1.0778645603315935,-0.19580625304848442,0.19555062187094116,1.138067318670382,1.4841389473841904,0.6716869616476192,-1.6921914889726148,-1.3787156801679559,-0.5630160065372629,-0.2961698863141799,-0.9425388579530564,-0.6764461768170505,-0.561427617910058,-0.1787331313564958,-0.03625874208318165,-0.36123047806835407,0.00014118766055647733,0.02239126248250434,0.0972762488148591,0.13429577705486356,0.05777247610589475,0.2952530110795764,0.33477893809788034,0.4202966423124206,0.451430135405443,0.3778170832487523,0.7927142795227814,0.8340256804642993,0.9604868381413304,1.0029773873505425,0.8958401713931532,0.0020479027920551215,0.003607185482979315,0.00876626791146954,0.01037018781152751,0.006143007157406072,-0.0001554519934477087,0.012283424072261328,0.04984625402915273,0.06288640849247329,0.03167148155183088,0.078318018803051,0.08840249144415513,0.11761186460040415,0.1275427984824926,0.10366753596341113,-0.27693397746244464,-0.23589359456397876,-0.11144360671382376,-0.05669659624779635,-0.17260451688548473,0.0823407867654785,0.08662347211459959,0.1024009895407178,0.10885676587839982,0.09466617762241081,0.16418364015450493,0.23233422947677224,0.4170481362400373,0.48651808140815284,0.31881967720858195,-0.015968902402027037,0.011271015537653108,0.08455432344778813,0.11025488781548202,0.046469739312941134,0.1593595605865789,0.18851907865625397,0.25052088427401,0.27381609575271637,0.21836575926062876
1973,-0.444843768891655,-0.023164108905062077,0.9163784292030607,1.2637420973529219,0.46126494502697735,1.3961161155799953,1.4494505040618295,1.6194002128931275,1.6784624898789897,1.5331506351032216,0.13559073095322516,0.16888511451712113,0.2575927416840793,0.2884559175027662,0.21397563944398446,-1.9375281137093483,-1.5526531557037275,-0.6119172942550168,-0.28307324201824563,-1.0741421049870796,-0.23113717908377887,0.17314880817933556,1.1474903176366036,1.4886485821572828,0.6775113588458328,-1.7114002951626004,-1.3869726041705095,-0.5562018617831342,-0.2849482733803051,-0.9453668676814738,-0.7028987636649108,-0.5773742413142648,-0.18072524294622433,-0.035260933765077454,-0.3721722325261565,0.0001391373295320805,0.022066095963260774,0.09586360049916391,0.13234553014903763,0.056933502645683906,0.29986665977896637,0.34001022229949057,0.42686423344408236,0.4584842211519807,0.38372088517227654,0.8308526699763462,0.8741516096565883,1.0066969582373078,1.0512317763567545,0.9389400664286616,0.00218965685329294,0.0038568717443751917,0.009373061399505436,0.011088003248757201,0.006568220803363082,-0.0001583828959828305,0.012515016591307907,0.05078605871779131,0.0640720731467982,0.03226861783495324,0.0869421604732363,0.09858829730149571,0.13114156607173424,0.14189296555734557,0.11543591425900501,-0.2786624416804113,-0.23784618260760684,-0.11216715315761058,-0.056963924985141204,-0.17399914765144187,0.0836475766787406,0.08799823040945912,0.10402614501343635,0.11058437778530801,0.0961685777196602,0.16435256313563945,0.2325732702887915,0.4174772229284794,0.4870186433679801,0.3191476999657077,-0.04216321172765049,-0.014745394048774502,0.053312732273182936,0.07700586562657899,0.018536085119735965,0.14178479642758113,0.16772849455411476,0.22289251079071798,0.24361863983555426,0.19428357237908908
1974,-0.3885674806486084,0.020585492221644613,0.9567525878257179,1.308504222644752,0.5042106596736834,1.427139263662989,1.482181186710046,1.6550861997533814,1.7155198722785485,1.5675192617545566,0.11859115728443191,0.14956677494348156,0.2373151422883564,0.26726261421240166,0.19371810753628532,-1.9182731293501738,-1.534642730873128,-0.6040269220949686,-0.27303152080807885,-1.0668186266785227,-0.20054145122007164,0.20168270483266418,1.170906325307289,1.5113727722598085,0.6997720804878658,-1.7067697751868227,-1.3760831626383658,-0.5572246110774381,-0.28404989527245955,-0.9435777654283766,-0.6905865304504489,-0.5685850101035399,-0.17655602164241518,-0.030920149907934097,-0.36562151160541845,0.0001418108985561887,0.022490103171454112,0.0977056507504946,0.13488859253981084,0.05802749840957693,0.304356201085541,0.3451007846807716,0.43325515602867093,0.4653485516207022,0.38946587451335957,0.8433186934344005,0.8872672857152392,1.0218013303480644,1.0670043440543324,0.9530278214744989,0.002189243647532378,0.003856143921830701,0.009371292627855871,0.011085910853864992,0.006566981327566447,-0.00016125107482596124,0.012741652842563919,0.0517057508236621,0.06523236361563199,0.03285297491718083,0.09645825967780418,0.10963787156974797,0.14590673979837143,0.15802426027346733,0.12830768731269723,-0.27989831334052784,-0.23920000696152152,-0.11291306596023128,-0.05722744888443143,-0.1749264586869912,0.08499902018867665,0.08941996481103619,0.1057068327765979,0.11237102296490775,0.09772231550118816,0.1645765337202609,0.23289020828063114,0.41804613780209937,0.4876823254438517,0.31958261680289096,-0.056460106541993606,-0.029964999911728865,0.038797080954767055,0.06387886911191192,0.005130342458838727,0.1373953321787971,0.16253584873525437,0.21599206213833172,0.2360765384478237,0.1882688175071192
1975,-0.3446401406808809,0.07274509585479647,0.9960884117400389,1.3396748609515317,0.5466128807086148,1.4474373316365459,1.5042854041125786,1.6785622253678931,1.7387623709886264,1.589522929618015,0.08157181864825552,0.10746197107351269,0.1881286336369401,0.2173505054237804,0.14934546752898012,-1.8913141034118572,-1.5092953763665136,-0.5871655218972621,-0.26297409976782105,-1.0528142651198382,-0.20206566751333382,0.20324482304927333,1.1592729405419517,1.4982000650889555,0.6982438333255694,-1.6819680893640845,-1.3534552644397422,-0.547925529635391,-0.27926251260797175,-0.9350341868384783,-0.6760248357269307,-0.558515166909249,-0.17115437110550105,-0.02885778201226126,-0.3580994020395972,0.00014245273912155674,0.02259189408232005,0.09814786958385531,0.1354991025314893,0.05829013268356638,0.3096007241984112,0.35104739932201323,0.44072080539430997,0.4733672193061671,0.39617696754604415,0.8442344809943044,0.8882307984997818,1.0229109380851054,1.0681630392335761,0.9540627457918937,0.0022630802848850953,0.003986200117566168,0.009687358286454045,0.01145980545457059,0.006788465957352689,-0.0001646201207978024,0.013007866349854768,0.05278604781840458,0.06659527441861499,0.03353937767714499,0.10606643355235962,0.12063668975959234,0.16082224642577808,0.1745696895679136,0.14139248976047078,-0.28043829159377104,-0.23998340994831524,-0.11319071839380053,-0.057524283903518325,-0.17562249525644433,0.08639314125120769,0.09088659649781482,0.10744059537409818,0.11421408903303173,0.09932511913371354,0.1637952482403057,0.2317846209041059,0.4160615694676411,0.48536717691637266,0.31806547913745326,-0.05649484986695064,-0.029781009260294852,0.039241015208001294,0.06446977847375608,0.005387363500717855,0.10455032128611447,0.12368087719070663,0.1643581272646601,0.17964131351066845,0.14326225677675344
1976,-0.39586650512064375,0.04415226413598822,0.9888186787779915,1.361478992796062,0.5286509639283176,1.4781150065933657,1.5356083758289971,1.713897229420286,1.7748169674269927,1.6234945884226275,0.07857110646909496,0.10412101224920124,0.18495079155294677,0.21478734231705243,0.14605842568119204,-1.9750629718027486,-1.5773302141557521,-0.6263643230182295,-0.2712315242234287,-1.1027334241680573,-0.24587492468082117,0.1812160792101267,1.1573255222523058,1.5178823334802942,0.6734870488256198,-1.7734661001220202,-1.4206360605210615,-0.5810920615045406,-0.3045864002635903,-0.9809668379784313,-0.7102396339908873,-0.5885027717620211,-0.18139273923010424,-0.03135973945654764,-0.37592797252121735,0.0001532969289391019,0.024311698062765102,0.10561935896705898,0.1458139479814223,0.06272745882561481,0.31540257476873307,0.35762595161461436,0.4489798179103498,0.4822380185538558,0.40360123818060617,0.8547560776839375,0.8993007162057235,1.035659358793141,1.0814754316442152,0.9659531194425925,0.0023348705293368146,0.004112651787347771,0.00999466414039163,0.01182333751326401,0.007003812109137696,-0.0001683712805554447,0.013304273523825304,0.05398887100539878,0.0681127651860716,0.034303631543738874,0.11549611066316484,0.13165282318027297,0.1755842088039715,0.1908885644671246,0.15433340759647712,-0.28137754628304934,-0.24096193890539086,-0.11328829249753235,-0.05713350876898344,-0.1765223459374059,0.08782778199727825,0.09239585536627407,0.10922474922790433,0.11611072322793464,0.10097450774204297,0.16964216324193526,0.240058517684817,0.4309135060058299,0.5026930801919514,0.32941929947991455,-0.060313454838051034,-0.03415662452428613,0.034558343281993725,0.060136559357256376,0.0011136651805779085,0.10563009915890215,0.12495823217952609,0.16605558994913655,0.18149661833404154,0.14474184491163666
1977,-0.34031695633806774,0.09446337601018058,1.0451386626761698,1.4250003887925269,0.5845690304253447,1.5257428899434757,1.5861987101317683,1.7688466391760536,1.8313992491456057,1.676386340828777,0.15536055878998817,0.18919605246687607,0.2825681921796018,0.31422942136820176,0.2351845708621349,-1.9778907300459632,-1.5781364667993387,-0.6198064159013807,-0.2577903087103974,-1.1075295820435063,-0.11185321347705356,0.3086854871082035,1.3035502212773253,1.6690507333086484,0.8168771991061449,-1.784918943272804,-1.4301095695404369,-0.5844622416073315,-0.30592378547969246,-0.9907972713174599,-0.71402002045451,-0.5915940065978018,-0.17959794114708968,-0.029442766762973225,-0.3762636692983269,0.0001589251399798487,0.025204288464954528,0.1094971146818597,0.15116742555989315,0.0650304624067274,0.32156147836451243,0.36460935611268575,0.45774710022244885,0.49165473770610313,0.4114824075683773,0.8813718797380418,0.9273035704404687,1.0679082134182047,1.1151509289779271,0.9960314279704381,0.0025499292045591797,0.004491457136049107,0.010915245903841964,0.01291235348668146,0.007648914496945613,-0.00017238150497371583,0.01362115133325096,0.05527476422962619,0.06973505773646413,0.03512066673167745,0.12506301038058007,0.1425163586408809,0.19028414285634834,0.2069440843386545,0.16734983382577406,-0.2835318472788696,-0.24299006245723617,-0.11417533184839335,-0.05722423285710993,-0.17803047607779426,0.08930061557386554,0.09394529353978011,0.11105640060744354,0.1180578493864574,0.10266780617221923,0.1727560021779204,0.2444648724789126,0.4388230682714867,0.511920180672388,0.33546590146483857,-0.03262031865016505,-0.0049534689966654576,0.06669952955681134,0.09124627517980677,0.02994008291398948,0.14945620160996617,0.1768036089159941,0.23495232824278228,0.2567998647852592,0.20479547521743385
1978,-0.30207969999307793,0.14077915152156076,1.0955566376919852,1.4862209787474367,0.6253670807801316,1.571448367735434,1.6334510934640083,1.8211826432895584,1.886089679747326,1.7262072324904136,0.2049399760008238,0.24275260358688644,0.3485391714275516,0.3801137564167275,0.2934127478680537,-1.9997663764414582,-1.5788553080356915,-0.6236868813799227,-0.23919988481657112,-1.1134641805709578,-0.009880338297022116,0.41173126243482555,1.4089541228136027,1.7838682313579914,0.9190759053039326,-1.7970143557764624,-1.441469588767697,-0.5949810065971373,-0.31697558750365207,-1.0133009544512075,-0.7188458299000591,-0.5935721544582092,-0.1778498327713536,-0.020748292604228318,-0.37595707955599095,0.00016785520934565126,0.026620527861290943,0.11564980285685973,0.15966158574292527,0.06868455099369308,0.3278853735151859,0.3717798398122209,0.4667492502376014,0.5013237223973004,0.4195747064813066,0.9056395718053686,0.9528359456134438,1.0973119966284255,1.1458554930503286,1.0234561558736592,0.002710458296550691,0.0047742138237562085,0.011602407928056172,0.013725242086484268,0.008130446806438752,-0.00017652990599581968,0.013948947509074496,0.05660496429059964,0.07141324812489663,0.035965853747470564,0.13483873968476137,0.15341023769019263,0.20471139037436087,0.2226918861187698,0.18021918997223021,-0.28610805336579237,-0.24508797058718482,-0.11533388697292218,-0.05740369678850725,-0.1802023893293427,0.09083253290603494,0.09555688851619201,0.11296152997128503,0.12008308588131855,0.10442903246075401,0.1764766096078213,0.24972985783066945,0.44827390267167916,0.5229452912544466,0.3426907556507038,0.005545601396343649,0.03718331045685531,0.11716762116630529,0.1474423903728205,0.07542581020550995,0.15838415713133014,0.18736519645411448,0.24898750318765786,0.27214013000006976,0.2170291923467465
1979,-0.28218096063908116,0.16641293182959302,1.1377878611692245,1.5333493331792534,0.660435232118954,1.6174236188854645,1.681717479494504,1.873574153161724,1.9409033502886153,1.7751284885819045,0.23418219278250352,0.2767476189603181,0.3929240330188232,0.4285970183969123,0.3318115491852378,-2.0249660440434623,-1.6028909681898953,-0.6347310776800206,-0.24334119593996406,-1.1264463815957426,0.03889671352819186,0.47363200550655593,1.4898852447856448,1.8655976577587825,0.9866958783399398,-1.8219409050394808,-1.4627316824298997,-0.6042426296737093,-0.3217554657105951,-1.025537563663201,-0.733978197091458,-0.60639171801922,-0.18230320923009455,-0.022057511629641216,-0.38433291590798646,0.0001705396176797041,0.02704625409955491,0.11749932123541203,0.16221495833747981,0.06978298208693651,0.33418115248472735,0.37891844337875324,0.4757113764898084,0.5109497185634728,0.42763102684990706,0.9305301363908501,0.97902365359575,1.1274704790675887,1.1773481431545443,1.0515847871098138,0.002892748849557178,0.005095301249897856,0.01238272222401998,0.014648326560160596,0.008677256047673589,-0.0001806912734282012,0.014277768257903514,0.05793932207876725,0.07309668393318716,0.036813682514036966,0.1439866084869063,0.16374170793104104,0.21797591029905658,0.23716624160453306,0.19186796792096109,-0.286879109913589,-0.24573073382494026,-0.11548876094405504,-0.05721253621258396,-0.18101148597924582,0.09242609822138295,0.09723333789297542,0.11494332625474994,0.12218982269133778,0.10626113466819728,0.17899374639374654,0.253291826825237,0.4546677626460559,0.5304042107824688,0.34757865274461236,0.030130813315436326,0.06852049385077705,0.1616532157516441,0.1990894830841745,0.11356696354541912,0.15876590782223607,0.18781679966048045,0.24958763361162453,0.272796064814084,0.21755229418739602
1980,-0.22056312516346505,0.22102234339273152,1.1946172144428981,1.5842986935415257,0.7201921664240012,1.6683866099973257,1.7345452615041077,1.9325059157083027,2.0015427095203586,1.8303154200982472,0.16877269946223442,0.20653922296362995,0.30948796511508375,0.3466935368228872,0.2574703817609163,-2.0230845609917782,-1.5991364112375164,-0.6304329699521857,-0.24763328385587793,-1.1263231564695622,0.03277675383205702,0.4598110201278856,1.4695905361903552,1.8473021774744691,0.9684590225018642,-1.817051318895936,-1.4593340291265429,-0.6002969225230425,-0.3198704015908639,-1.016605621259007,-0.7346361329626483,-0.6089975891224996,-0.1855300288802038,-0.028755624541068923,-0.38694933185005714,0.0001658310184071181,0.02629950695591747,0.11425516468090689,0.1577362029302468,0.06785627377619931,0.34026793125528554,0.38582006760196896,0.48437598814071087,0.5202561617205774,0.43541990254355045,0.9605537477629004,1.0106119112459646,1.1638483825584716,1.2153353525068156,1.0855142341403008,0.002990145889089143,0.005266856847384149,0.012799640715285074,0.015141526528514396,0.008969413816722088,-0.000184746827573459,0.014598227907917436,0.05923975044684415,0.07473731413023779,0.03763995309085779,0.15308300557875573,0.17395860858598128,0.23131007602779938,0.25164856704612776,0.2037559237965857,-0.2878457664232198,-0.2470297071200114,-0.1161118659300302,-0.05753830591853345,-0.18195149763912571,0.0943731820289914,0.09928169286429167,0.11736476666660434,0.1247639205900394,0.1084996726858357,0.1792573812436714,0.2536648932261456,0.4553374299935798,0.5311854282122753,0.34809059155699873,0.02495405448137258,0.06281447083081405,0.15326355416426962,0.18883781971621885,0.10560056954734423,0.10952750510192286,0.12956878315508866,0.17218249930823876,0.1881932512499034,0.1500823466346709
1981,-0.12166746725789879,0.3017769690393085,1.2605787245471543,1.639781921792249,0.7984629487170634,1.7067557785348362,1.7736993743806182,1.9762856426385176,2.0474975159261986,1.8713689024958033,0.12475034503271029,0.1617783322270241,0.258199859059955,0.2962498112455335,0.20933863537115313,-1.9552875822544558,-1.5511233750131073,-0.6090178328439948,-0.23376985556774682,-1.0908440857301898,0.07353742765448165,0.5008021646603501,1.4860516776190786,1.8553530436918624,0.9966039096815149,-1.7688028619312621,-1.4216237362285453,-0.5815823138869286,-0.30671660239836734,-0.9921615706434719,-0.7101953749513873,-0.5883590850879559,-0.17931794572546642,-0.026672572568944636,-0.3738526345621885,0.00016140871545381575,0.025598164176992844,0.11120826213485865,0.15352976867710474,0.06604671484806274,0.3459616890165097,0.39227605655232534,0.492481129085532,0.5289616913533386,0.44270585347155256,0.9779621257205451,1.028927506974409,1.1849411247149184,1.2373612070839282,1.1051873051270396,0.003000753844028114,0.005285541748448987,0.012845049206034038,0.015195243182175949,0.009001234049287984,-0.00018857135823804018,0.014900432665724035,0.06046610028527916,0.07628448629786744,0.03841915540085222,0.16202461834276047,0.18375147642701367,0.2441814541989748,0.2657912773602109,0.21523604827374698,-0.28982823801075236,-0.24854251349478576,-0.11695978614063894,-0.05793169333839083,-0.18324205777256944,0.09681343488807598,0.1018488674541282,0.12039952401245702,0.12799000142555597,0.11130520102332478,0.17819378873338418,0.25215981667818804,0.4526357645065877,0.5280337318129381,0.3460252565425471,0.02618094605869746,0.06458753786176566,0.15615064580579233,0.19274635131466503,0.108202483180602,0.072538266376967,0.08581127542252664,0.11403363920916781,0.12463729705894039,0.09939707134326872
1982,-0.10514745754223147,0.3303399802790849,1.2997104474084737,1.6844547791525781,0.8130088373424499,1.7381421452970665,1.806790633186396,2.0117843690440544,2.084545067404907,1.905185925581372,-0.26941996054688677,-0.22908893846803802,-0.12163230954584323,-0.07727024623204586,-0.1770573155840452,-1.9815361092264467,-1.573937297481159,-0.6173720101959367,-0.2321070189266824,-1.1122749038307929,-0.29245345095298,0.14294882893149616,1.114443312981686,1.5044403269203581,0.6295907885260809,-1.7785414515297102,-1.4566315703923003,-0.6010364975219958,-0.33019109510835737,-1.0272696049658347,-0.709847203791799,-0.5838723957481216,-0.1777448906539425,-0.026184404060966074,-0.3745496201678569,0.00017196783259997077,0.027272757853743317,0.11848334058524311,0.1635734568901337,0.07036739231110184,0.3510854560495326,0.3980857493310859,0.4997748805432951,0.5367957277855024,0.44926242239047565,0.9886618539829186,1.0401848393769253,1.1979053773254371,1.2508989794884022,1.1172789838668187,0.003130232490859394,0.005513606037934574,0.013399296463931716,0.015850898270118558,0.009389625655228233,-0.0001920440037196384,0.015174832344731314,0.061579616844249244,0.07768930715260151,0.039126665319941696,0.17086011839167284,0.19341654687551196,0.256978761601962,0.2794725596308467,0.226365975824263,-0.29116918412746706,-0.24940108441630054,-0.11773596710181676,-0.05856116223436788,-0.18395710138727725,0.10022853476693791,0.10544159252691311,0.12464662463795728,0.13250485660933572,0.1152314988452222,0.1845787049221495,0.26119503225505414,0.4688542951352641,0.5469538700872918,0.35842379342716224,-0.002475893675440228,0.026705150867892654,0.10675495531168162,0.1372515248008219,0.06546650167514002,-0.30422406795738843,-0.2783418641355212,-0.20945460068271207,-0.1770568441430638,-0.2426158309001205
1983,0.027461982897234855,0.44312231345910996,1.3823951537255392,1.742900225488341,0.9228981698380625,1.7805070564172556,1.851056298406983,2.0615256013773657,2.1344152273107477,1.951672883721045,-0.8720293867093776,-0.7836163361036448,-0.5531839727423503,-0.4639886046543592,-0.6690174630459361,-1.8871104215305325,-1.5008806283343574,-0.5767076584568637,-0.21420060250351608,-1.0492245007872203,-0.6608547691985224,-0.24459934414779244,0.734091252624277,1.0846458406148562,0.24717955960664506,-1.7084717850487292,-1.3751376885187452,-0.5712705888505336,-0.2956807239407938,-0.9717397397595462,-0.6798905290501295,-0.5622946793402726,-0.1682048696436256,-0.020737947028033166,-0.35609175497069795,0.00016075272225768441,0.02549412876919998,0.11075629234432446,0.1529057968960728,0.06577828946938763,0.355500108984476,0.4030913979313392,0.50605919852111,0.5435455569063049,0.4549115816973941,1.0128999334247435,1.0656860586961803,1.227273280600387,1.281566076349066,1.1446702467749081,0.00326926009010619,0.005758489896524971,0.01399441903850606,0.01655490742561574,0.009806660848775184,-0.00019504374418900038,0.015411864263555132,0.06254149466994369,0.07890281944243367,0.039737826507576374,0.17949223616646062,0.2032234475305941,0.26994495265520424,0.2934614166574367,0.23783822077224887,-0.29255481463965016,-0.25061536703088866,-0.11865100735214446,-0.059281043639625476,-0.18518021205591825,0.1018839451448108,0.10718310363384864,0.12670533293367675,0.13469335427878396,0.11713470355124522,0.17751242166766257,0.25119562260832634,0.45090500214447216,0.5260146670800718,0.344702145252351,-0.0034819045099622045,0.024936312032843966,0.10483268641779503,0.13554290192195453,0.06338700126162022,-0.9187961372989437,-0.8406285253279986,-0.6325800563344112,-0.5347346302126694,-0.7327312719709844
1984,0.0417687270260248,0.46201628199795525,1.414438441976315,1.7928903908715643,0.954057314463229,1.82040388616364,1.8919350595549425,2.10776117613757,2.1812442505438034,1.995806112230357,-0.3696870348283206,-0.3279395992031236,-0.21669425865064829,-0.16872371663948746,-0.27332921643349306,-1.9216768897974494,-1.517085646201186,-0.5850517290393659,-0.20522864428121343,-1.0639832247009418,-0.24201631690435052,0.20026443675544733,1.1513976824258794,1.5176552844235285,0.6768417351261531,-1.7436819525790634,-1.4065949544778118,-0.5850287503415433,-0.30874207809293736,-0.9969818294254129,-0.6879103210888827,-0.5695936424580585,-0.16764501204423032,-0.01643226227207714,-0.3601509221102787,0.00016829909151656585,0.0266909241137756,0.11595563122976557,0.16008380040976528,0.06886618281627532,0.35929929347525164,0.4073991844795922,0.5114673888699904,0.549354359203799,0.45977316396468504,1.035022219826128,1.0889612228328076,1.2540775977005083,1.3095561776885278,1.1696704686119053,0.003570434149173348,0.0062889792820229945,0.015283626954042902,0.018079995222069337,0.01071007990150178,-0.0001976419950497215,0.015617171487094152,0.06337463337445658,0.07995391348998727,0.040267188996774936,0.18824800632220437,0.21324604729930433,0.2829121924189546,0.3072951155358637,0.2492470017971471,-0.2941205631872984,-0.2516483819405883,-0.11901641922013324,-0.059761695071295966,-0.18635983382876775,0.10386989050798749,0.10927234141679848,0.12917510251387648,0.13731882821386243,0.11941792021559836,0.18129616516494568,0.25654995102467615,0.4605162104967008,0.5372268659636293,0.3520496000859059,-0.05019977607353173,-0.02138734919189028,0.04996476761416283,0.07549680816286856,0.014364541354458103,-0.35873176357126896,-0.3282122564051563,-0.24698249154156182,-0.20878004287517785,-0.286085205136694
1985,0.07648114870915325,0.49828008037153176,1.4594590483260939,1.8321965479507336,0.9877144777432868,1.860444203083625,1.9339129342869246,2.1538355457858525,2.227715011224939,2.039079705776495,-0.057470765411751945,-0.031237348986174883,0.04123896244257542,0.06743818427765184,0.006791851724008098,-1.9287437893346044,-1.530561853221823,-0.5873919228598026,-0.19998392755666555,-1.0725962699910085,0.06975860489479915,0.5059556037543075,1.467198822306136,1.844409093935229,0.9919173170034614,-1.7495224672491123,-1.417307473231768,-0.5919349021299921,-0.31875279226287967,-1.0076749334764585,-0.6921241464278733,-0.5718701009891616,-0.16952293423893655,-0.0162259284024674,-0.3629134532508298,0.00017151899650813654,0.02720157594801394,0.11817409903272873,0.1631465301212817,0.07018373339722256,0.3632671803651265,0.4118982578493361,0.5171157293586854,0.5554211007737502,0.4648506242957821,1.056057051961436,1.1110922612640364,1.2795643082724917,1.3361703834918208,1.1934417669372799,0.0037706168320632916,0.0066415819887851715,0.01614053043415826,0.01909368201728139,0.011310559405974557,-0.00020036444363520073,0.015832292501297283,0.06424759653667395,0.08105525037251361,0.040821855284665406,0.19794508959693335,0.2244178741694398,0.29717924253349576,0.32297502655597043,0.262286026967262,-0.2954885737562155,-0.2524347999856897,-0.11873740527635955,-0.06020265556397115,-0.1871692533829343,0.10546348526455739,0.11094882176609215,0.13115693541115545,0.13942560394597997,0.12125005627124795,0.18331770308829978,0.2594106042258025,0.4656511838867414,0.5432171994160886,0.3559751195078298,-0.06545244449518003,-0.03949562314755904,0.03265252237328486,0.05845834396108736,-0.0028290904299221147,0.006310438168858609,0.0074651184097872915,0.009920311931081371,0.010842773006687793,0.008647009422829161
1986,0.1340839623674578,0.5517250486553241,1.5184233621029368,1.8836808035620514,1.043049349225821,1.9016617268025697,1.9763913811885223,2.201317054332359,2.276006190610011,2.0844777585084557,-0.05680835136207148,-0.03011444236113028,0.042412672410890535,0.06827053340051736,0.007794900057923911,-1.9162551929393397,-1.5181072031371732,-0.5783220849555164,-0.18631118483309964,-1.067350183877084,0.12539078138240947,0.5570110133129171,1.5293408516163474,1.8998601058417017,1.0464619498109755,-1.7524135585725718,-1.4197920008774536,-0.5958423951289916,-0.32039164553859945,-1.0080541667820748,-0.6886855111464145,-0.566916276486689,-0.1650608532941838,-0.012118193947872473,-0.3596225331553803,0.0001765594817462556,0.028000957618912626,0.12164692020023267,0.1679409709323184,0.07224624588474172,0.3672677087872894,0.4164343425182275,0.5228105355087141,0.5615377499510334,0.46996985398420665,1.0764375498183965,1.1325348655319771,1.3042581991888538,1.361956696444053,1.2164736072420217,0.004079938723487994,0.007186423004014794,0.017464616021438638,0.020660028877462214,0.012238419165888973,-0.00020313007142108407,0.016050825426907285,0.06513440526847446,0.08217405492962403,0.041385318817407424,0.20892997579263964,0.2366420028708639,0.31296629785598806,0.3400275081604558,0.2766241139580269,-0.29639476812742127,-0.2532622722017993,-0.11944573623703049,-0.060619750734441015,-0.1879996255930277,0.1080906339742586,0.11371261297984235,0.1344241209471675,0.14289876619343597,0.12427045644183911,0.18638902869474575,0.2637567989354239,0.47345275667894665,0.5523183220372075,0.3619391670677942,-0.06405037112764747,-0.03737477376682977,0.035066005702888224,0.06100756318366721,-0.00029125438379737996,0.005537362127857823,0.006550585372395328,0.008704999258972517,0.009514451928946129,0.0075876858652216906
1987,0.14490236024936032,0.5532649917938526,1.5404120913348567,1.9265634454116025,1.0606644784110721,1.944918609822663,2.01992301133468,2.250470432198661,2.3258436546384993,2.13063282273676,0.03179430964995849,0.05947436035601446,0.1367431531963255,0.16297169469644635,0.09787777422896234,-1.9664878258886593,-1.562965878649018,-0.5954812167274658,-0.20360961609189152,-1.0970164772848554,0.23840890757401206,0.6494483141843886,1.6437015695689483,2.0353675067182584,1.1527123054154267,-1.7915207937103692,-1.4573793950682712,-0.6111102681628274,-0.33088985117270386,-1.0387996381244755,-0.7079276563672847,-0.5828367645538012,-0.17047671550198068,-0.012440601566583573,-0.3676857574759769,0.00018349637735937542,0.029101095193789183,0.12642634059012303,0.1745392514268078,0.07508474915392606,0.3704127491516661,0.42000041376543057,0.5272875428735206,0.5663463918421183,0.4739943683247163,1.1007209172479044,1.1580837329707627,1.3336809753445116,1.3926810936823408,1.2439160497487336,0.004361625191577304,0.0076825868563155176,0.01867040521020598,0.02208643524273728,0.01308338211839346,-0.0002053016613574079,0.016222418981337278,0.06583073357673486,0.08305254795364396,0.041827754254104205,0.2207806517928816,0.24939886891937613,0.32991158498748857,0.35800067793112034,0.2912890220923148,-0.2972972155618425,-0.2542592545101832,-0.1194873534691825,-0.0608667523908958,-0.1886834322835347,0.10864257501742891,0.11429326142200676,0.13511052814837332,0.14362844730622634,0.124905016188987,0.1901402778626998,0.26906514503002765,0.4829814251418641,0.5634342319193338,0.3692235228521501,-0.05502008163916623,-0.026211337321924866,0.04617939975308071,0.07262488205340467,0.010249398774492005,0.06443358190401911,0.07622360058195948,0.10129268589923669,0.11071159940062777,0.08829145852663711
1988,0.19956825026924224,0.6125806984082437,1.6093051133050704,2.000569683774442,1.1281344000897586,2.0017021438240334,2.079108451137797,2.3161600886137745,2.3935258248581217,2.194431753999078,0.12313673561050145,0.15397084140287665,0.24519815144461338,0.27492362212334764,0.19908889003438873,-1.9678225048075502,-1.557405866651588,-0.5885043045424441,-0.18612752441256855,-1.0966895473310383,0.39857285160677813,0.8125029371561047,1.814580527885873,2.2064061654277123,1.3230612195146851,-1.8000895618921624,-1.4756246094929257,-0.6180787649031273,-0.3328835652193965,-1.0481655423561653,-0.710236817178751,-0.5852201942524694,-0.1670834474551685,-0.008917347756953825,-0.3664421139148495,0.0001904833248508605,0.03020917060644706,0.13124024599771483,0.1811851405853379,0.07794373311480482,0.37437834303531264,0.42449688716104583,0.5329326192369318,0.5724096274965551,0.4790688944370498,1.135743916303186,1.1949319156937561,1.3761163527481899,1.4369937508364337,1.2834952654723022,0.004682128614553097,0.008247123073116739,0.02004235454454392,0.023709403238772388,0.014044782644312777,-0.00020806178379523976,0.016440516888242905,0.06671577699841352,0.0841691253822449,0.04239009613812765,0.23355392428483715,0.262846323897705,0.3477730930507838,0.3771364764387687,0.3069814067164222,-0.29835323516813667,-0.2552050100598076,-0.11955453971047582,-0.06088760236621373,-0.18914107003587294,0.11067704827055445,0.116433551113578,0.13764064818363053,0.14631807643537387,0.1272440247643723,0.193174897535138,0.27335939762844425,0.4906897600124805,0.5724265854781215,0.37511629306669214,-0.012590658331991628,0.01583625158854675,0.09459383506201618,0.12314969413536543,0.05380271899474955,0.10495648813022071,0.12416136420353338,0.16499664105431755,0.18033920084838456,0.1438188153602064
1989,0.2666472947204662,0.6846599309055299,1.6749536043320632,2.063427101208036,1.197832863657371,2.046423467278789,2.125132582883502,2.36798548509527,2.446081348193031,2.2433708349879375,0.20335412640753806,0.24517686393288038,0.35689629055863853,0.39480212488956273,0.2990506332992843,-1.9455974299112795,-1.5341967383919846,-0.5751707127688065,-0.17440299637733303,-1.0721689127367253,0.5735780907045258,0.9782556331038673,1.9865266466131464,2.3707550335260534,1.4850346200351563,-1.7923036844486082,-1.4599518701456848,-0.6108221128227006,-0.32997815077885995,-1.0349743227039419,-0.7058888984727053,-0.5812173670186865,-0.16421215717983167,-0.0080546719295989,-0.36328056698836,0.00018884698546541516,0.029949659934299405,0.13011283191225753,0.17962867688002743,0.0772741605921483,0.3786195880570388,0.429305913492038,0.5389700887121385,0.5788943228005752,0.4844961543237237,1.1586340992719346,1.2190149944519133,1.4038510864751583,1.465955429089275,1.309363281179411,0.004983441532288089,0.00877785704491678,0.021332156859526278,0.025235194188945136,0.014948618225496531,-0.0002110349955870659,0.01667545257794143,0.06766914830598503,0.08537190578491831,0.04299585242549352,0.244997468359244,0.2748190538771447,0.3632436525390399,0.39397648580255223,0.32077457317239333,-0.29874991782240545,-0.2556050871082197,-0.11949861311752724,-0.06110029881686827,-0.18911047748812942,0.11371726408282266,0.11963189375738173,0.14142153393688792,0.15033732465847488,0.13073932304120764,0.19421019263162498,0.27482443085768093,0.4933195463300578,0.5754944294092228,0.37712667880407136,0.02948445291519603,0.0690149434818764,0.16457318713760363,0.20294757080721737,0.11444710335021421,0.13337862258022146,0.15778416399186043,0.20967760170179972,0.22917491462302086,0.18276483746353783
1990,0.30163165481054094,0.7108238636023227,1.709787067797195,2.105071939461729,1.2254474036180616,2.081315193661362,2.161495275263186,2.4079239953911244,2.486995210343027,2.2811871212675885,0.19052434065782178,0.23174086555579537,0.3405943451192502,0.37611236177299123,0.2840134297407768,-1.9563825324639301,-1.5475220726274896,-0.5771413316771355,-0.17185073538441836,-1.0899928195713842,0.590328576478709,0.9901935689926943,2.0058950080984355,2.3956368678956985,1.501805126814138,-1.796441711911416,-1.4782475466586218,-0.616917257345421,-0.33209789388131655,-1.0519870155899143,-0.7064288789431379,-0.5830783666837432,-0.16600209761808074,-0.006343770675087215,-0.3651597379461886,0.00019286546736908648,0.030586959842320082,0.13288150761648573,0.18345100205849846,0.07891848027877525,0.380975388703252,0.43197708841359367,0.5423236026964343,0.5824962484873606,0.4875107272339655,1.176401370200155,1.2377081864489383,1.4253786788461704,1.4884353710258116,1.3294419342889618,0.0051279406272247115,0.009032378421410418,0.021950700759214077,0.025966909951481286,0.015382066032627838,-0.00021270106503465852,0.016807101179575498,0.06820337960835071,0.08604589600874508,0.04333529411809073,0.2546831615779075,0.28524791281427486,0.37643104654520876,0.40821514341681436,0.3327378953276252,-0.2991638713214692,-0.25604275830961487,-0.11926352097244329,-0.06101603416402395,-0.18913728042941017,0.11638960723700068,0.12244323005607291,0.14474492437472278,0.15387023519416898,0.13381168270206423,0.19589617886374294,0.27721024902920494,0.4976021740947332,0.580490437453378,0.38040060783741547,0.022353746688374535,0.06020299061948068,0.15159361078302241,0.18681701685290064,0.10368620580470014,0.13080514109116168,0.15473978838320096,0.2056319651806587,0.22475308607861172,0.17923847081673475
1991,0.2633618276143391,0.6795688175762695,1.72945267529069,2.1497132888810477,1.1821617997288354,2.1160229737642817,2.1974121961209025,2.4479336745134668,2.5283356270889854,2.319631881431205,-0.6774660511928171,-0.5987996884246752,-0.39722452223147897,-0.3217902789057856,-0.49600775488109167,-2.041838363656675,-1.6185775185314843,-0.5845989465042175,-0.15558155790427997,-1.1321008092090583,-0.24289406168594954,0.17005065145263434,1.244194712590438,1.6720679452020488,0.6996313896373509,-1.9449643038261226,-1.5767956129568101,-0.6524969427910698,-0.3548689621660763,-1.130237072863894,-0.7239056169232893,-0.5943092646280232,-0.17610934899115027,-0.009895122526052822,-0.3762803246151978,0.00021233467735514247,0.03367462479410524,0.14629551070547903,0.2019698490555829,0.08688507214867974,0.38509904945941337,0.4366527893115314,0.5481936893841634,0.5888011621162289,0.4927875217821515,1.194950260593276,1.25722373111819,1.4478533150990258,1.5119042526964481,1.350403889407179,0.005092156338032652,0.008969347808339766,0.02179752226495346,0.025785705159406522,0.015274725417886588,-0.00021560659342985123,0.017036688698143756,0.06913504798560063,0.08722129583150794,0.04392726072415179,0.26237816794387264,0.29339072007318123,0.3871637073015596,0.4195360988871677,0.3423924569510678,-0.2984270020685814,-0.2554599896435949,-0.11857519993651013,-0.06085447813443135,-0.18826765667748863,0.11840122922844239,0.12455947995270159,0.14724662602948355,0.15652965433212188,0.13612441946632853,0.2092974231135334,0.2961741832791403,0.5316431049232441,0.6202017487311308,0.4064237875031291,0.02120377742992835,0.05876302380616893,0.14972806773381467,0.18457006297748527,0.1019524327558207,-0.754238982493801,-0.6900712550474747,-0.5192844404398065,-0.438963211775647,-0.601498489792812
1992,0.48375620096034927,0.8566877532597632,1.831760117273959,2.2074360539369535,1.3530474328743796,2.138099003261381,2.2197060209728745,2.4719464276452103,2.553344758582647,2.3443276244110947,-2.25456548070958,-2.062338150819049,-1.5074862751774174,-1.2769862030034485,-1.7838436922266585,-1.8550004310108819,-1.4560466938779788,-0.5247592291565973,-0.13631531748402922,-1.0213383374648866,-1.4532252219144082,-1.012348280453196,0.16108590396865008,0.5478952468765332,-0.432734641519561,-1.7252024371200025,-1.4144483186198655,-0.5997110325713609,-0.32431189904652236,-1.0082711098904382,-0.6641139650497327,-0.5480877235550121,-0.15017713441174094,0.002127742523337735,-0.34080944040151306,0.0001884572281176905,0.029887847456898823,0.1298442947569194,0.17925794500679412,0.07711467606659012,0.3874243866545311,0.4392894225978595,0.5515038382350712,0.5923565103953778,0.4957631124913431,1.204685570604828,1.2674663857122306,1.4596490369282709,1.5242218002071506,1.3614056866683113,0.005623624150197681,0.009905477679420517,0.02407252733152003,0.028476956447951392,0.016868946875431653,-0.00021725431171727217,0.0171668872374299,0.0696633949208935,0.08788786229363649,0.04426296358768708,0.26853438805583874,0.3004085046953035,0.3963255745764474,0.42919820284275,0.3503454986019895,-0.29728582597031117,-0.25443511678415665,-0.11748550247369442,-0.060124698667615155,-0.1873249399391632,0.11990547299297534,0.12614196201182626,0.14911733987676984,0.15851830561579477,0.13785382979861333,0.1972262616454031,0.27909243264948846,0.5009807600769561,0.5844318126259492,0.3829834264587503,0.006443473987968317,0.04094106360418021,0.1263533702732712,0.15867570718913634,0.0814678971610103,-2.333854984068441,-2.135299653473096,-1.6068310013127634,-1.358291607042075,-1.8612273840196698
1993,0.5145881547894169,0.8823893134423576,1.8507807053352674,2.245582954430247,1.3642076508107608,2.154515796599615,2.2373728414821863,2.4908169094244164,2.573602279614335,2.3630024586118483,-0.9939246955285107,-0.8988673686430321,-0.6488774773895266,-0.544132964342791,-0.773262348481263,-1.8440040279147925,-1.448992799188766,-0.5185119710962284,-0.11847131814450568,-1.021217940038194,-0.3042428112986574,0.11653799817087294,1.1073489763280695,1.5067648735687902,0.5962140057949021,-1.7195337499087207,-1.4305719785049502,-0.6034883409396155,-0.3270256709788509,-1.0255325417144154,-0.6566924064634614,-0.5392310529414305,-0.14625832010653422,0.00445987201261027,-0.3356960351585557,0.00019573882699348638,0.03104265228245958,0.13486121069149976,0.1861841025433138,0.08009422821304946,0.3880259298949198,0.43997149525988233,0.5523601431486661,0.5932762461347967,0.49653287030583804,1.2149618546817298,1.2782782066182976,1.4721002262859388,1.5372238121821684,1.3730188344651169,0.006149898271732796,0.010832459359719951,0.026325300247377222,0.031141907881114386,0.01844758903944936,-0.00021768577987731026,0.01720098076216305,0.0698017467749531,0.08806240803191794,0.044350870056866235,0.2724714985142815,0.30445787370754734,0.40169267477897713,0.435268262024435,0.3550480453156427,-0.2970446862843982,-0.2538502587799176,-0.11700997401360773,-0.05984865988694613,-0.18705359239520608,0.12081982221544191,0.1271038681034079,0.15025444663569648,0.15972710022598752,0.13890504571848872,0.20011406485775976,0.2831789270991915,0.5083161617430902,0.5929891114959092,0.388591101420391,-0.034248496911477515,-0.004208993180155634,0.07269730758735,0.09931881050970569,0.03318839161796863,-1.0102777318969716,-0.9243272206530235,-0.6955640305971955,-0.5879764481446113,-0.8056869826564956
1994,0.5039912772919513,0.8726308333719599,1.8761291366593174,2.2908638871551847,1.3627462357068605,2.1836892687430836,2.2675835479487834,2.5235698704403307,2.609397786760992,2.394462417920443,-0.12866683157925715,-0.10401768595319529,-0.024366484775700026,0.0073464422493274345,-0.06392377111989687,-1.9116099912136202,-1.485941002464143,-0.5212505558120457,-0.10853932538113031,-1.0436956111462314,0.4163027352759843,0.810672804180659,1.8233067942627759,2.2378623902791315,1.3099469308822074,-1.830950149085194,-1.503808024878149,-0.6270587794536656,-0.3464844742813119,-1.07425060180696,-0.6651760570411607,-0.5391715661057168,-0.14872352967471889,0.0011075022213592888,-0.33727577607944825,0.00021157887370742547,0.03355476022665959,0.14577477296252955,0.20125093893432303,0.08657580540393464,0.3897190827141378,0.4418913127776873,0.5547703690164298,0.5958650095944711,0.4986994936276877,1.2357350023798825,1.300133923226263,1.4972698686984016,1.5635069231889274,1.396494405266606,0.006549276048260709,0.011535925228952124,0.02803487972571628,0.03316428050857124,0.019645585618797673,-0.00021889328621661124,0.01729639486465616,0.07018893812834577,0.08855089155166176,0.04459688500913994,0.27531941922959846,0.30779312185424773,0.405661265796858,0.4400118094890303,0.35889683022342944,-0.29694327926322844,-0.2533942545594609,-0.11650247513637076,-0.05956759745144296,-0.18668884658974338,0.12237918969809798,0.1287443409596486,0.15219371366913398,0.16178862656847137,0.1406978311033573,0.20904431316414995,0.2958160105342337,0.5310001722135366,0.6194517192711708,0.4059322864480619,-0.06196987271695681,-0.03331752015583662,0.04138940575443248,0.0688129958947772,0.004893670888923106,-0.08486697482783166,-0.07764682175122868,-0.05842988834862022,-0.04939214321823278,-0.06768061367425396
1995,0.62854669491504,1.0017893102800817,1.9585744314816682,2.351318650759,1.4604259284379633,2.2167229629558993,2.302875285471373,2.5614902843566254,2.6500794948155746,2.4307712257591696,0.04982948223254251,0.07653153954034364,0.15903804535666718,0.1887779438814051,0.11946153841589145,-1.7994598173267609,-1.4088291388639422,-0.4724836962781132,-0.07150405069264083,-0.9800046124801278,0.7428469297415987,1.1111869723397285,2.08846566119587,2.480294965535628,1.5879683079222355,-1.726776897725001,-1.4334380349086053,-0.6044616240728656,-0.3357117676716951,-1.0349304986908363,-0.630557344429116,-0.5098153551556487,-0.12787957399142674,0.01656235432916045,-0.3136288601712557,0.0002114233961245895,0.033530102693885795,0.14566765116467925,0.20110305077809693,0.08651218564492744,0.39122946359178756,0.4436038904225149,0.5569204165609677,0.598174322009671,0.5006322349592723,1.2611114330867288,1.3268328176889357,1.5280170475023518,1.5956143127340696,1.4251721099844437,0.006993271956179084,0.012317981681904249,0.029935451908882613,0.035412590814375665,0.020977421314702212,-0.00021997535697873828,0.01738189736451231,0.07053590810209942,0.08898863147673884,0.04481734396511988,0.2784853074485188,0.31062036375445373,0.4096761994934525,0.4443189333752775,0.36253588449397284,-0.2966070585601354,-0.25227499552181065,-0.11642833597669083,-0.05920399214819899,-0.1862435571308026,0.12409734334353828,0.13055185871896147,0.15433045100657514,0.16406007254891264,0.14267317096311727,0.20574971000788925,0.29115385853771775,0.5226314449476771,0.6096889682134112,0.3995346678191842,-0.06665032752692675,-0.03903974887155594,0.036141630373151996,0.0631187259806658,-0.0005554647719019463,0.08755533122621771,0.10357615390914808,0.1376411865153147,0.1504400418177226,0.1199745174381402
1996,0.7357082209621133,1.0835886567609134,2.020537905682022,2.410504477800723,1.5289225665708233,2.247972239170562,2.334680853791826,2.5975550531727043,2.6882022787739297,2.4641449764538264,0.09722343077764398,0.12905277108715194,0.22092603975128672,0.2551465126125064,0.17614322140738578,-1.7521800568920551,-1.357284199770846,-0.45358977071637835,-0.05606174866872495,-0.9454060083494606,0.9023489608013615,1.240666540239865,2.205006168756072,2.581647403646256,1.7124311195907889,-1.6772135929442713,-1.39175457231672,-0.5902778360201716,-0.32659230590345417,-1.0074891396179724,-0.6117796845510577,-0.4963038449919563,-0.12493462207710009,0.017344108065488955,-0.3058514439840355,0.00020393774433418815,0.032342936666551164,0.14051014573371995,0.19398280089229375,0.08344913723479379,0.39185273069358284,0.44431059514917437,0.5578076456841882,0.5991272726709646,0.5014297914604717,1.2852717803166827,1.3522522538707171,1.557290767074131,1.6261830593406892,1.4524755283313788,0.00740226552551251,0.0130383848532144,0.03168619282136852,0.037483655976330126,0.02220426197994052,-0.00022043759031906433,0.01741842187612285,0.07068412492448702,0.08917562293316143,0.04491151847125577,0.28112801105134977,0.3131606218369291,0.41317133098897246,0.4480952488849322,0.36553910058096695,-0.29734062269974215,-0.2530915200709614,-0.11661235167971983,-0.05912006856549436,-0.18697001738508467,0.12655896713061715,0.1331415157753604,0.15739178575422327,0.1673144063341114,0.14550326919051068,0.20587965358961052,0.29133774008588087,0.5229615188120537,0.6100740242519473,0.3997869985065823,-0.07747595611451154,-0.053444096041343675,0.02273420614686246,0.05078603070198264,-0.012939775913439248,0.13777171969458527,0.16298110741589408,0.21658376139338661,0.2367232581029472,0.18878457034528454
1997,0.5556484801176269,0.9523320192106007,2.0027012109301503,2.4187681042723943,1.4588609291312817,2.2693686548581606,2.357061781569565,2.6226398530937334,2.713827619306527,2.4874387060658947,0.13264467473540859,0.16684890530042107,0.2641057515065268,0.2972430741250531,0.21631685769430156,-1.931843066408714,-1.533455845311781,-0.48428999323664973,-0.054092761840005193,-1.0228374224128665,0.7745217190316462,1.1634348472123606,2.21621266037002,2.6409338604556902,1.6818680636962497,-1.950092591925333,-1.5483251281499888,-0.6311228110599614,-0.3619437978334463,-1.108822866751386,-0.6613942862954516,-0.5302304461513795,-0.1457858619849651,-0.003223055809333786,-0.3335821544937876,0.0002262237550641055,0.035877324260868405,0.1558648836499762,0.21518095033843507,0.09256833375179277,0.39287072528185407,0.4454648700742791,0.5592567747067109,0.6006837459924219,0.5027324564009488,1.3004505543337492,1.3682220523910855,1.5756820248565575,1.6453879197804262,1.469628941444074,0.007779756544432471,0.01370329928601161,0.03330208368243089,0.03939519825194587,0.023336605780670792,-0.00022117940898200693,0.017477038514092873,0.07092199180992546,0.08947571758251595,0.045062655137805455,0.2825909175440068,0.3151575018477075,0.4156395412326733,0.4508209384417694,0.3679332087149103,-0.29836286208199037,-0.25383901304558654,-0.11684733290650944,-0.05889033968880231,-0.18739146638524487,0.1289667014008695,0.13567448042886324,0.16038610219823748,0.17049749670827508,0.14827141131118854,0.22491895637756362,0.318280020929766,0.5713238631695875,0.6664923437326638,0.43675843100387246,-0.06349188550011566,-0.03500585557662897,0.040305821834514644,0.06810944324145425,0.0035577447158748276,0.15472171064228257,0.1830325976743383,0.2432299613767669,0.2658472110509778,0.2120106487125364
1998,0.6218020657379724,1.0213998807749947,2.064562898228633,2.4769942280832424,1.523569579176438,2.3155912030835872,2.4047131825705588,2.6756780742871262,2.7704632009295453,2.5368570711319283,0.17566126198606172,0.21417405794823977,0.3168910738962199,0.348059879423088,0.26309600011348766,-1.9046128913207023,-1.5117051233712566,-0.4722898684775432,-0.05005768009128332,-1.0065312210218686,0.8892442942857296,1.2852602873879782,2.330735903899494,2.7403942706408717,1.794198855008735,-1.9254668642175778,-1.5248468064008545,-0.6247390853627233,-0.3604288143424839,-1.1024193777402704,-0.6473157359258177,-0.519911666509965,-0.13948615640768278,0.0028619517244113336,-0.324522818064387,0.0002271076536895067,0.03601750369334342,0.156473876973279,0.2160217026553735,0.09293001558726446,0.3960039174281173,0.4490175069661004,0.5637169159732776,0.6054742724282647,0.5067418093068875,1.3366749764932107,1.4063342690136478,1.6195730983520211,1.6912206709170048,1.5105658759666687,0.008093923174403784,0.014256673846203409,0.03464690769353948,0.04098607794094114,0.024278998097346717,-0.00022342321613100664,0.017654338490350856,0.07164147683331366,0.09038342529227776,0.04551980396651646,0.2846778877501307,0.3176160626889022,0.41778552104870986,0.4539168753604808,0.3699541987749373,-0.2991199334746379,-0.25429594012561335,-0.11708637704029641,-0.05828197963067902,-0.1877661407610885,0.1311618544006165,0.13798380709588245,0.16311604744405592,0.17339954884485861,0.15079515139123278,0.22126998649262475,0.3131164089779088,0.5620549975976115,0.6556795135026484,0.42967268604313663,-0.02019032672365806,0.009331007265628516,0.090938006906793,0.11828782836939224,0.04859472405150504,0.15630027090986337,0.18490000196531603,0.24571153394548206,0.268559537865813,0.21417370381949163
1999,0.9106482098086831,1.2393878318482614,2.171274926366954,2.5501963740162266,1.6853764279252066,2.3515483961350925,2.44268559080903,2.7178795404471305,2.8157274615059644,2.57749599930919,0.20961810061781339,0.24821760014632566,0.361563402446946,0.3945159716924686,0.3020150627278846,-1.687512743956032,-1.3138655538727522,-0.41587277549871704,-0.03204714597933191,-0.8931750389980166,1.2014535539809528,1.5265868920506094,2.487990668766903,2.846850229807574,1.987324051956012,-1.6381027563851696,-1.363093544223096,-0.5754662424834828,-0.3219251016699649,-0.989916831921211,-0.592601117685279,-0.4772547763416195,-0.12385250273719625,0.007296210390547126,-0.29501708602153587,0.00019812999727268824,0.03142187325085685,0.1365086923065471,0.18845855109958448,0.08107266943996573,0.39832498620660167,0.45164930041698487,0.5670209886755547,0.6090230944677938,0.5097119379863555,1.3649658888369394,1.4360995300010477,1.653851588909199,1.7270155923423616,1.5425372134555455,0.00858404077167461,0.01511996925684829,0.03674490872291946,0.04346793965486192,0.02574918306886284,-0.0002251013757547124,0.01778694242717884,0.07217958489516263,0.09106230646498809,0.04586170888767209,0.2870074822393808,0.31959011698338413,0.42016919945885906,0.4562135235988177,0.3721812734461516,-0.2999864146473577,-0.254875862251224,-0.11741031535789886,-0.05835516571474062,-0.18826522610582586,0.13398993508704057,0.1409589811026118,0.16663311683538495,0.1771383486457898,0.15404656055439828,0.21379789211392655,0.30254274105083107,0.5430748907397467,0.6335377884330625,0.415163014338655,0.006324961706311058,0.0413661361448725,0.1288999087687859,0.16207304538738943,0.08304614807594485,0.1593966874002286,0.18856299891228961,0.2505792494084994,0.27387988809202685,0.21841663305082815
2000,0.9818945746543628,1.2996511013884924,2.2166681527955285,2.5895278919376397,1.7447412045763167,2.3724143142319964,2.4646042240531933,2.743207826269212,2.8422462069640915,2.6017010542890313,0.22773387478252413,0.2717092992999937,0.39117917759268966,0.4267861938046252,0.3275221012596266,-1.645503677718339,-1.2630526592532811,-0.3987121994989798,-0.026450012407663558,-0.8634971631687058,1.3003583396549092,1.6302112049406952,2.5502620301875516,2.9121241104994153,2.074181321030209,-1.5749767693816754,-1.3046259754588194,-0.5626686796949412,-0.30592593415129227,-0.9488563519246291,-0.578116116682751,-0.4716680121801632,-0.1265779430474268,0.007261150594376069,-0.2930270242944799,0.00018420176402778371,0.029212964021289672,0.12691234176612046,0.17521020560498932,0.07537338581158734,0.39868481217071455,0.45205729677822526,0.5675332057871787,0.6095732540854991,0.5101723850982789,1.3807336475008236,1.4526890074316294,1.6729564859129047,1.746965662370868,1.5603562334843553,0.009263182395289457,0.016316212464824023,0.03965204740427437,0.04690698286278881,0.027786375396029753,-0.00022538312003734926,0.017809205149108668,0.07226992723669268,0.09117628304164922,0.045919110910328485,0.2889977033679616,0.3219057653154973,0.4226849927782984,0.4583753334202022,0.373968545944368,-0.3009697427958678,-0.2555035893734944,-0.11743852409991191,-0.05895767646267031,-0.1884085563289103,0.13681800693241558,0.14393414580845393,0.17015017523177206,0.18087713675861303,0.1572979595531197,0.21233419663125067,0.30047148375725347,0.5393569108454132,0.6292004846838758,0.41232074015787035,0.0231246077089678,0.06253928022374353,0.15765231054133738,0.19428054865689773,0.10780926939580243,0.16018436431631905,0.1894948044842527,0.25181751535762004,0.2752332968055332,0.21949596376183816
2001,1.0041012214975034,1.3281146307704472,2.2523935633542576,2.62605349036351,1.7793092512603237,2.397417218130169,2.491220273272266,2.7732022591265624,2.8736937209082347,2.629880047885166,0.21495622391015787,0.2571175311738369,0.37349902222569054,0.407529056829809,0.311361176227915,-1.6383840821968967,-1.2616511409871625,-0.3938120426899998,-0.02048702103481729,-0.8550367959145175,1.3088796801631921,1.6419401595774914,2.570271889467669,2.9270003705594942,2.1001331622818626,-1.577945896714945,-1.308746106016446,-0.564991302993989,-0.3086569097660119,-0.9513903098100852,-0.5800975052922638,-0.4731671985429504,-0.12420557429812416,0.01060238750704315,-0.2927879790551004,0.00018591621364306504,0.02948486236706216,0.12809357266618154,0.17684096669557,0.07607492020236352,0.39820712449230156,0.45151566039275104,0.5668532109360614,0.6088428885845377,0.5095611176138188,1.4023678919939166,1.4754506959123077,1.6991694703708822,1.7743382713669467,1.584804922999979,0.009478272121822074,0.016695072507447357,0.04057276208619414,0.047996156074098774,0.028431570927136197,-0.00022506121909833662,0.017783769349570454,0.07216670851545032,0.09104606152762489,0.04585352744996015,0.2908824745395792,0.32354998333921553,0.4248231212052968,0.4601430095896577,0.3759019402192938,-0.3007967832238279,-0.2549086327188731,-0.11719869819536205,-0.05892772770698101,-0.18818594086717183,0.1389456216998532,0.146172421464025,0.1727961283019994,0.18368990151003609,0.1597440517681476,0.21396089807627727,0.30277340876307834,0.5434889474187825,0.6340208167541932,0.4154795471445474,0.016224330198078084,0.052247190071888085,0.145973523454915,0.18146870485689043,0.09803186624061495,0.15611775192534075,0.18468408576504017,0.24542460533428925,0.2682459285940581,0.21392360337689464
2002,0.943195669359172,1.2851811356712641,2.245659136972881,2.640002374752348,1.7511361644437557,2.4289771588130287,2.5259146003897417,2.809199622598525,2.9115966926144115,2.664963601437745,0.224601692889418,0.26716175147378296,0.3870064055295778,0.42201510304652556,0.3236660150866648,-1.736946203259478,-1.3433273519689155,-0.42074114559202486,-0.0289440412911337,-0.9154400510567455,1.2595144797090883,1.6040634635815743,2.5922668063377645,2.959871236112213,2.0785190266084443,-1.7027207455012947,-1.4028261210465662,-0.5892960829183433,-0.3241836518183811,-1.0121957884056814,-0.6055486268832926,-0.4886616312425503,-0.13545057740925007,-0.0019627210679475982,-0.3064230522119903,0.00019938863058868147,0.031621482684404734,0.13737587239247429,0.1896557459431865,0.08158768869085284,0.39845714510947167,0.451799151614103,0.5672091186557533,0.6092251601849206,0.5098810535900377,1.4292640160680283,1.5037484808295511,1.731757975255331,1.8083684445965098,1.6152000212374786,0.009299654089622874,0.016380453876501156,0.03980816841009179,0.047091668542943874,0.0278957779908219,-0.00022525595729215917,0.017799157070015437,0.07222915203427031,0.09112484073999912,0.04589320302424066,0.29263587705326155,0.32536069618253655,0.4267319993045677,0.46200828237447683,0.3774063955603613,-0.29974329454970333,-0.25392918626597294,-0.11644938203557517,-0.05759110973583416,-0.18740365052456529,0.14078146680614312,0.14810375201864276,0.17507922958038544,0.18611693881165434,0.1618547000355035,0.22046418329541037,0.31197612688428156,0.5600081510222873,0.6532917127136517,0.428107938696886,0.019985450648023994,0.05785732262850961,0.15215135306930755,0.18721595619604117,0.10297555715094373,0.16121407611673752,0.19071293234041545,0.2534362717713469,0.2770025766899861,0.22090694781758205
2003,0.9361898552880488,1.2838916054457052,2.271057910202703,2.671846581200901,1.7634506723527315,2.471055079953645,2.5683016781207266,2.855482221071733,2.9597611228307277,2.708216169727093,0.16253306748287077,0.19772787386646573,0.2990304960493681,0.33155762567669467,0.24710808942083456,-1.8017431141705214,-1.3892738865719378,-0.4490152711474459,-0.04164427239035672,-0.9511850759261746,1.163495885899272,1.5240308768832966,2.523508389038903,2.9179597479708166,2.0094969868710995,-1.7585488901739728,-1.4396854361036884,-0.6052162776457092,-0.3344641711945434,-1.0349814989039978,-0.6322903580946655,-0.5104772339509052,-0.1453058528861108,-0.0026546381489789125,-0.3208896370165867,0.00020220344494942678,0.0320678903020574,0.13931523863060224,0.19233315897171577,0.08273948053128521,0.3997005474459936,0.45320900993299756,0.5689791186471935,0.6111262730070629,0.5114721589351505,1.4633346999266257,1.5395947195350743,1.77303948646055,1.851476190179589,1.6537030330486724,0.009633764142188557,0.01696895687381527,0.04123836238417527,0.04878353790718672,0.028897993746489006,-0.00022616174896863638,0.017870730441553042,0.07251959747020076,0.09149126888358666,0.04607774722811413,0.2947955722939544,0.3269439198878002,0.42794816125860363,0.46329610279214956,0.3787888142026747,-0.2991772798923861,-0.2533151114103252,-0.11539998878743545,-0.05624464698928985,-0.18679638077382216,0.14277825171481165,0.15020439313041095,0.17756247948094814,0.18875674292151234,0.16415037879038533,0.22207733023613016,0.3142588710794538,0.5641057573640361,0.6580718793239781,0.43124042489615844,-0.02840632981225611,0.0027553281443486928,0.08323099367622876,0.11151809967881515,0.04217588886890127,0.14899107058284483,0.17625336848884565,0.2342211199250083,0.2560006635237157,0.20415811973327486
2004,0.9639516551868689,1.323021935026192,2.3210565151804263,2.7220291669479915,1.8014461957909578,2.500436346267757,2.5965715753295826,2.8876258582714303,2.9932644094773946,2.7397817762177974,0.1460320312254068,0.18149218211517876,0.28163294210226325,0.316054445613884,0.23242771922937022,-1.772796788919294,-1.3819956004659324,-0.43855723888278464,-0.0233710724049494,-0.9384359361227657,1.1879277244369126,1.548150413435333,2.5568038284713057,2.958868832779855,2.036979451165615,-1.7327709592360356,-1.450174960508709,-0.6069485382150893,-0.33792391048812553,-1.0414944270652522,-0.6412331223788997,-0.5170676767121392,-0.13809473566343827,0.006854867582492969,-0.32259423352362204,0.0002087979973833114,0.03311373491708792,0.14385878953903722,0.19860580730335456,0.08543790064402071,0.3994882771473131,0.45296832271723597,0.5686769490148778,0.6108017201453478,0.5112005297151315,1.4872961653814964,1.5648049094448,1.8020722322890177,1.8817933027128524,1.6807816966660925,0.010957161089276255,0.01929999439877676,0.04690330519122594,0.05548496677565822,0.03286773144575293,-0.00022602670601937254,0.01786005968862806,0.07247629545132947,0.09143663873132496,0.046050233844840895,0.2971257436189892,0.328712018499389,0.42980728691594333,0.4646501864762639,0.3804192119973949,-0.2988392170572523,-0.253298748576506,-0.11501004559375096,-0.05655062072991646,-0.18638615266865158,0.1446364388792106,0.15215922779184637,0.17987336588197642,0.1912133170333112,0.1662867134438505,0.22621193664380718,0.32010970124141985,0.5746082038610508,0.6703237746708464,0.43926920217895976,-0.053761871395741845,-0.022493926559204555,0.05487338935284015,0.08248701566651194,0.016258836523509065,0.15736586080917414,0.18616057287366977,0.24738669245411612,0.2703904645126287,0.21563385058801288
2005,0.9376879149570552,1.2982033365117291,2.32907754097026,2.7498159029005884,1.8042642393459425,2.532534097566018,2.6274076949021086,2.9225064524638746,3.0299321509749606,2.7739374712789564,0.0993071768403126,0.13147067854175373,0.22521885651216225,0.2602824561249846,0.17867459544167974,-1.8422685557527807,-1.429013528788412,-0.4589325951268898,-0.03307153925299805,-0.9766664107717125,1.09889627821232,1.4843538476493265,2.510469618693937,2.918802908398901,1.9890092900561491,-1.8039329487988733,-1.4923580417829707,-0.6234480413021798,-0.3441768488660828,-1.0660929220885973,-0.66914673246444,-0.5411713017531624,-0.14519965769549492,0.008378578130288078,-0.3365928871999344,0.00021566300816324162,0.03420247211772416,0.14858868232225286,0.20513571192495533,0.08824698941061004,0.39886393866699466,0.4522604031851357,0.5677881947698836,0.6098471313888152,0.51040160223686,1.5140486415861878,1.5929515604476743,1.8344866872143963,1.915641726264768,1.7110144595763677,0.011510149764357283,0.020274031217683813,0.049270432623531514,0.058285195595349025,0.034526508123125535,-0.0002255988001433678,0.01782624764658598,0.0723390858567605,0.09126353407619671,0.04596305314836199,0.2994264625215593,0.33051941867815193,0.43140561295830465,0.46635341628863985,0.3821029818415137,-0.2983421209571026,-0.25299604560365235,-0.11471063453627646,-0.05678545773948016,-0.18617654922110632,0.14665493023713688,0.15428270434247596,0.1823836104466749,0.19388181766111276,0.16860734783325687,0.22899629869118626,0.32404981738364586,0.5816808513025632,0.6785745509355324,0.44467601011878766,-0.07848825357522157,-0.05120421524693171,0.028043164644341836,0.056158030786109946,-0.009385816419737986,0.13764257008596548,0.16282832608833395,0.21638073200477648,0.23650134959949692,0.18860760040234126
2006,0.9435949586154533,1.3234013877621553,2.357158043256436,2.7817818520527715,1.8244493029520383,2.5676894267232826,2.6619030655377687,2.9607484937914226,3.0699434070564906,2.8114282418302112,0.07822419189576443,0.1081318490042519,0.20007329474389518,0.23375956251886348,0.15508779150934848,-1.8667969924320735,-1.449308809665417,-0.47210752295661085,-0.03743137620899881,-0.9968955572368521,1.071092845021386,1.4767047737861887,2.5188736714185773,2.931176586176628,1.9871640996926225,-1.8226241128624128,-1.5229236379792745,-0.6299559481546784,-0.34771477366278164,-1.0818817608005888,-0.6795548308891459,-0.551881749119877,-0.15534975818593497,0.0003077814169602204,-0.34644008682625815,0.00021351487023118105,0.03386179418527728,0.1471086464668236,0.20309243242255365,0.08736799441300902,0.39890128574641803,0.45230274996949094,0.5678413588410117,0.6099042335909551,0.5104493929928764,1.5425037185316162,1.6228895412878348,1.8689640866890669,1.9516443560505785,1.7431713181902224,0.011988957682413886,0.021117405706868472,0.051320021356014746,0.060709787258174296,0.03596276792952617,-0.00022564672905581637,0.017830034868247607,0.07235445443899778,0.09128292319498503,0.04597281809014722,0.30078200579107633,0.33240006200251954,0.43263583387719967,0.46808636528845604,0.3836269307643182,-0.296502714102798,-0.25156148030523756,-0.11382515585951239,-0.05546385778579129,-0.18517245183273356,0.14903540340353372,0.1567869899954202,0.18534402432404576,0.1970288681124562,0.17134414820215965,0.23223833370505934,0.3286375808549399,0.5899160485419979,0.6881815291540887,0.45097154940424417,-0.08270096378122581,-0.05788595935559579,0.020881218162426333,0.050150753143325795,-0.015523276953767779,0.1245743067355317,0.1473688396452686,0.1958367942678395,0.2140470905910452,0.17070054017808223
2007,1.0295139703133187,1.3872058786835322,2.4244423407749967,2.84268009585126,1.8906444800047306,2.598745786229979,2.692687145675073,2.995130822338206,3.105298775685183,2.8441437007492283,0.053801960500574106,0.0844890044744877,0.17530711179339156,0.20813634246414328,0.1316088120702055,-1.8148395613889647,-1.4171179848990232,-0.4339307113124412,-0.009199401102241496,-0.9616980938255382,1.1489921255295177,1.5198747543208937,2.5546043730956014,2.9554031667749436,2.030208689837078,-1.8001931120663892,-1.4951941048858575,-0.6255955256804832,-0.34320668855090825,-1.0662874537723548,-0.6657033170841123,-0.5382834680330526,-0.14093893361510954,0.010661144308984674,-0.33386149510042107,0.00021917502464725112,0.03475945055781158,0.15100841070357085,0.2084762941039545,0.08968406888063063,0.4009684275174928,0.45464662285494534,0.5707839630244194,0.6130648113144691,0.5130945869292682,1.5653450482930509,1.6469212209094741,1.8966396277613322,1.9805442230512431,1.7689841252720495,0.0126018331776489,0.022196927448751035,0.05394350075574404,0.06381327147399102,0.03780118456162096,-0.0002271436439858259,0.01794831730694526,0.0728344457225215,0.09188848380362868,0.04627779657603846,0.3033429561060197,0.33441594881504255,0.43452171935516226,0.4701638204241099,0.3853770885926833,-0.2952074331341936,-0.2500251775662101,-0.11251361848439415,-0.05383138620495776,-0.18443712857487274,0.15113280860273942,0.15899348483137415,0.18795240804617652,0.19980169499073663,0.17375550885261945,0.23462735375772015,0.3320182534519001,0.5959844750884228,0.6952608060623869,0.45561066327282074,-0.09553789483915925,-0.07081123533859507,0.00981995669941995,0.04045120545793602,-0.026478892226428963,0.11530167202750076,0.13639950372692383,0.18125976708443609,0.19811458786733985,0.15799451920944657
2008,1.1579994945709713,1.4935761744378486,2.495245984190818,2.9023650598336856,1.9754871267923013,2.633836160049356,2.7292440449379876,3.0359999167006335,3.1469601719317706,2.8825066556355257,0.06602334591405377,0.09677377744208035,0.19108299007155063,0.22560187681835994,0.14570679198326442,-1.7371305400625794,-1.3406252477834113,-0.3964672420709641,0.003382514328879205,-0.9141093529677634,1.2908778587416276,1.6367549941791453,2.6394428008680872,3.0547922311917524,2.1280074824585116,-1.7259942114355327,-1.4352664742809917,-0.6072924863752653,-0.3340503364102896,-1.0351823407717848,-0.6360391861800145,-0.5162101731324662,-0.13275350932441235,0.014287356558828988,-0.31956058979272306,0.0002108563642409441,0.0334401758568477,0.14527697442719353,0.20056369778415326,0.08628016228098707,0.4028792278892545,0.4568132247027517,0.5735040131178774,0.6159863492435934,0.5155397204115312,1.5928914128448675,1.6759031328456098,1.9300159920758373,2.015397109473094,1.80011405515828,0.012852852117243354,0.02263907337402189,0.05501801429411845,0.06508438334411677,0.03855415542945485,-0.00022853606525085753,0.01805834292003829,0.07328093072765403,0.09245177263977887,0.04656148572938895,0.30659664208068277,0.3365375508221437,0.43656113287565945,0.472333918076558,0.38757663265663433,-0.2946184561056848,-0.2492904102654271,-0.11170400195800782,-0.05281388886360513,-0.18407176717628998,0.15366822633637428,0.16166077398388026,0.1911055147266211,0.2031535863859491,0.17667044706183166,0.23225940948694876,0.3286674049320605,0.5899695838123117,0.6882439820815507,0.4510124753696606,-0.09831032896495971,-0.07373293410595788,0.007663302379417945,0.038695673630883595,-0.028920068014919253,0.12770431410279115,0.15107157390790774,0.20075731620291348,0.219425157610216,0.17498949800858304
2009,1.2971627107339565,1.6165263992254049,2.5649120690394667,2.962503469138962,2.0754412619900915,2.658856333733284,2.7553752375270752,3.0643569090870657,3.176426887369356,2.90995128048441,0.039258447526606954,0.06904254071469901,0.16034411546396488,0.19280991802150751,0.11712934914923886,-1.625768189039692,-1.2610354590790345,-0.35597212183601123,0.02822433626358173,-0.8429106272102025,1.3962506403867443,1.722085933133925,2.688558982186838,3.071435955299819,2.1886502788377187,-1.6371993912751701,-1.3619258883920515,-0.5712273345617075,-0.3209656955440134,-0.9818426629355687,-0.5868165098674251,-0.473545670803024,-0.11612265502142223,0.01873837106461016,-0.2906429280933688,0.0002034080041370021,0.03225892400031691,0.14014516242692385,0.19347891924188676,0.08323237322890517,0.40433893969026774,0.45846835013190596,0.5755819325486273,0.6182181906516621,0.5174076236482368,1.6120405675421743,1.6960502239089272,1.9532179344697198,2.0396254722570197,1.8217543642446716,0.012507085512333182,0.022030038471305934,0.05353792319543888,0.0633334874296313,0.03751697400805366,-0.00022960226765683607,0.01814259154245242,0.07362281245458586,0.09288309319444629,0.046778711697885944,0.30947678148243507,0.3383803604430985,0.43824623596169315,0.47352736080743285,0.38922951928655214,-0.2943309311528246,-0.24903037863653632,-0.11067410039982775,-0.05206314388462456,-0.18401309458072282,0.1556391628266027,0.1637342222566933,0.19355661891021525,0.2057592181816358,0.1789364082117763,0.22840034843574797,0.3232064955808558,0.5801670589229545,0.6768085980390218,0.4435187652928574,-0.09863048758420762,-0.07394589054678798,0.00774209770221869,0.03888916481426524,-0.028983513484723923,0.10633813015146137,0.12579581826401345,0.16716864868057657,0.18271317717331592,0.14571203913595027
2010,1.3147584962461007,1.6499499329229586,2.6171156715744295,3.0165394800703553,2.1171255481500895,2.6962177913402092,2.792015907455937,3.1054440872910667,3.2191598386304987,2.9492011203982607,0.09355551258497495,0.1254936292303027,0.21885925045045201,0.2539053928569379,0.1729390160240684,-1.6149812449036198,-1.2761188132940653,-0.3318066514577064,0.06605206272070253,-0.8336569033927859,1.4718030645942988,1.8056215119746741,2.7922723352526395,3.1913299885573796,2.2892201850063723,-1.6677324664544828,-1.4005696527385734,-0.5797667635085583,-0.3292940392968176,-1.0063895182459754,-0.5800198904361767,-0.4625962288338664,-0.10589238531898604,0.02669732535191912,-0.2819530455351187,0.00021852967939830814,0.03465710383144778,0.15056377719409672,0.20786245050506014,0.08942000052771888,0.40587682735234343,0.4602121169322546,0.577771136371683,0.6205695598485103,0.5193755637167399,1.6410312503477136,1.7265517230979797,1.98834429712363,2.0763057744149576,1.8545165068276883,0.01385474351594266,0.024403809533829174,0.0593067180613423,0.07015776964525042,0.04155948656969764,-0.00023073118785140156,0.018231795966185026,0.07398480487133723,0.0933397855464471,0.04700871566452981,0.3120121069575161,0.34041196698619086,0.439857955193472,0.4745539567338207,0.39122848363220464,-0.29377533965363484,-0.24867155858279133,-0.10945740565146792,-0.05136175422986506,-0.1835308999701187,0.15809803817086404,0.16632098791905633,0.19661453562804773,0.20900991845046837,0.18176334658867319,0.23286754398959691,0.3295279685117084,0.5915143257894904,0.6900460400161174,0.4521933801519594,-0.07883739136397597,-0.04937021658466079,0.03104396626671969,0.05947350505017249,-0.007452749795036459,0.13181581762381478,0.1559353979095697,0.20722079723907594,0.22648965902862064,0.1806233714000906
2011,1.3863098488378103,1.7068760075553833,2.66202753336415,3.0626248665437266,2.167739277309151,2.728112662950845,2.825359278112773,3.141303308114214,3.2560486139774634,2.9829203386579244,0.0894943761998226,0.11994112392180022,0.21295295380449053,0.24019316485640554,0.16549962813561286,-1.6069731961996634,-1.24702225372046,-0.33518414712835065,0.047601339540102344,-0.8248632743323939,1.5390796699765574,1.8604588531886066,2.8366952475723974,3.229198003818785,2.335092118129239,-1.639744937726363,-1.3663946499233612,-0.5719590388462729,-0.322131756624224,-0.9837739547843103,-0.588833350623021,-0.47494863229520606,-0.11646478396125097,0.01869857653101059,-0.29185243037015945,0.0002047728580069114,0.03247537918578389,0.14108552693273074,0.19477714962762568,0.08379085679097137,0.40746179289043305,0.4620092639886833,0.5800273561860185,0.6229929092492718,0.5214037464419938,1.665007092291645,1.751777038711103,2.0173944621267963,2.1066410767220267,1.8816114172023024,0.014530130408610217,0.025593439141287293,0.062197784213499474,0.07357779961424028,0.04358541598967344,-0.00023189950906633578,0.018324113759076402,0.0743594313703332,0.09381241715150587,0.04724674711710074,0.3138303173290248,0.3423250457480773,0.4417558458071112,0.4760982638425924,0.39303496462623466,-0.2927383145142301,-0.247845699323065,-0.1087746032356374,-0.05053962394001082,-0.18213774269963418,0.1609186867189459,0.16928834322919886,0.2001223622327756,0.21273889276180596,0.1850062111148968,0.2343924140754605,0.3316857932262653,0.5953876972576777,0.6945646197471607,0.4551544461150636,-0.04519294546264066,-0.0135627490284431,0.0669828540133411,0.09462594956166992,0.025368814137422684,0.10208904102870747,0.12076923332865476,0.16048887646940097,0.17541227228994874,0.13988963620611702
2012,1.393843879783335,1.724370425579335,2.6904839664857194,3.0796607716238524,2.1903247624524416,2.759685562752598,2.860142922645936,3.1785028226248158,3.2946017291391385,3.0178868390236593,0.13525388453927178,0.16950419460436758,0.2691459447185786,0.30079520535633714,0.2196107754261646,-1.6199549987374495,-1.2673927207226354,-0.3345986190147132,0.07023398501880052,-0.8354178825433358,1.5898769419594168,1.9175947189246216,2.9249118999732584,3.3106517794566925,2.403784451218738,-1.6820622093164024,-1.3982006170070238,-0.5803453107424577,-0.3284836809621882,-1.0054696012736724,-0.5875469344232425,-0.4702592042132302,-0.11893262648286003,0.014745306457138984,-0.2901173648948808,0.00021207771516168982,0.03363387259310551,0.14611846748394117,0.20172543012189253,0.08677992597568665,0.40893936954044235,0.46368464585876024,0.5821307064701948,0.6252520653024028,0.5232945102250345,1.6909232365740767,1.7790437733070514,2.048795581195362,2.1394313359037347,1.9108990479862464,0.014842318473281798,0.02614332864737691,0.06353413876328154,0.07515866022721533,0.0445218732879272,-0.00023298892029253158,0.018410196283871725,0.074708755090916,0.09425312658126228,0.04746870160470544,0.3153124860647688,0.3441053125124423,0.44323205585736253,0.47756130884499315,0.3945785629667149,-0.29230716934240414,-0.2475634057527567,-0.10807587436011654,-0.04973313156145347,-0.18071061607376065,0.1633429418954353,0.1718386880695684,0.203137224474483,0.21594382422460862,0.18779334711583445,0.23707992223385188,0.33548885263343164,0.6022143230258254,0.7025283931886491,0.46037317852194326,-0.03347173275334171,-0.0008088994085011709,0.08199569105476885,0.11131491349570591,0.03978990831468985,0.13021117047407313,0.15403713337417443,0.20469821483848855,0.22373250899641864,0.17842457019915253
2013,1.5454039536545698,1.8662205146756423,2.794984614653969,3.16581237001729,2.310136386017957,2.800778013073399,2.904253878856356,3.2270530712140615,3.344964447020425,3.063534336985218,0.16271794305720852,0.19955959652258942,0.30456099624464567,0.33782378122466755,0.2510321081192357,-1.506339546452716,-1.1686067710386907,-0.28578811359708683,0.08179798717492873,-0.7710880383996804,1.7843880740374487,2.094499695486097,3.0437274256394824,3.4214292108149738,2.555866850581439,-1.5643234362143041,-1.3054399480227776,-0.5522239309114281,-0.31038488441607753,-0.9495210414063261,-0.5493125485216145,-0.44100092583692485,-0.10528028757029786,0.0226073602000442,-0.2717860862207633,0.00020025576412630993,0.03175900330463382,0.13797331481364333,0.1904805515372955,0.08194251043225581,0.41051544502027715,0.465471712732598,0.5843742711667356,0.6276618221569377,0.5253113168905914,1.7258469173863211,1.81578746193,2.0911106203287604,2.183618331196435,1.950366024944647,0.015290251278727083,0.02693231956990549,0.06545156325926017,0.07742690622865299,0.04586551832838638,-0.00023415313948342743,0.018502189945179447,0.07508206626080156,0.09472409875723556,0.047705897319015464,0.3168053464757527,0.3463216024728493,0.4444802263174734,0.4791557063336169,0.39637084574430526,-0.2932959329957986,-0.24831474062409079,-0.10839221083124419,-0.049185145966866996,-0.18108678816802515,0.1659178973754872,0.17454757139440108,0.206339501250531,0.2193479855989426,0.19075374137996345,0.23353930623867541,0.33047857092486216,0.5932206906484433,0.692036643222847,0.45349784034793617,-0.0254017064043942,0.005875510453487272,0.09164656577144438,0.120914265926702,0.04778574054081195,0.14754338927485908,0.17454079131202116,0.23194529536770786,0.25351321663199633,0.20217440424847982
2014,1.5584130075779632,1.8958225460343234,2.824281999692423,3.2127827401074747,2.3466546302212103,2.8362805655687198,2.939407711191882,3.2646085502091404,3.3843229097421434,3.0993967618454312,0.1546973420945809,0.19059173908456217,0.29443171197048207,0.3277163295348009,0.2414723057702482,-1.5207787435119,-1.1867492137585771,-0.28529048281444636,0.09866954107774735,-0.7551064402167047,1.7969883122934625,2.1157071092093416,3.076838977145434,3.4568329177592805,2.5818293289283014,-1.6152895401544773,-1.3411430648770113,-0.5536270451701512,-0.3103592156863323,-0.9606071993727656,-0.5410410427281372,-0.4333702197868018,-0.1076114330508766,0.014704628306197941,-0.2683206591440406,0.0002034383737211545,0.03226374037964893,0.14016608662959684,0.19350780637612006,0.08324480013694993,0.4132017804778994,0.4685176716157577,0.5881983059118348,0.6317691224515044,0.5287488548297152,1.7503453011911037,1.8415625510773277,2.120793919605763,2.214614776722336,1.9780514557656281,0.01591017254279984,0.0280242517617208,0.06810520282943973,0.08056606886944546,0.0477250698544652,-0.00023613042301793273,0.018658429898278525,0.07571608950593779,0.0955239872456271,0.048108745153880236,0.318240306845508,0.3481897329281709,0.44617631481230474,0.4806620843433483,0.39780248230775955,-0.2938061410871809,-0.24867227168852407,-0.10831472760613663,-0.048835548959161,-0.18131621650909105,0.169019170611398,0.17781014716302737,0.2101963194893209,0.22344795340138807,0.1943192366167596,0.2378603952846925,0.33659329035160984,0.6041968276830029,0.7048411342810527,0.4618887385735101,-0.016055715160920917,0.015231927117481467,0.10293148229526236,0.13321567511498647,0.05693416188143162,0.13374286541194222,0.1582150557613306,0.21025020893011584,0.22980076693913282,0.18326394879524066
2015,1.603134910795493,1.9529579057427433,2.894118003383427,3.2783590078220897,2.420218566413692,2.8753800345074523,2.979635783255069,3.307336954468669,3.4294782447802743,3.141500368552931,0.10362325524079209,0.13442976732061482,0.23001863981380893,0.25985272608339066,0.18114240501530243,-1.5182771836268778,-1.1763410444249855,-0.2706602518467049,0.12391649694650747,-0.7325194520482451,1.7816803324302632,2.118864410081679,3.0820865505782904,3.46279655332934,2.5896579875608134,-1.655747177882021,-1.3221835619766618,-0.5484516498865952,-0.3070680157941677,-0.951931533811037,-0.5253476877207081,-0.4220361604628635,-0.10730005888124709,0.00787129432330127,-0.2605297042561704,0.00020255418981076064,0.03212351570319771,0.13955689674907495,0.19266678269998758,0.08288300156591961,0.41645627440270117,0.47220784912218616,0.5928311218957222,0.6367451144922882,0.5329134301464017,1.7793858109625111,1.8721164739077696,2.155980654762273,2.251358122175112,2.0108699074108083,0.016721644411041667,0.029453582076774752,0.07157879533940933,0.08467520711081386,0.05015920760454891,-0.00023852309046032557,0.01884749243911169,0.07648330713046388,0.09649191476351753,0.04859622248421697,0.3196015905786569,0.3503546545270855,0.4479545183058314,0.4819859148555837,0.3996713785141619,-0.2938027328422991,-0.2487617429412846,-0.10788551571901334,-0.048565541046340484,-0.18119054592365302,0.17157170144331962,0.18049543949537264,0.21337070843178296,0.2268224687792807,0.1972538495420599,0.24247884221848628,0.34312879723117823,0.6159282930363696,0.7185267727478343,0.4708570606258866,-0.04379154979421026,-0.012250309520073253,0.07026137019021157,0.09850035395425193,0.02803901559483081,0.1116678635159806,0.13210078308485193,0.17554724554987858,0.19187087549969142,0.15301521736081522
2016,1.8131152271728506,2.1226649356920535,2.998033763564676,3.3662555204503213,2.547066365526974,2.923311750324223,3.0331977252026445,3.3657231701449573,3.4917663290237093,3.1991143706302374,0.08585853122997733,0.11655346149928288,0.20978583346138252,0.244870624942553,0.16494688476509053,-1.3460009912479327,-1.0405028414268673,-0.21468361690337864,0.12978393247332168,-0.6408970845177593,1.980723295517027,2.271902648102959,3.1640395623418875,3.514541579009814,2.716356682157061,-1.4632070304238936,-1.217199607049145,-0.5094501179649186,-0.28235603975957296,-0.8749539861406842,-0.48322131624700115,-0.3889442092531633,-0.09202780499992985,0.018882338438159802,-0.23713326924799538,0.00018787959719925162,0.029796239695556243,0.12944631543830365,0.17870851035551572,0.07687831569131363,0.4188399389740292,0.4749106181508673,0.596224300553122,0.6403896430146604,0.5359636588044926,1.822120161193353,1.9170778760814937,2.2077594381064505,2.305427524041388,2.0591636604364494,0.017571107115851265,0.030949829627688316,0.07521501170673489,0.08897672367787883,0.05270730485596105,-0.0002402850177328154,0.01898671548406901,0.07704827559730419,0.09720468322492098,0.048955194060384635,0.32154744162330984,0.35249548896239175,0.4496752735672624,0.4836911025393728,0.4014343993703393,-0.2939201655410764,-0.24928157358180036,-0.10788905114342517,-0.04857241150662455,-0.1814043120926735,0.17380370392934755,0.1828435322535684,0.21614648058802413,0.22977323694176585,0.19981995501780417,0.2359957301887756,0.33395462593970865,0.5994603319990713,0.6993156551037089,0.4582678423415658,-0.08028440128498993,-0.05001048313599077,0.032102449611183165,0.061257753607246994,-0.007321617646408568,0.12534541885058456,0.14828104939870518,0.19704901955401866,0.21537203719578116,0.1717571726252275
2017,1.883750686282703,2.1837996992674613,3.0547295424928924,3.4192103863046657,2.615560590918717,2.9561284524891906,3.0686587947651267,3.4054467941481086,3.5321914149071287,3.2370553152248704,0.09523210689785847,0.12983204426907521,0.22873462970896705,0.26502852570899593,0.17983621593247281,-1.31958728981331,-1.0140391363940813,-0.19225770312953305,0.147349158416041,-0.6076443731685539,2.0407154993150103,2.3590360328294437,3.2400371118912825,3.5918500087218614,2.795702947421412,-1.4645330836450041,-1.205816392808106,-0.4957301101434459,-0.28146191817758576,-0.861355927618815,-0.46651570869863535,-0.3756917039580244,-0.08616653689490329,0.01867378989350165,-0.2275911824115683,0.0001875593394196475,0.0297454493079479,0.1292256624766293,0.1784038855235702,0.0767472696434722,0.4208919542094149,0.4772373394904778,0.5991453719090177,0.643527092865475,0.538589496245339,1.8488130390418067,1.9451618228277399,2.240101681090881,2.339200541100481,2.0893290717131716,0.01839436814364636,0.03239992542309713,0.07873906898070403,0.09314555996701676,0.05517680604799938,-0.00024181140246710072,0.01910732655230185,0.0775377164820684,0.09782216552146826,0.04926617666588705,0.3240755297499641,0.3547730752346195,0.45144670559872385,0.48559839937190197,0.403499305110407,-0.2937847539212333,-0.24967597380934983,-0.10784079552769492,-0.04853433913695292,-0.18171357298322843,0.17631698457276163,0.18548753292787595,0.21927205704883873,0.23309586249993625,0.20270944248993691,0.23749380362723377,0.3360745310514254,0.6032656364427524,0.7037548295208512,0.46117687328785584,-0.08684209234476781,-0.06153289314410802,0.020814079342344506,0.05145162909884403,-0.016722024677130215,0.14377861857389784,0.17008714509660203,0.22602689498041964,0.24704448133336102,0.19701564873025706
2018,1.9526220846007836,2.2475777738479787,3.1099073420990213,3.4763281018940373,2.674504509210677,2.994439842858313,3.1078573487453873,3.450113744712482,3.577238726748266,3.2782490029080917,0.07780693363901448,0.10855721866500721,0.20570868342502796,0.2407303364321461,0.1576673768560633,-1.2846797858206835,-0.990915143033397,-0.17790519082903294,0.15316523183043979,-0.5904240880863003,2.0911727758038863,2.4020531959825053,3.2742644734239175,3.6169686746807757,2.8345389592515025,-1.4349744057129143,-1.187215558126814,-0.48635556792686985,-0.2746406594975255,-0.8450118758714769,-0.45707712287546065,-0.36876251077134947,-0.0880076201737306,0.014430639652426941,-0.22503219906814498,0.0001819936762242598,0.028862778506505662,0.12539100131941247,0.17310990260251133,0.07446985996969713,0.42336234697878683,0.4800384471404591,0.6026620093257319,0.6473042253604309,0.5417507056338231,1.8783359277791254,1.9762232632539642,2.275872887424109,2.376554213889903,2.122692656033089,0.018565855860027243,0.032701984682666586,0.07947314057392273,0.09401394094346688,0.055691210478337506,-0.00024365526227235733,0.019253023699153705,0.07812895691719271,0.09856807889539501,0.04964184101416054,0.32610252646963,0.3571822959848294,0.45352445116978785,0.4870409316459896,0.40513568537516853,-0.2932911933965413,-0.2497279807758282,-0.10765380439862864,-0.04843827088052647,-0.1817408874613338,0.17947220499218405,0.18880686176542652,0.22319596530694386,0.23726714995034734,0.20633696013211866,0.23781780412240197,0.3365330201269761,0.6040886405040803,0.7047149257834031,0.461806033009176,-0.09155068365805154,-0.06617364480177544,0.01761417958059126,0.04794093390433389,-0.020047658877697317,0.1307964639843143,0.1547295235444787,0.20561832435187913,0.22473817682867006,0.17922658083022913
2019,1.8623974335200895,2.2192977637007023,3.1471007827225375,3.525081477155223,2.6832938283076055,3.032446894488101,3.1465502838156576,3.493414908767888,3.622699869629494,3.319847212682539,0.011634563067054297,0.04021160216640597,0.12896269945270472,0.16124724177374244,0.08652444785467953,-1.4361736468940938,-1.0784669464522123,-0.19115396180849867,0.16051634129133846,-0.6331439686043314,1.9329167533162641,2.2892577186132534,3.2407425828881062,3.598486594561116,2.773535011287806,-1.5814763047037135,-1.254380294602681,-0.5100448745420982,-0.27950460701390595,-0.8845935567555682,-0.4754432175754611,-0.3828666634775536,-0.09920434959102217,0.0030399176399529123,-0.23293367052816155,0.000191770958613455,0.030413379284783038,0.13212740697041503,0.18240992025820832,0.07847061903733824,0.425873649573004,0.4828859412698514,0.6062368824297202,0.6511439073538718,0.5449642648040847,1.908569131648658,2.008032036075721,2.3125047422318854,2.4148066089982074,2.1568589618962193,0.020103069814395854,0.03540964047665431,0.08605335005140562,0.1017980982165306,0.06030232598674232,-0.00024552880777789173,0.019401066535097773,0.07872971618140542,0.09932600129559829,0.05002355346826945,0.3275377088460472,0.35863335006196445,0.454857760152685,0.48772422140203797,0.4069908976317834,-0.2938441145469738,-0.2502909116811197,-0.10734378288344272,-0.04832922785075892,-0.18212221274422807,0.1820149957213715,0.19148190739561205,0.22635824122258916,0.24062878864677248,0.20926037498254368,0.24371743392553635,0.34488151296840386,0.6190744796022266,0.7221970364866269,0.47326221748477537,-0.0924599372047044,-0.06709552911338891,0.017072379682126007,0.047645107429490186,-0.020776646415244612,0.07867918821633897,0.09307585950519619,0.12368746332737146,0.13518880232282376,0.10781179748256492
2020,2.1074502523088685,2.4149786068063537,3.2456215415319054,3.5968047645665613,2.83235871121872,3.0707397813598702,3.185284519955117,3.537840593363871,3.6681413064440793,3.361723192475349,-0.014803297901152116,0.013057423757746418,0.0984964726185666,0.12987188398608282,0.057312380975353974,-1.225596840040739,-0.9316394968168868,-0.13723782606557622,0.17554132676672596,-0.5238191380177782,2.126973247777637,2.461627471448392,3.30151331038714,3.6388890199115287,2.879436140577813,-1.3858734926368044,-1.1048035233773166,-0.4476331411291243,-0.24182154419833524,-0.7810530420022957,-0.39464342288808474,-0.3177112857190984,-0.06990173735651611,0.01897084473350767,-0.18905651059744105,0.00017762425500754837,0.028169822358819707,0.12238053352230832,0.16895376873595758,0.07268193968088354,0.42947729106624044,0.48697200721031353,0.6113667146850017,0.6566537321691925,0.5495756227478038,1.9375391698879056,2.0385118148304455,2.347606091038166,2.451460790732057,2.1895977742172708,0.010020592798994137,0.017650318665323544,0.042894224007367164,0.050742364194019,0.030058347263592123,-0.00024822211040309827,0.019613884509101273,0.07959333358415419,0.10041554749778041,0.05057228161588513,0.32841797714814935,0.3596750427925124,0.45545419340293136,0.4876298592872637,0.40782574250590053,-0.29493864409509524,-0.25090455181901333,-0.10724586183056392,-0.04825147961770357,-0.1827075730602089,0.18517943409039395,0.19481093362410937,0.2302936131452724,0.24481226247796642,0.21289849038664188,0.23502626558172104,0.3325827486182346,0.596997763821497,0.6964428837351764,0.45638528941001055,-0.08707181795110716,-0.06114541786124409,0.021695451051154183,0.05244052121290955,-0.016518486130586266,0.05384961419057691,0.06370298472106393,0.08465418023983781,0.0925259272878269,0.07378855617657608
2021,1.9768647904646748,2.3539271926576344,3.264119948223619,3.633514825548823,2.8201124616322555,3.109530422469084,3.2254827967290036,3.5835891878541695,3.7138515273727912,3.4037891490983903,0.07386295342800003,0.10423506153840274,0.19656294143941438,0.22670405066240673,0.15058289640644465,-1.3730133900620332,-1.0254314772874824,-0.17022661487227073,0.16363030485532548,-0.58145907919057,2.134838998516057,2.492934651459119,3.409595779173198,3.7681234236730012,2.969788051864618,-1.5668810426673747,-1.1970249939452235,-0.4762081426459319,-0.25485491399617777,-0.8294732233178701,-0.4321302538051105,-0.3479352287977368,-0.08694044209943125,0.0031687750212984877,-0.2129920570751907,0.00018587666960808566,0.029478590991338875,0.1280663274000539,0.17680335294884092,0.07605873920745948,0.4342451335843493,0.4923781273694072,0.6181538027966804,0.6639435741446283,0.5556767369989156,1.9650243348151426,2.0674293377933375,2.3809083032458824,2.486236244665112,2.2206585428891907,0.0120566908324741,0.021236711191758448,0.051609960381548164,0.061052774967315475,0.03616594418731915,-0.00025179518923653846,0.019896220178019734,0.08073905446715954,0.10186099756961314,0.05130025362735121,0.32978232841684296,0.36129254221710055,0.45635420837478685,0.4880785339998096,0.4089903905342417,-0.2953252874025995,-0.2512358572512801,-0.10737515266741486,-0.04830614636443555,-0.1829494972886141,0.18859686136572584,0.19840610714524087,0.23454360817718947,0.24933019454335723,0.21682746398729094,0.2424749336085385,0.343123266205799,0.6159183646507371,0.7185151905377495,0.47084947069938293,-0.05542168046070753,-0.021636549127570407,0.06041213249872728,0.08910640373978676,0.018808862334867782,0.09606765497760994,0.11364605762204374,0.15102296835241294,0.1650661567919982,0.131638706472065
2022,2.2604769590718736,2.5645487737395447,3.3720470844536417,3.715373335628398,2.9701331613257618,3.1494405784387376,3.2667861950797783,3.6285744802593913,3.7611429279013473,3.4477112993868513,0.14326232650133233,0.17920297052417206,0.28196014566233685,0.31490969008899566,0.2300447141111177,-1.1231720009003427,-0.8482468047754033,-0.0996517239739897,0.202317519215097,-0.47570423051661814,2.512442166094385,2.7870332383870107,3.606754791483334,3.930338716772993,3.202387939835604,-1.2759051480367112,-1.0550813776920323,-0.435714889034191,-0.2370814408199129,-0.749981677371651,-0.3898677012948267,-0.3145587719350172,-0.06720071304622402,0.022859413898734075,-0.1886246517566751,0.00016834692164554492,0.026698509599421598,0.1159885854943881,0.16012929577609236,0.06888575439195478,0.4389178555379615,0.49767639304309863,0.624805485502241,0.6710879805522656,0.561656131325466,1.9938268940645203,2.0977329095815698,2.4158067272788983,2.5226785245270826,2.253208088521265,0.015310441309026089,0.026967882382983352,0.06553798885300828,0.07752914467812108,0.04592608150605097,-0.0002553175325095039,0.02017454685103513,0.08186850680590471,0.1032859231238096,0.05201788887611672,0.33137645428719864,0.3626889358151981,0.4568109363771474,0.4892276235963954,0.4097398901133137,-0.29566579150337713,-0.2515449961631385,-0.10740680687525465,-0.04829181958329537,-0.18316244344765154,0.1920732023899515,0.20206325862025082,0.23886686976898838,0.2539260121916076,0.22082416999172508,0.23972840136453144,0.33923668254835304,0.6089418099074728,0.7103765136475156,0.4655161224884816,-0.017609229725920935,0.014778495953539918,0.10378258023663403,0.13484819748733706,0.057246904744749125,0.12457862978284555,0.14737395372122106,0.19584359030587975,0.21405451857298036,0.17070646392376482
2023,1.8389077263550326,2.323063733964865,3.32748613727985,3.7063871636614953,2.8537934348656964,3.184671056724233,3.302974074194241,3.6693401482058547,3.803084567578391,3.4864262285574013,0.24099531403587607,0.28492635368022673,0.40896219246291754,0.44629765347994754,0.3440015145623644,-1.6030087820031496,-1.126518411711893,-0.19240972136343543,0.178328914539764,-0.6377750810299336,2.2305450217908485,2.64658265129307,3.668789312692832,4.048164466389993,3.202225392704789,-1.852492528210988,-1.3263424313089882,-0.5025955247287079,-0.28014134121676065,-0.8881725766513267,-0.4876531237379575,-0.38433282685577136,-0.10768683207202887,-0.007718972987299299,-0.2399476304634604,0.00019983652457464688,0.03169251517948652,0.1376844648477195,0.1900817765937855,0.08177096210511704,0.4418494884452361,0.5010004876831552,0.6289787044743856,0.6755703309115422,0.5654075612944022,2.0211668640611404,2.126497670945566,2.4489330150414217,2.5572702713718103,2.284104773544273,0.016777327511653978,0.029551662548638575,0.07181715283372135,0.08495717567568815,0.05032623784003422,-0.000257544499770346,0.020350516181844427,0.08258259205715547,0.10418681844048361,0.05247160677933561,0.33226010177290155,0.36340703331594765,0.4569472700564753,0.4891720278373244,0.41011711598711037,-0.2968425634885818,-0.25265743470684815,-0.10805584194052142,-0.04811036624552512,-0.1836913163066609,0.194945992893953,0.20508546787874668,0.24243954136843276,0.25772391959079816,0.22412698147564206,0.25476480265658796,0.3605145072147203,0.6471362556434074,0.754933213090957,0.49471452862566345,0.0014301313774631006,0.034275574643967056,0.12868804769531836,0.16298222464277082,0.07988120929472235,0.19225235708045196,0.22743057958301324,0.3022299404081929,0.33033342725883436,0.2634377992069717
2024,2.11742265152303,2.47494487640987,3.4318337510805312,3.8180127477603154,2.980772012084633,3.2305597570328626,3.3506861461659025,3.7249601000654313,3.8588812336670437,3.538480474888577,0.22636757310086086,0.2680053701027999,0.39028289931427357,0.4253345076297184,0.3260934327559487,-1.4012868672132817,-1.0333176653023097,-0.13374180975259542,0.2127953121557353,-0.5632181915071532,2.4361528227868514,2.779205290616445,3.7616766952449487,4.126935344351341,3.302535632769214,-1.6302179611858443,-1.2516458152568162,-0.48401661281691954,-0.2645284328759933,-0.858157001044919,-0.4451716491041921,-0.3561451107876745,-0.08621989391736479,0.008349558074072031,-0.21500215661043354,0.00019837120993463226,0.031460127698918414,0.13667488432947655,0.1886879892937125,0.08117137107361894,0.44399718524239945,0.5034356996069271,0.6320359798235933,0.6788540740727321,0.568155836533459,2.0621253565918116,2.169590668619646,2.498560092542161,2.6090927790387086,2.3303916437527556,0.018418587811707115,0.03244258605883153,0.07884274387180293,0.0932682037309187,0.0552494567591681,-0.00025918746834572247,0.02048033941087582,0.0831094159797942,0.1048514634584079,0.05280634194593724,0.33184038366978014,0.3625796859295998,0.4550805921970354,0.48719918884841373,0.4089875844278654,-0.2975792314915849,-0.25333789191247896,-0.10874186135960597,-0.04798298277148226,-0.18409298147077813,0.19765658043618875,0.20793703772162167,0.24581049345020298,0.2613073902505875,0.22724331023340863,0.25558022565585947,0.36166840217072865,0.6492075377868256,0.7573495198117015,0.4962979561655301,0.006514204585642745,0.04378897120806321,0.13813866135442965,0.17384417176277303,0.08890972891274598,0.17264470417471095,0.20423512995453813,0.2714057681627168,0.29664300450815456,0.23657000415080484
